population,profile_id,rotor_position,rotor_present,s2_coupling_interval_ms,apd90_0d_ms,erp_1d_ms,cv_1d_cm_s,vw_any_duration_ms,vw_sustained_duration_ms,df_baseline_hz,area_baseline_cm2,df_baseline_interval_0p5hz,df_baseline_subgroup
pAF,11,i,1,205,167.914761979424,198,70.9459459459459,28,26,5.2490234375,0.9666,5.0-5.5,mid
pAF,19,i,0,NaN,232.869563272674,236,77.7777777777778,0,0,NaN,NaN,,
pAF,23,i,1,250,177.351908240176,245,64.3513789581205,36,36,5.126953125,0.6327,5.0-5.5,mid
pAF,37,i,1,192,179.330224472258,189,85.8310626702997,15,15,5.7373046875,1.4031,5.5-6.0,mid
pAF,49,i,0,NaN,244.853919152731,282,77.8739184177997,0,0,NaN,NaN,,
pAF,73,i,1,192,178.737184183236,189,78.1637717121588,14,14,5.7373046875,1.3833,5.5-6.0,mid
pAF,85,i,1,178,168.690775783412,176,83.1134564643799,17,17,6.591796875,1.0233,6.5-7.3,high
pAF,99,i,0,NaN,209.190639863438,256,79.2452830188679,2,0,NaN,NaN,,
pAF,117,i,0,NaN,214.879282947542,241,87.0165745856354,12,0,NaN,NaN,,
pAF,119,i,0,NaN,240.047028689616,272,86.1833105335157,2,0,NaN,NaN,,
pAF,127,i,0,NaN,225.16790045044,264,60.1145038167939,17,0,NaN,NaN,,
pAF,137,i,1,198,188.635144389154,195,69.3832599118943,22,22,6.34765625,1.0368,6.0-6.5,mid
pAF,151,i,1,203,168.4576654599,195,64.8815653964984,35,33,5.2490234375,0.9009,5.0-5.5,mid
pAF,184,i,0,NaN,234.625842909714,261,80.1526717557252,14,0,NaN,NaN,,
pAF,205,i,1,212,182.913023072055,203,68.4782608695652,33,15,5.0048828125,1.179,5.0-5.5,mid
pAF,209,i,1,187,170.603070962199,184,74.2924528301887,15,15,6.34765625,1.1025,6.0-6.5,mid
pAF,212,i,1,217,181.36520834994,197,77.9702970297029,23,1,5.2490234375,1.2213,5.0-5.5,mid
pAF,229,i,0,NaN,221.266460574581,227,84.6774193548387,2,0,NaN,NaN,,
pAF,232,i,1,179,170.923202975224,178,68.3297180043384,24,24,7.080078125,0.8253,6.5-7.3,high
pAF,236,i,0,NaN,197.065376250532,237,69.5364238410596,11,0,NaN,NaN,,
pAF,241,i,1,222,213.792275961641,222,71.6723549488055,7,7,5.859375,1.2339,5.5-6.0,mid
pAF,250,i,0,NaN,227.41721117877,238,78.5536159600997,7,0,NaN,NaN,,
pAF,258,i,0,NaN,233.640431329652,248,79.9492385786802,9,0,NaN,NaN,,
pAF,267,i,1,195,190.599863206786,191,83.5543766578249,19,19,6.2255859375,1.17,6.0-6.5,mid
pAF,277,i,0,NaN,210.44714933075,231,85.2503382949932,14,0,NaN,NaN,,
pAF,280,i,0,NaN,205.845039386484,236,77.2058823529411,25,0,NaN,NaN,,
pAF,289,i,1,193,169.210952478323,185,87.9888268156424,22,9,5.7373046875,1.1664,5.5-6.0,mid
pAF,299,i,0,NaN,236.850602716797,289,70.7070707070707,1,0,NaN,NaN,,
pAF,309,i,1,176,163.110013951991,172,66.8789808917197,36,36,6.9580078125,0.8685,6.5-7.3,high
pAF,312,i,1,193,183.45784454274,191,78.0669144981413,10,10,7.080078125,1.0188,6.5-7.3,high
pAF,333,i,0,NaN,229.589761944371,246,83.00395256917,1,0,NaN,NaN,,
pAF,367,i,0,NaN,204.801079408484,209,79.8479087452472,8,3,NaN,NaN,,
pAF,377,i,1,182,164.772360662566,180,86.3013698630137,12,12,6.4697265625,1.0656,6.0-6.5,mid
pAF,380,i,0,NaN,221.2083409279,236,78.6516853932584,5,0,NaN,NaN,,
pAF,383,i,1,227,169.39802079332,223,80.4597701149425,31,27,6.2255859375,0.5958,6.0-6.5,mid
pAF,384,i,0,NaN,227.301112218382,298,65.0826446280992,1,0,NaN,NaN,,
pAF,387,i,0,NaN,212.488870963127,269,65.8995815899581,24,0,NaN,NaN,,
pAF,464,i,1,194,168.107657613124,190,84.9056603773585,18,18,5.7373046875,1.0728,5.5-6.0,mid
pAF,469,i,0,NaN,218.92443632373,238,88.6075949367088,11,0,NaN,NaN,,
pAF,475,i,1,253,218.950309064647,250,64.8815653964984,7,7,4.2724609375,0.9954,4.1-4.5,low
pAF,476,i,1,202,172.10074129729,190,80.9768637532134,25,7,5.615234375,1.2942,5.5-6.0,mid
pAF,508,i,0,NaN,177.750749415245,217,81.6062176165803,16,0,NaN,NaN,,
pAF,509,i,1,214,184.036849569988,211,60.9874152952566,21,21,5.126953125,1.0269,5.0-5.5,mid
pAF,516,i,0,NaN,227.465982155016,301,73.3410942956927,10,0,NaN,NaN,,
pAF,522,i,1,180,166.215734422112,177,80.8729139922978,20,20,6.4697265625,1.0989,6.0-6.5,mid
pAF,526,i,1,222,220.574804260585,218,77.5862068965517,11,11,5.615234375,1.2645,5.5-6.0,mid
pAF,527,i,1,185,180.932722244266,184,80.1526717557252,16,16,7.080078125,1.1106,6.5-7.3,high
pAF,531,i,1,225,221.613576714299,222,82.4607329842932,6,1,5.9814453125,1.1412,5.5-6.0,mid
pAF,542,i,0,NaN,216.129435835792,231,85.5978260869565,12,0,NaN,NaN,,
pAF,575,i,0,NaN,207.044687000729,234,69.1547749725576,20,0,NaN,NaN,,
pAF,581,i,0,NaN,212.874959464054,218,85.3658536585366,8,0,NaN,NaN,,
pAF,599,i,1,214,204.499183475084,212,71.753986332574,16,16,6.2255859375,1.053,6.0-6.5,mid
pAF,609,i,1,187,176.49247188431,184,76.6423357664233,20,20,6.4697265625,1.2285,6.0-6.5,mid
pAF,613,i,0,NaN,240.801432571468,234,83.8881491344873,2,0,NaN,NaN,,
pAF,631,i,0,NaN,237.841649003974,274,72.1649484536082,3,0,NaN,NaN,,
pAF,633,i,0,NaN,219.695476841523,253,77.970297029703,2,0,NaN,NaN,,
pAF,666,i,1,206,194.378677692759,203,76.4563106796116,16,16,5.7373046875,1.1835,5.5-6.0,mid
pAF,682,i,0,NaN,199.443114022455,231,84.6774193548387,12,0,NaN,NaN,,
pAF,683,i,1,191,165.130121357506,186,64.7482014388489,34,34,5.7373046875,0.9747,5.5-6.0,mid
pAF,702,i,1,199,160.6728247848,195,66.5258711721225,38,37,5.2490234375,1.1034,5.0-5.5,mid
pAF,726,i,0,NaN,239.394175844187,295,62.3762376237624,7,0,NaN,NaN,,
pAF,738,i,1,185,184.452100212009,184,85.5978260869565,6,6,6.7138671875,1.4958,6.5-7.3,high
pAF,747,i,1,241,219.020072398533,229,79.145728643216,19,3,5.2490234375,1.359,5.0-5.5,mid
pAF,752,i,1,181,177.170434401814,179,85.3658536585366,16,16,6.591796875,1.1439,6.5-7.3,high
pAF,754,i,0,NaN,224.352420641437,250,85.2503382949932,14,0,NaN,NaN,,
pAF,760,i,1,197,177.426468148151,193,75.9951749095295,29,29,5.859375,1.3266,5.5-6.0,mid
pAF,779,i,1,227,211.031998350169,223,80.7692307692307,5,1,5.37109375,1.4076,5.0-5.5,mid
pAF,786,i,1,199,176.575671852464,192,86.1833105335157,25,23,5.9814453125,1.3527,5.5-6.0,mid
pAF,789,i,1,213,202.161443790996,210,82.03125,11,1,5.7373046875,1.4004,5.5-6.0,mid
pAF,796,i,1,179,174.247089300305,178,83.8881491344873,10,10,7.080078125,1.0881,6.5-7.3,high
pAF,807,i,1,207,188.306424187016,201,75.4491017964072,29,11,5.615234375,1.3734,5.5-6.0,mid
pAF,814,i,0,NaN,192.034402550278,197,85.9481582537517,16,1,NaN,NaN,,
pAF,820,i,0,NaN,232.224874024658,239,86.6574965612104,3,0,NaN,NaN,,
pAF,821,i,1,221,172.076549504302,218,59.6590909090909,25,25,4.5166015625,0.9036,4.5-5.0,low
pAF,826,i,1,184,164.859050767736,180,72.8323699421966,29,29,6.2255859375,0.9702,6.0-6.5,mid
pAF,829,i,1,209,194.168363806435,208,85.7142857142857,7,7,5.615234375,1.0908,5.5-6.0,mid
pAF,841,i,1,207,205.100829556693,208,79.4451450189156,1,1,6.34765625,1.1817,6.0-6.5,mid
pAF,848,i,1,243,190.331571007526,233,84.7913862718708,22,15,4.39453125,0.9639,4.1-4.5,low
pAF,850,i,1,241,178.905320333324,233,73.943661971831,23,15,4.39453125,0.8901,4.1-4.5,low
pAF,856,i,1,190,186.644768196107,189,65.0826446280992,26,26,6.591796875,0.9261,6.5-7.3,high
pAF,865,i,1,219,178.786315304882,211,79.746835443038,32,17,5.0048828125,1.1655,5.0-5.5,mid
pAF,874,i,0,NaN,186.397865192434,193,78.0669144981412,2,2,NaN,NaN,,mid
pAF,875,i,0,NaN,163.070825246432,200,62.5,30,28,NaN,NaN,,
pAF,877,i,0,NaN,192.500034269142,201,86.8965517241379,13,5,NaN,NaN,,
pAF,884,i,1,190,192.493484778948,192,76.0869565217391,7,7,7.2021484375,1.1943,6.5-7.3,high
pAF,889,i,1,233,176.313667807663,225,83.5543766578249,25,13,4.638671875,0.9963,4.5-5.0,low
pAF,907,i,0,NaN,210.779840101641,215,86.1833105335157,6,1,NaN,NaN,,
pAF,923,i,0,NaN,211.965888417355,272,59.0994371482176,7,0,NaN,NaN,,
pAF,937,i,1,233,204.008316693908,230,63.1895687061183,16,16,4.7607421875,1.0071,4.5-5.0,low
pAF,972,i,1,212,196.07581528039,210,67.4518201284796,14,14,5.2490234375,1.206,5.0-5.5,mid
pAF,974,i,1,188,177.871793378028,185,81.2903225806451,18,18,6.4697265625,1.2366,6.0-6.5,mid
pAF,975,i,0,NaN,237.416265868473,256,75.7211538461538,0,0,NaN,NaN,,
pAF,988,i,1,179,164.15947095133,177,79.646017699115,18,18,6.8359375,0.9576,6.5-7.3,high
pAF,1003,i,1,193,174.737608074698,189,86.3013698630137,23,23,5.7373046875,1.1772,5.5-6.0,mid
pAF,1017,i,1,196,176.713842390702,190,79.9492385786802,18,13,5.9814453125,1.2933,5.5-6.0,mid
pAF,1037,i,1,227,217.514996776816,227,65.6934306569343,3,3,5.37109375,1.1592,5.0-5.5,mid
pAF,1038,i,1,185,179.771896525504,183,82.03125,17,17,6.591796875,1.08,6.5-7.3,high
pAF,1040,i,0,NaN,219.698918544316,288,84.4504021447721,28,0,NaN,NaN,,
pAF,1059,i,0,NaN,234.060845519984,234,82.4607329842932,3,0,NaN,NaN,,
pAF,1089,i,0,NaN,216.775488812527,246,86.896551724138,3,0,NaN,NaN,,
pAF,1109,i,0,NaN,163.917816645167,205,83.554376657825,31,0,NaN,NaN,,
pAF,1110,i,1,240,198.851260728334,233,76.0869565217391,16,12,4.8828125,1.152,4.5-5.0,low
pAF,1125,i,0,NaN,185.340771250485,234,76.0869565217391,18,0,NaN,NaN,,
pAF,1135,i,1,203,191.039507566005,201,75.8122743682311,15,15,6.34765625,1.2096,6.0-6.5,mid
pAF,1137,i,1,218,188.72955789906,215,75.1789976133652,21,21,5.37109375,1.3185,5.0-5.5,mid
pAF,1140,i,1,205,162.804375267515,201,71.3476783691959,35,33,5.37109375,1.0908,5.0-5.5,mid
pAF,1141,i,1,210,178.808036225193,201,71.4285714285714,32,7,5.2490234375,1.4067,5.0-5.5,mid
pAF,1147,i,1,207,183.777109008442,200,78.9473684210526,27,25,5.37109375,1.2555,5.0-5.5,mid
pAF,1173,i,1,229,189.436115059609,223,79.2452830188679,17,1,4.8828125,1.278,4.5-5.0,low
pAF,1176,i,1,185,161.215743792884,181,80.7692307692308,31,31,6.103515625,1.2555,6.0-6.5,mid
pAF,1182,i,0,NaN,236.298584956479,295,85.9481582537517,17,0,NaN,NaN,,
pAF,1184,i,0,NaN,227.067937728942,232,74.5562130177515,4,4,NaN,NaN,,mid
pAF,1198,i,1,187,163.226797826959,184,63.12625250501,31,31,5.859375,0.918,5.5-6.0,mid
pAF,1210,i,1,199,170.16951278635,192,57.6923076923077,41,41,5.126953125,1.071,5.0-5.5,mid
pAF,1213,i,1,205,203.211399122869,203,83.5543766578249,17,3,5.9814453125,1.4805,5.5-6.0,mid
pAF,1226,i,0,NaN,230.547504680384,256,88.2352941176471,11,0,NaN,NaN,,
pAF,1241,i,0,NaN,212.546354602113,225,82.1382007822686,10,3,NaN,NaN,,
pAF,1246,i,1,177,164.597771638124,172,85.3658536585366,25,23,6.8359375,1.2366,6.5-7.3,high
pAF,1255,i,1,264,235.537404389681,258,62.3762376237624,5,1,4.5166015625,1.2393,4.5-5.0,low
pAF,1260,i,1,201,181.337033036478,197,78.9473684210526,24,24,5.7373046875,1.3077,5.5-6.0,mid
pAF,1273,i,0,NaN,234.103182244406,251,88.35904628331,7,0,NaN,NaN,,
pAF,1278,i,0,NaN,234.574485233985,281,81.0810810810811,23,0,NaN,NaN,,
pAF,1282,i,1,187,185.625420388191,186,80.0508259212198,15,15,7.080078125,1.0368,6.5-7.3,high
pAF,1324,i,1,196,188.988272264593,194,77.7777777777778,14,14,6.34765625,0.8829,6.0-6.5,mid
pAF,1325,i,0,NaN,233.748360914433,278,64.2857142857142,11,0,NaN,NaN,,
pAF,1336,i,0,NaN,197.830746301915,243,68.7022900763359,29,0,NaN,NaN,,
pAF,1342,i,1,214,167.655658641212,208,75.7211538461538,30,7,5.859375,0.7101,5.5-6.0,mid
pAF,1345,i,0,NaN,206.880223900946,240,79.3450881612091,17,0,NaN,NaN,,
pAF,1346,i,1,223,206.745859913761,219,79.746835443038,16,14,5.37109375,1.4463,5.0-5.5,mid
pAF,1350,i,1,199,194.460195570769,199,72.3306544202067,6,6,6.34765625,0.8442,6.0-6.5,mid
pAF,1356,i,1,213,180.242733435342,204,85.4816824966079,29,11,5.2490234375,1.2312,5.0-5.5,mid
pAF,1450,i,1,250,207.36275829807,240,84.4504021447721,15,3,4.5166015625,1.0944,4.5-5.0,low
pAF,1461,i,0,NaN,230.203355450329,241,72.0823798627002,0,0,NaN,NaN,,
pAF,1466,i,0,NaN,230.45830288437,245,82.8947368421053,5,0,NaN,NaN,,
pAF,1476,i,1,181,163.7437475837,174,77.5862068965517,21,19,6.103515625,1.2843,6.0-6.5,mid
pAF,1510,i,1,187,171.918640463402,184,81.1855670103093,20,20,6.2255859375,1.2735,6.0-6.5,mid
pAF,1523,i,0,NaN,233.910030742256,252,89.2351274787536,10,0,NaN,NaN,,
pAF,1527,i,1,226,215.37304394535,225,77.2058823529412,3,3,5.37109375,1.242,5.0-5.5,mid
pAF,1532,i,0,NaN,201.942262819859,259,84.6774193548387,12,0,NaN,NaN,,
pAF,1544,i,1,186,175.565998396509,184,77.9702970297029,10,10,6.591796875,1.1358,6.5-7.3,high
pAF,1551,i,1,196,172.658388965807,193,72.9166666666667,21,21,5.859375,1.1583,5.5-6.0,mid
pAF,1557,i,0,NaN,231.601545070196,266,85.3658536585366,4,0,NaN,NaN,,
pAF,1561,i,0,NaN,164.255768536808,175,76.3636363636364,0,0,NaN,NaN,,
pAF,1604,i,1,209,190.576548749879,198,86.8965517241379,19,1,5.9814453125,1.4328,5.5-6.0,mid
pAF,1609,i,1,219,171.11409005164,214,68.1818181818182,30,15,4.638671875,1.0935,4.5-5.0,low
pAF,1612,i,0,NaN,243.500127957937,260,83.5543766578249,0,0,NaN,NaN,,
pAF,1628,i,0,NaN,228.595006265736,250,79.9492385786802,1,0,NaN,NaN,,
pAF,1643,i,1,223,219.41465692909,222,74.6445497630332,6,6,5.9814453125,1.197,5.5-6.0,mid
pAF,1655,i,1,175,163.070323620792,173,77.7777777777778,24,24,6.9580078125,1.0278,6.5-7.3,high
pAF,1660,i,1,224,193.059217861482,221,83.223249669749,10,10,5.0048828125,1.1961,5.0-5.5,mid
pAF,1672,i,0,NaN,240.140078618264,247,80.1526717557252,7,0,NaN,NaN,,
pAF,1674,i,0,NaN,218.324749659027,236,79.2452830188679,0,0,NaN,NaN,,
pAF,1696,i,0,NaN,235.614753315815,234,81.0810810810811,0,0,NaN,NaN,,
pAF,1708,i,0,NaN,235.11191596857,249,86.1833105335157,4,0,NaN,NaN,,
pAF,1709,i,0,NaN,212.231416547351,233,85.5978260869565,6,0,NaN,NaN,,
pAF,1710,i,1,222,188.196595984089,218,74.3801652892562,22,22,4.8828125,1.071,4.5-5.0,mid
pAF,1713,i,1,219,194.50322934935,215,71.4285714285714,24,24,5.4931640625,1.1583,5.0-5.5,mid
pAF,1715,i,1,217,197.923696133272,216,85.1351351351351,4,4,5.37109375,1.3473,5.0-5.5,mid
pAF,1721,i,0,NaN,229.573134314582,251,84.3373493975904,1,0,NaN,NaN,,
pAF,1722,i,0,NaN,221.406675287006,234,78.5536159600997,7,0,NaN,NaN,,
pAF,1733,i,1,235,228.981612905118,233,83.223249669749,5,1,5.9814453125,1.3779,5.5-6.0,mid
pAF,1747,i,0,NaN,164.053317589322,175,78.1637717121588,0,0,NaN,NaN,,
pAF,1760,i,0,NaN,221.584002876261,240,85.5978260869565,0,0,NaN,NaN,,
pAF,1766,i,1,189,177.78510774544,186,74.468085106383,23,23,6.103515625,1.1682,6.0-6.5,mid
pAF,1774,i,1,193,174.603709911295,188,81.6062176165803,23,21,5.859375,1.3779,5.5-6.0,mid
pAF,1783,i,0,NaN,232.148362365071,295,82.2454308093995,10,0,NaN,NaN,,
pAF,1789,i,1,207,196.298413426521,207,86.3013698630137,1,1,6.2255859375,1.1493,6.0-6.5,mid
pAF,1795,i,1,206,186.259984068893,200,82.6771653543307,22,20,5.615234375,1.3221,5.5-6.0,mid
pAF,1800,i,1,184,162.193206947624,179,65.5567117585848,37,37,5.9814453125,1.2204,5.5-6.0,mid
pAF,1810,i,1,192,167.746487514312,189,84.1121495327103,17,17,6.103515625,0.8748,6.0-6.5,mid
pAF,1811,i,1,210,173.347077379396,204,75.1789976133651,33,31,5.2490234375,1.197,5.0-5.5,mid
pAF,1824,i,0,NaN,201.82402354123,200,76.73568818514,7,7,NaN,NaN,,mid
pAF,1831,i,0,NaN,213.710939883262,274,74.910820451843,20,0,NaN,NaN,,
pAF,1840,i,1,199,178.607372152605,196,63,34,34,5.859375,1.143,5.5-6.0,mid
pAF,1862,i,0,NaN,178.276006051317,198,81.924577373212,13,11,NaN,NaN,,
pAF,1870,i,0,NaN,216.372193604861,255,73.8569753810082,9,0,NaN,NaN,,
pAF,1872,i,1,191,184.871990549327,188,80.4597701149425,18,18,6.34765625,1.0962,6.0-6.5,mid
pAF,1873,i,0,NaN,215.542598512955,253,59.4900849858357,15,0,NaN,NaN,,
pAF,1881,i,1,189,168.447117117226,184,59.6026490066225,40,40,5.859375,1.0917,5.5-6.0,mid
pAF,1886,i,1,210,188.162116606822,204,82.7858081471747,16,14,5.7373046875,1.2141,5.5-6.0,mid
pAF,1892,i,0,NaN,203.530735424269,220,80.2547770700637,20,0,NaN,NaN,,
pAF,1919,i,0,NaN,241.114163252707,240,85.0202429149798,0,0,NaN,NaN,,
pAF,1937,i,0,NaN,222.416625879407,231,76.2711864406779,1,0,NaN,NaN,,
pAF,1957,i,1,186,164.343994031566,182,71.0259301014656,35,35,5.859375,1.2231,5.5-6.0,mid
pAF,1960,i,1,189,177.998134267844,187,67.0926517571885,17,17,6.103515625,1.1232,6.0-6.5,mid
pAF,1982,i,1,196,175.895715011757,189,81.1855670103093,28,26,5.7373046875,1.3572,5.5-6.0,mid
pAF,1986,i,1,193,182.943100699275,190,85.5978260869565,22,22,6.34765625,1.2483,6.0-6.5,mid
pAF,1988,i,1,255,175.017887860617,248,66.9500531349628,32,31,4.638671875,0.7272,4.5-5.0,low
pAF,1992,i,1,231,222.821278020099,227,83.3333333333333,3,1,5.37109375,1.2897,5.0-5.5,mid
pAF,2036,i,1,192,173.934817713503,189,70.1559020044544,16,9,5.9814453125,1.1754,5.5-6.0,mid
pAF,2054,i,1,211,208.9793203917,211,82.5688073394495,1,1,6.2255859375,1.2861,6.0-6.5,mid
pAF,2062,i,1,245,196.881854821273,220,78.1637717121588,24,1,4.638671875,1.2384,4.5-5.0,low
pAF,2070,i,1,210,164.1072261546,206,54.3572044866264,45,45,4.7607421875,0.9162,4.5-5.0,low
pAF,2079,i,1,236,213.922434413384,233,57.9044117647058,22,22,4.638671875,1.0044,4.5-5.0,low
pAF,2080,i,1,200,177.981612991942,196,87.0165745856353,21,21,5.859375,1.1907,5.5-6.0,mid
pAF,2110,i,1,179,167.286776393281,178,73.0858468677494,22,22,6.9580078125,0.5265,6.5-7.3,high
pAF,2116,i,1,188,160.940868582627,180,78.3582089552238,28,26,5.859375,1.1916,5.5-6.0,mid
pAF,2125,i,1,263,210.894512833314,259,65.4205607476635,11,11,4.8828125,0.7803,4.5-5.0,mid
pAF,2128,i,1,190,183.402806225444,188,76.3636363636363,18,18,6.7138671875,1.0188,6.5-7.3,high
pAF,2155,i,0,NaN,221.08167161551,286,60.6936416184971,19,0,NaN,NaN,,
pAF,2163,i,0,NaN,187.393992488287,224,80.6658130601792,24,0,NaN,NaN,,
pAF,2178,i,1,192,180.667970166709,191,81.3953488372093,10,10,6.34765625,1.1601,6.0-6.5,mid
pAF,2184,i,1,222,191.620007190933,214,81.2903225806452,20,3,5.0048828125,1.2555,5.0-5.5,mid
pAF,2198,i,1,198,175.159516474931,194,75.7211538461538,28,28,5.859375,1.2825,5.5-6.0,mid
pAF,2200,i,0,NaN,241.207096429112,290,67.0212765957447,0,0,NaN,NaN,,
pAF,2274,i,0,NaN,182.472890324614,238,86.0655737704918,31,0,NaN,NaN,,
pAF,2275,i,0,NaN,231.479571852578,255,84.9056603773585,0,0,NaN,NaN,,
pAF,2280,i,0,NaN,182.289120730937,216,53.3898305084746,36,1,NaN,NaN,,
pAF,2288,i,1,190,179.467561952442,189,84.9056603773585,14,14,6.34765625,1.3392,6.0-6.5,mid
pAF,2305,i,0,NaN,221.851663253328,258,67.2358591248666,4,0,NaN,NaN,,
pAF,2306,i,1,208,205.617876594202,209,79.0464240903388,4,4,6.103515625,1.0935,6.0-6.5,mid
pAF,2313,i,1,188,181.320959907142,187,72.7482678983833,18,18,6.591796875,0.9396,6.5-7.3,high
pAF,2321,i,0,NaN,189.523051457014,263,79.646017699115,27,0,NaN,NaN,,
pAF,2327,i,1,201,178.25251685339,199,83.7765957446808,17,17,5.9814453125,1.1097,5.5-6.0,mid
pAF,2329,i,1,223,209.844230915856,220,81.3953488372093,10,5,5.4931640625,1.3014,5.0-5.5,mid
pAF,2360,i,1,188,172.349175523486,186,83.6653386454183,8,8,6.2255859375,1.1601,6.0-6.5,mid
pAF,2385,i,1,210,211.874639775204,209,82.6771653543307,4,4,6.103515625,1.2321,6.0-6.5,mid
pAF,2396,i,0,NaN,241.913177875074,311,54.9738219895288,0,0,NaN,NaN,,
pAF,2400,i,1,234,220.846359315219,233,70.548712206047,2,2,5.126953125,1.3068,5.0-5.5,mid
pAF,2421,i,1,223,164.164253680538,192,82.3529411764706,26,1,5.615234375,0.5922,5.5-6.0,mid
pAF,2433,i,0,NaN,232.515940560108,251,69.6902654867257,13,0,NaN,NaN,,
pAF,2450,i,0,NaN,203.25214073719,252,66.2460567823343,25,0,NaN,NaN,,
pAF,2481,i,1,196,185.918449029567,192,77.6818742293465,21,21,5.9814453125,1.3842,5.5-6.0,mid
pAF,2487,i,1,191,161.692730821953,186,70.548712206047,34,34,5.859375,1.0449,5.5-6.0,mid
pAF,2497,i,0,NaN,221.114773532172,252,85.1351351351351,14,0,NaN,NaN,,
pAF,2512,i,1,207,174.235026591115,204,58.933582787652,27,27,5.126953125,0.8739,5.0-5.5,mid
pAF,2515,i,0,NaN,207.945536244406,266,83.3333333333333,31,0,NaN,NaN,,
pAF,2536,i,1,246,204.303006620154,239,74.3801652892562,11,3,4.39453125,0.9783,4.1-4.5,low
pAF,2552,i,1,197,162.621575091121,191,86.3013698630137,28,26,5.859375,1.0044,5.5-6.0,mid
pAF,2582,i,1,195,172.051200217451,191,72,29,29,5.9814453125,1.1133,5.5-6.0,mid
pAF,2599,i,0,NaN,231.577897266332,281,84.4504021447721,15,0,NaN,NaN,,
pAF,2603,i,1,236,209.479688698164,224,80.2547770700637,10,1,5.615234375,1.1691,5.5-6.0,mid
pAF,2605,i,1,180,161.229916205535,178,64.8148148148148,36,36,6.34765625,1.2465,6.0-6.5,mid
pAF,2634,i,0,NaN,219.987616742779,269,77.6818742293465,0,0,NaN,NaN,,
pAF,2642,i,1,215,208.256266141965,213,83.223249669749,9,5,5.859375,1.2978,5.5-6.0,mid
pAF,2643,i,0,NaN,239.797724475924,263,88.35904628331,6,0,NaN,NaN,,
pAF,2672,i,0,NaN,225.154543416429,229,86.3013698630136,0,0,NaN,NaN,,
pAF,2697,i,1,219,206.755746144438,216,71.6723549488055,18,18,5.37109375,1.134,5.0-5.5,mid
pAF,2699,i,1,211,209.191346593158,210,82.1382007822686,3,3,5.859375,1.476,5.5-6.0,mid
pAF,2726,i,1,181,170.038555084204,180,84,14,14,6.9580078125,1.1412,6.5-7.3,high
pAF,2727,i,1,178,160.390649555309,174,83.223249669749,30,30,6.34765625,1.0053,6.0-6.5,mid
pAF,2742,i,1,181,174.941367067382,179,82.6771653543307,16,16,6.8359375,1.0575,6.5-7.3,high
pAF,2758,i,1,189,168.698353042186,186,72,22,22,5.859375,1.1808,5.5-6.0,mid
pAF,2763,i,0,NaN,242.93603226744,312,66.5258711721225,1,0,NaN,NaN,,
pAF,2765,i,1,180,166.761714505228,177,81.1855670103092,18,18,6.591796875,0.9369,6.5-7.3,high
pAF,2766,i,0,NaN,232.106707348663,249,75.0893921334922,1,0,NaN,NaN,,
pAF,2775,i,1,207,213.120272067092,209,65.8307210031348,8,8,6.4697265625,0.9135,6.0-6.5,mid
pAF,2792,i,0,NaN,230.13132015337,279,84.4504021447721,14,0,NaN,NaN,,
pAF,2803,i,1,185,176.382858512407,184,67.0926517571885,22,22,6.8359375,0.819,6.5-7.3,high
pAF,2805,i,0,NaN,225.111617005692,270,81.9245773732119,10,0,NaN,NaN,,
pAF,2824,i,0,NaN,235.327384408847,286,62.0689655172414,1,0,NaN,NaN,,
pAF,2825,i,1,230,199.589838229353,224,60.2294455066921,31,31,4.7607421875,1.0368,4.5-5.0,low
pAF,2866,i,0,NaN,238.88331240783,239,77.4907749077491,10,0,NaN,NaN,,
pAF,2872,i,1,236,187.327215169957,231,60,29,29,4.2724609375,0.9342,4.1-4.5,low
pAF,2910,i,1,196,192.156329976184,194,79.8479087452471,16,16,6.4697265625,1.1907,6.0-6.5,mid
pAF,2911,i,0,NaN,232.837937679142,258,81.3953488372093,0,0,NaN,NaN,,
pAF,2923,i,0,NaN,236.418131324164,250,71.5096481271282,1,0,NaN,NaN,,
pAF,2933,i,0,NaN,212.154609254401,225,88.1118881118881,12,0,NaN,NaN,,
pAF,2939,i,1,207,196.952057564013,207,63.508064516129,14,14,5.859375,1.2141,5.5-6.0,mid
pAF,2947,i,1,194,179.015899677586,191,83.4437086092715,13,13,6.103515625,1.3329,6.0-6.5,mid
pAF,2979,i,1,248,228.420746505835,239,66.4556962025316,7,1,4.7607421875,1.3392,4.5-5.0,low
pAF,2992,i,0,NaN,235.17099356254,260,79.5454545454545,1,0,NaN,NaN,,
pAF,3007,i,0,NaN,223.140534260325,221,84,0,0,NaN,NaN,,
pAF,3015,i,1,201,182.065034752159,198,84.7913862718708,14,14,5.615234375,1.4553,5.5-6.0,mid
pAF,3016,i,0,NaN,244.705565374068,293,79.2452830188679,1,0,NaN,NaN,,
pAF,3018,i,1,182,180.962124799895,183,78.0669144981413,5,5,6.9580078125,1.044,6.5-7.3,high
pAF,3038,i,1,186,168.843751319189,181,80.7692307692307,17,3,5.9814453125,1.2762,5.5-6.0,mid
pAF,3055,i,0,NaN,223.806240708909,283,63.9593908629442,19,0,NaN,NaN,,
pAF,3064,i,1,211,183.831808900737,209,83.3333333333333,11,11,5.2490234375,1.2168,5.0-5.5,mid
pAF,3082,i,1,190,173.287718384221,186,74.468085106383,24,24,7.080078125,1.0134,6.5-7.3,high
pAF,3090,i,0,NaN,195.726289199018,200,80.5626598465473,0,0,NaN,NaN,,
pAF,3094,i,0,NaN,206.3382327902,209,85.2503382949932,14,1,NaN,NaN,,
pAF,3104,i,1,201,183.56108308777,197,81.7120622568093,21,21,5.859375,1.17,5.5-6.0,mid
pAF,3108,i,1,183,165.547006154928,181,77.2058823529412,17,17,6.34765625,1.1061,6.0-6.5,mid
pAF,3130,i,0,NaN,233.150879853027,260,71.9178082191781,7,0,NaN,NaN,,
pAF,3135,i,1,192,185.852244525508,191,87.1369294605809,5,5,6.34765625,1.1781,6.0-6.5,mid
pAF,3136,i,1,244,189.78100302659,227,65.2173913043478,27,3,4.39453125,1.0521,4.1-4.5,low
pAF,3151,i,1,188,169.193127049642,186,87.378640776699,9,9,6.2255859375,1.1484,6.0-6.5,mid
pAF,3153,i,0,NaN,227.350515819242,242,87.5,9,0,NaN,NaN,,
pAF,3155,i,1,219,169.952260196413,211,68.3297180043384,33,31,4.7607421875,0.8568,4.5-5.0,low
pAF,3170,i,0,NaN,210.314989547747,242,74.6445497630332,7,0,NaN,NaN,,
pAF,3175,i,1,217,217.338397181171,216,73.512252042007,8,8,5.9814453125,1.3464,5.5-6.0,mid
pAF,3183,i,0,NaN,177.821726884256,225,75.4491017964072,31,0,NaN,NaN,,
pAF,3189,i,1,186,161.977356089868,183,74.6445497630332,31,31,5.9814453125,1.3482,5.5-6.0,mid
pAF,3192,i,0,NaN,192.754760114272,227,83.4437086092715,21,0,NaN,NaN,,
pAF,3199,i,1,227,205.317873517182,224,76.271186440678,12,12,5.37109375,1.3086,5.0-5.5,mid
pAF,3211,i,1,189,160.068468287362,180,80.9768637532134,29,25,5.615234375,1.1403,5.5-6.0,mid
pAF,3212,i,0,NaN,220.942648689903,234,87.1369294605809,17,0,NaN,NaN,,
pAF,3239,i,1,168,165.7434979877,167,83.5543766578249,16,16,6.8359375,1.2591,6.5-7.3,high
pAF,3245,i,0,NaN,203.094347644444,260,57.9576816927323,34,0,NaN,NaN,,
pAF,3246,i,1,261,237.352477909779,248,61.046511627907,12,2,4.7607421875,1.2357,4.5-5.0,low
pAF,3250,i,0,NaN,213.955143128587,248,75.0893921334922,17,0,NaN,NaN,,
pAF,3258,i,0,NaN,237.960788995952,276,81.5006468305304,13,0,NaN,NaN,,
pAF,3307,i,1,194,162.690533726411,190,53.2994923857868,44,44,5.37109375,0.7839,5.0-5.5,mid
pAF,3320,i,1,228,224.901027996224,225,83.223249669749,7,1,5.7373046875,1.2708,5.5-6.0,mid
pAF,3329,i,0,NaN,201.423412258082,243,74.0305522914218,23,0,NaN,NaN,,
pAF,3336,i,1,172,165.70898334447,168,75.3588516746411,33,33,6.7138671875,1.2987,6.5-7.3,high
pAF,3341,i,0,NaN,238.543686886267,262,85.7142857142857,6,0,NaN,NaN,,
pAF,3346,i,1,189,174.1002308854,186,81.8181818181818,20,20,5.9814453125,1.2411,5.5-6.0,mid
pAF,3367,i,1,184,161.983068797192,179,75.4491017964072,24,24,6.103515625,1.0575,6.0-6.5,mid
pAF,3382,i,1,176,175.254681015926,174,80.0508259212198,18,18,7.2021484375,1.0908,6.5-7.3,high
pAF,3395,i,0,NaN,175.503009460772,223,84.2245989304813,28,0,NaN,NaN,,
pAF,3396,i,0,NaN,236.900240335075,254,84.2245989304813,1,0,NaN,NaN,,
pAF,3413,i,1,217,199.09302306045,213,71.6723549488055,21,21,5.37109375,1.1511,5.0-5.5,mid
pAF,3414,i,0,NaN,194.445917741272,225,73.5981308411215,25,0,NaN,NaN,,
pAF,3424,i,1,201,189.689317916505,200,80.7692307692308,1,1,5.9814453125,1.242,5.5-6.0,mid
pAF,3426,i,0,NaN,227.120543325582,281,85.7142857142857,18,0,NaN,NaN,,
pAF,3435,i,1,184,171.33436165491,182,84.4504021447721,21,21,6.4697265625,1.4157,6.0-6.5,mid
pAF,3444,i,1,223,174.431144630806,218,61.105722599418,38,37,4.7607421875,1.0305,4.5-5.0,low
pAF,3451,i,0,NaN,240.779856768095,255,82.8947368421052,1,0,NaN,NaN,,
pAF,3456,i,1,198,189.398485519429,196,80.7692307692308,15,15,6.34765625,1.1448,6.0-6.5,mid
pAF,3470,i,1,199,186.406193486895,196,74.4680851063829,16,16,5.9814453125,1.0953,5.5-6.0,mid
pAF,3471,i,1,209,189.789831171678,204,79.746835443038,19,17,5.2490234375,1.2258,5.0-5.5,mid
pAF,3482,i,0,NaN,195.530878512713,211,88.2352941176471,16,0,NaN,NaN,,
pAF,3491,i,1,191,195.527124800057,191,81.7120622568093,12,12,6.8359375,1.26,6.5-7.3,high
pAF,3492,i,1,236,206.015065648971,230,81.3953488372093,6,2,5.0048828125,1.1439,5.0-5.5,mid
pAF,3494,i,0,NaN,227.608192184656,303,54.4511668107174,31,0,NaN,NaN,,
pAF,3502,i,0,NaN,210.78528549333,226,88.4831460674157,12,0,NaN,NaN,,
pAF,3515,i,1,208,168.808603264762,204,66.1070304302204,25,25,5.0048828125,0.9945,5.0-5.5,mid
pAF,3525,i,1,221,198.377045879199,217,84.7913862718708,15,15,5.126953125,1.3005,5.0-5.5,mid
pAF,3528,i,0,NaN,220.063314998755,265,79.9492385786802,16,0,NaN,NaN,,
pAF,3534,i,1,181,175.624439581785,179,84.5637583892617,18,18,6.9580078125,1.2483,6.5-7.3,high
pAF,3562,i,0,NaN,235.044649854106,267,54.735013032146,2,0,NaN,NaN,,
pAF,3566,i,1,202,178.796844485012,198,72.3306544202067,31,31,5.7373046875,1.2402,5.5-6.0,mid
pAF,3575,i,0,NaN,201.19227851188,212,86.7768595041322,16,0,NaN,NaN,,
pAF,3576,i,0,NaN,229.207047792712,243,67.3076923076923,0,0,NaN,NaN,,
pAF,3583,i,1,225,213.599949767769,222,69.4597574421168,13,13,5.4931640625,1.2357,5.0-5.5,mid
pAF,3588,i,0,NaN,221.194049044068,222,82.1382007822686,10,0,NaN,NaN,,
pAF,3601,i,1,233,179.747948569071,216,84.3373493975904,28,1,4.7607421875,1.2393,4.5-5.0,low
pAF,3645,i,1,176,161.920315311851,175,65.2173913043478,30,30,6.4697265625,1.2384,6.0-6.5,mid
pAF,3677,i,0,NaN,228.593398637371,241,87.6216968011127,6,0,NaN,NaN,,
pAF,3692,i,0,NaN,225.356066110377,239,84.3373493975904,10,0,NaN,NaN,,
pAF,3708,i,1,213,183.256886387935,207,85.4816824966079,16,5,5.37109375,1.3563,5.0-5.5,mid
pAF,3717,i,1,238,180.655185995041,227,81.5006468305304,26,13,4.5166015625,0.9882,4.5-5.0,low
pAF,3730,i,1,205,201.922183284958,202,81.3953488372093,14,14,6.103515625,1.3149,6.0-6.5,mid
pAF,3747,i,1,194,192.017127452673,193,84.9056603773585,18,18,6.8359375,1.2195,6.5-7.3,high
pAF,3759,i,0,NaN,244.917546516939,255,79.345088161209,0,0,NaN,NaN,,
pAF,3768,i,1,199,172.503174775629,195,73.512252042007,25,25,5.37109375,0.9306,5.0-5.5,mid
pAF,3780,i,1,228,196.356757378169,215,77.0171149144254,25,9,4.7607421875,1.1268,4.5-5.0,low
pAF,3811,i,1,238,180.570483394411,231,75.1789976133652,22,1,5.37109375,0.6687,5.0-5.5,mid
pAF,3818,i,1,237,212.597447786655,219,74.6445497630332,25,3,5.0048828125,1.3275,5.0-5.5,mid
pAF,3864,i,1,191,169.124061745388,187,64.0243902439025,38,38,5.859375,1.1403,5.5-6.0,mid
pAF,3876,i,1,194,170.123088134991,183,86.1833105335157,28,22,6.103515625,1.4031,6.0-6.5,mid
pAF,3899,i,0,NaN,224.499047041005,288,75.6302521008403,23,0,NaN,NaN,,
pAF,3926,i,1,193,174.248977730873,188,80.1526717557252,23,23,5.9814453125,1.0854,5.5-6.0,mid
pAF,3929,i,0,NaN,221.599993642281,244,84,15,0,NaN,NaN,,
pAF,3932,i,1,199,171.994763033021,194,67.379679144385,25,23,5.2490234375,1.278,5.0-5.5,mid
pAF,3935,i,1,211,173.281380496221,207,80.8729139922978,23,11,5.126953125,1.1988,5.0-5.5,mid
pAF,3937,i,1,180,169.053193133186,178,78.4557907845579,26,26,6.8359375,1.179,6.5-7.3,high
pAF,3938,i,0,NaN,239.982045068813,268,70.8661417322835,18,0,NaN,NaN,,
pAF,3953,i,1,191,174.908211412607,188,62.5620655412115,31,31,6.34765625,0.8721,6.0-6.5,mid
pAF,3958,i,1,212,204.050991086828,211,86.4197530864198,9,1,5.9814453125,1.5759,5.5-6.0,mid
pAF,3961,i,0,NaN,239.409353432849,249,82.2454308093995,0,0,NaN,NaN,,
pAF,3964,i,1,242,215.768486052562,239,77.8739184177997,8,8,4.7607421875,1.161,4.5-5.0,low
pAF,3980,i,1,205,181.69687728415,200,76.1789600967352,19,17,5.4931640625,1.3689,5.0-5.5,mid
pAF,3981,i,1,203,185.323258240227,198,75.1789976133651,17,17,5.859375,1.17,5.5-6.0,mid
pAF,3993,i,1,197,173.977923531871,182,85.3658536585366,27,3,6.103515625,1.4769,6.0-6.5,mid
pAF,3998,i,1,196,187.708934569127,194,86.6574965612104,6,6,5.9814453125,1.1601,5.5-6.0,mid
pAF,4005,i,1,192,177.306654479682,190,83.5543766578249,14,14,6.7138671875,1.1196,6.5-7.3,high
pAF,4022,i,1,204,174.668399776754,202,56.4010743061773,43,43,5.37109375,1.0629,5.0-5.5,mid
pAF,4037,i,0,NaN,215.059708865687,250,77.3955773955774,19,0,NaN,NaN,,
pAF,4047,i,1,231,197.392753063526,224,86.7768595041322,21,1,5.126953125,1.1583,5.0-5.5,mid
pAF,4052,i,0,NaN,199.993834299181,233,85.8310626702997,16,0,NaN,NaN,,
pAF,4053,i,0,NaN,239.72215743702,237,81.7120622568093,0,0,NaN,NaN,,
pAF,4063,i,1,186,183.214140055745,184,82.5688073394495,16,16,6.4697265625,1.1241,6.0-6.5,mid
pAF,4066,i,0,NaN,232.680838746943,288,85.8310626702997,13,0,NaN,NaN,,
pAF,4074,i,1,212,200.793279813603,209,65.8995815899581,20,20,5.615234375,1.1637,5.5-6.0,mid
pAF,4085,i,0,NaN,235.303805793199,241,85.9481582537517,0,0,NaN,NaN,,
pAF,4086,i,0,NaN,232.721482724664,244,73.512252042007,4,0,NaN,NaN,,
pAF,4100,i,1,193,173.090911541702,187,85.3658536585366,24,22,6.103515625,1.3887,6.0-6.5,mid
pAF,4106,i,0,NaN,183.284792695726,237,75.5395683453237,24,0,NaN,NaN,,
pAF,4119,i,0,NaN,232.681187042363,277,85.5978260869565,3,0,NaN,NaN,,
pAF,4166,i,1,196,175.409976919109,192,80.6658130601792,23,23,6.2255859375,1.2285,6.0-6.5,mid
pAF,4174,i,1,195,175.908587805403,187,85.0202429149798,25,21,5.9814453125,1.3212,5.5-6.0,mid
pAF,4181,i,0,NaN,228.06346778947,236,75.1789976133651,1,1,NaN,NaN,,
pAF,4231,i,1,212,206.398884048409,209,87.8661087866109,10,10,5.7373046875,1.2996,5.5-6.0,mid
pAF,4238,i,1,228,216.978430948286,228,75.7211538461538,2,2,5.7373046875,1.3266,5.5-6.0,mid
pAF,4243,i,1,245,174.977128909486,235,80.0508259212198,29,5,4.39453125,1.1547,4.1-4.5,low
pAF,4246,i,1,182,160.777127784917,180,82.1382007822686,21,21,5.9814453125,1.2654,5.5-6.0,mid
pAF,4257,i,0,NaN,235.734793318254,307,81.2903225806452,19,0,NaN,NaN,,
pAF,4273,i,1,210,198.861082832998,207,74.0305522914218,12,12,6.103515625,0.9351,6.0-6.5,mid
pAF,4312,i,0,NaN,244.447358038626,272,84.4504021447721,4,0,NaN,NaN,,
pAF,4334,i,1,221,203.620905525961,220,78.5536159600997,5,5,5.4931640625,1.3608,5.0-5.5,mid
pAF,4342,i,0,NaN,240.215766072157,297,85.1351351351351,10,0,NaN,NaN,,
pAF,4360,i,1,189,180.88960700039,188,68.7022900763359,16,16,6.591796875,1.0251,6.5-7.3,high
pAF,4387,i,0,NaN,220.805879651991,236,82.7858081471747,8,0,NaN,NaN,,
pAF,4403,i,1,187,183.4985183307,184,81.7120622568093,19,19,6.34765625,1.2924,6.0-6.5,mid
pAF,4431,i,1,188,164.444831144057,184,56.910569105691,36,36,5.4931640625,0.9216,5.0-5.5,mid
pAF,4452,i,1,194,178.581869055939,191,69.078947368421,23,23,5.615234375,1.3212,5.5-6.0,mid
pAF,4471,i,0,NaN,241.602276071106,239,81.924577373212,2,0,NaN,NaN,,
pAF,4482,i,0,NaN,238.672482859212,283,78.1637717121588,8,0,NaN,NaN,,
pAF,4484,i,0,NaN,235.519140628516,264,83.223249669749,4,0,NaN,NaN,,
pAF,4488,i,1,191,175.08716254279,185,80.3571428571428,26,24,6.2255859375,1.4265,6.0-6.5,mid
pAF,4519,i,1,208,183.757103260381,206,71.6723549488054,16,16,5.615234375,1.0494,5.5-6.0,mid
pAF,4548,i,0,NaN,189.502009397642,197,81.5006468305304,0,0,NaN,NaN,,
pAF,4562,i,1,192,178.813573956155,191,64.1547861507128,16,16,6.2255859375,1.0593,6.0-6.5,mid
pAF,4564,i,1,182,177.899504621979,179,77.490774907749,25,25,6.8359375,0.9243,6.5-7.3,high
pAF,4575,i,1,206,177.972191918816,200,87.0165745856354,21,19,5.37109375,1.0764,5.0-5.5,mid
pAF,4576,i,1,201,196.664395525433,198,80.8729139922978,20,20,6.591796875,1.2393,6.5-7.3,high
pAF,4581,i,1,173,162.561758851756,169,78.8485607008761,18,18,6.4697265625,0.9909,6.0-6.5,high
pAF,4582,i,0,NaN,209.338284011501,228,83.4437086092715,8,0,NaN,NaN,,
pAF,4634,i,0,NaN,208.393267392632,246,85.9481582537517,12,0,NaN,NaN,,
pAF,4653,i,1,228,182.988604888837,209,76.9230769230769,25,5,4.7607421875,1.0827,4.5-5.0,low
pAF,4657,i,1,198,186.858100753576,196,83.223249669749,9,9,6.2255859375,1.251,6.0-6.5,mid
pAF,4661,i,0,NaN,205.616708856418,235,55.0699300699301,18,0,NaN,NaN,,
pAF,4671,i,1,186,178.000236727217,184,68.6274509803921,26,26,6.591796875,1.3635,6.5-7.3,high
pAF,4674,i,1,216,191.981913378761,207,70.4697986577181,35,11,5.37109375,1.296,5.0-5.5,mid
pAF,4713,i,0,NaN,163.766193094532,180,77.8739184177997,23,9,NaN,NaN,,mid
pAF,4716,i,1,222,215.358236109059,220,74.1176470588236,8,8,5.615234375,1.1259,5.5-6.0,mid
pAF,4720,i,1,197,169.468932808581,194,72.5806451612903,20,20,5.2490234375,0.9171,5.0-5.5,mid
pAF,4730,i,1,244,178.39875110126,234,78.1637717121588,27,7,4.39453125,1.1718,4.1-4.5,low
pAF,4769,i,0,NaN,230.173382615045,272,86.4197530864198,11,0,NaN,NaN,,
pAF,4772,i,0,NaN,200.67061640774,248,76.8292682926829,11,0,NaN,NaN,,
pAF,4791,i,0,NaN,201.089811875769,233,75.0893921334922,16,0,NaN,NaN,,
pAF,4799,i,0,NaN,242.004413472896,272,84.9056603773585,5,0,NaN,NaN,,
pAF,4854,i,1,221,201.821590114021,218,86.5384615384615,4,2,5.7373046875,1.2681,5.5-6.0,mid
pAF,4859,i,0,NaN,167.364835215827,215,60.5769230769231,38,0,NaN,NaN,,
pAF,4860,i,1,196,187.68536870915,194,79.746835443038,16,16,6.4697265625,1.1196,6.0-6.5,mid
pAF,4862,i,1,174,165.094333183173,171,85.0202429149798,22,22,7.080078125,1.2591,6.5-7.3,high
pAF,4884,i,0,NaN,191.122171742638,241,82.5688073394495,18,0,NaN,NaN,,
pAF,4891,i,0,NaN,219.379269455152,250,78.3582089552239,19,0,NaN,NaN,,
pAF,4914,i,1,198,188.865992641091,196,78.9473684210526,17,17,6.591796875,1.008,6.5-7.3,high
pAF,4916,i,0,NaN,232.451664340959,261,71.3476783691959,0,0,NaN,NaN,,
pAF,4926,i,1,194,161.217663046438,189,72.2477064220183,24,24,5.4931640625,1.2069,5.0-5.5,mid
pAF,4935,i,0,NaN,221.698311511718,242,73.9436619718309,7,0,NaN,NaN,,
pAF,4937,i,1,210,168.897647717109,208,82.6771653543307,8,8,5.126953125,1.0845,5.0-5.5,mid
pAF,4942,i,0,NaN,238.367773507722,277,79.4451450189155,1,0,NaN,NaN,,
pAF,4945,i,1,204,162.979306265785,198,55.6537102473498,43,19,5.0048828125,1.0593,5.0-5.5,mid
pAF,4948,i,0,NaN,222.483311725322,233,84.4504021447721,14,0,NaN,NaN,,
pAF,4960,i,0,NaN,200.512287919642,228,79.9492385786802,21,0,NaN,NaN,,
pAF,4962,i,1,216,185.092309345535,208,84.2245989304813,23,13,5.2490234375,1.0494,5.0-5.5,mid
pAF,4964,i,1,183,171.498706005274,180,83.3333333333333,23,23,7.080078125,1.1475,6.5-7.3,high
pAF,4970,i,0,NaN,238.587923383304,279,83.1134564643799,5,0,NaN,NaN,,
pAF,4971,i,0,NaN,242.185050586464,254,71.1864406779661,3,0,NaN,NaN,,
pAF,4986,i,1,229,175.350263733839,225,82.5688073394495,24,1,5.615234375,0.6777,5.5-6.0,mid
pAF,5063,i,0,NaN,236.473765886738,278,69.0032858707557,8,0,NaN,NaN,,
pAF,5071,i,1,179,164.540906139307,176,75.9036144578313,28,28,6.4697265625,1.0665,6.0-6.5,mid
pAF,5075,i,0,NaN,181.861888722997,204,84.9056603773585,25,3,NaN,NaN,,mid
pAF,5082,i,0,NaN,244.667245197626,258,73.170731707317,0,0,NaN,NaN,,
pAF,5088,i,1,199,185.609350330553,197,82.2454308093995,12,12,6.2255859375,1.3986,6.0-6.5,mid
pAF,5099,i,0,NaN,240.745438930993,284,66.4556962025316,9,0,NaN,NaN,,
pAF,5114,i,1,198,186.781731485833,194,81.7120622568093,19,19,5.859375,1.2204,5.5-6.0,mid
pAF,5139,i,0,NaN,237.263680391414,252,79.4451450189155,1,0,NaN,NaN,,
pAF,5153,i,1,212,160.783467738998,204,79.4451450189155,31,19,5.0048828125,1.0917,5.0-5.5,mid
pAF,5169,i,1,180,160.899981834424,175,81.1855670103093,21,19,6.2255859375,1.2933,6.0-6.5,mid
pAF,5182,i,1,209,204.586342355055,208,85.8310626702997,4,3,5.859375,1.3158,5.5-6.0,mid
pAF,5189,i,0,NaN,218.493545443715,224,84.2245989304813,7,0,NaN,NaN,,
pAF,5192,i,0,NaN,218.972293664243,258,83.6653386454183,12,0,NaN,NaN,,
pAF,5199,i,1,236,219.965849118693,235,84.6774193548387,2,2,5.126953125,1.2753,5.0-5.5,mid
pAF,5211,i,1,172,167.338041031697,169,83.0039525691699,26,26,6.9580078125,1.278,6.5-7.3,high
pAF,5215,i,0,NaN,211.647338843475,216,86.5384615384615,9,0,NaN,NaN,,
pAF,5224,i,0,NaN,219.886885191467,258,83.7765957446808,12,0,NaN,NaN,,
pAF,5228,i,0,NaN,229.356772443782,230,74.8218527315914,13,0,NaN,NaN,,
pAF,5231,i,1,228,192.00588172827,219,84.7913862718708,16,5,4.8828125,1.3104,4.5-5.0,low
pAF,5248,i,0,NaN,218.199709197783,309,55.4577464788733,2,0,NaN,NaN,,
pAF,5260,i,1,182,164.983715056871,177,77.970297029703,27,27,6.8359375,0.9972,6.5-7.3,high
pAF,5291,i,0,NaN,211.157703766192,236,85.4816824966078,17,0,NaN,NaN,,
pAF,5314,i,1,245,238.29645498922,245,75.6302521008403,1,1,4.8828125,1.2267,4.5-5.0,low
pAF,5315,i,1,201,175.081651286717,198,75.9951749095295,19,19,5.7373046875,1.0836,5.5-6.0,mid
pAF,5350,i,0,NaN,225.902502019781,260,75.0893921334922,13,0,NaN,NaN,,
pAF,5358,i,0,NaN,234.533422497851,274,59.1549295774648,31,0,NaN,NaN,,
pAF,5393,i,0,NaN,201.700281500547,266,65.625,24,0,NaN,NaN,,
pAF,5413,i,1,246,234.354410888387,242,73.8569753810082,5,5,5.0048828125,1.2132,5.0-5.5,mid
pAF,5420,i,1,228,198.032144255252,225,79.5454545454545,16,16,5.0048828125,1.0584,5.0-5.5,mid
pAF,5436,i,0,NaN,228.085734372245,279,84.3373493975903,2,0,NaN,NaN,,
pAF,5441,i,1,189,163.343700987716,185,86.5384615384615,29,29,6.103515625,1.2051,6.0-6.5,mid
pAF,5448,i,0,NaN,228.607493395109,225,78.1637717121588,0,0,NaN,NaN,,
pAF,5463,i,1,193,178.78682180067,191,85.3658536585366,9,9,5.859375,1.3716,5.5-6.0,mid
pAF,5466,i,1,230,232.184475140602,230,82.2454308093995,1,1,5.7373046875,1.2735,5.5-6.0,mid
pAF,5472,i,0,NaN,221.942512434602,224,87.0165745856354,8,0,NaN,NaN,,
pAF,5488,i,0,NaN,221.556176845537,229,83.4437086092715,0,0,NaN,NaN,,
pAF,5517,i,0,NaN,193.723993766427,227,84.3373493975904,7,0,NaN,NaN,,
pAF,5521,i,1,185,174.107355848668,183,73.0858468677494,19,19,6.4697265625,1.1169,6.0-6.5,mid
pAF,5526,i,0,NaN,186.034600157327,237,77.1113831089351,32,0,NaN,NaN,,
pAF,5538,i,0,NaN,206.185634632639,229,85.2503382949932,15,0,NaN,NaN,,
pAF,5549,i,1,205,197.486228026413,202,69.1547749725576,20,20,6.103515625,1.0278,6.0-6.5,mid
pAF,5551,i,0,NaN,242.961466528744,285,63.12625250501,7,0,NaN,NaN,,
pAF,5568,i,1,198,178.649997166911,195,82.8947368421053,15,15,5.859375,1.2042,5.5-6.0,mid
pAF,5577,i,1,212,168.593096310098,207,73.6842105263158,32,32,6.4697265625,0.4473,6.0-6.5,high
pAF,5591,i,1,221,200.972798062263,219,63.894523326572,23,23,5.126953125,1.188,5.0-5.5,mid
pAF,5623,i,0,NaN,237.892284996204,249,83.3333333333333,1,0,NaN,NaN,,
pAF,5635,i,1,216,192.420040849596,214,70.0778642936596,14,14,5.126953125,1.0917,5.0-5.5,mid
pAF,5641,i,0,NaN,243.681717648724,259,70.7865168539325,0,0,NaN,NaN,,
pAF,5649,i,0,NaN,189.240027127242,192,80.8729139922978,17,17,NaN,NaN,,mid
pAF,5659,i,1,216,204.957889995341,213,81.6062176165803,10,5,5.859375,1.3995,5.5-6.0,mid
pAF,5671,i,1,219,220.637981090622,217,83.1134564643799,11,7,6.2255859375,1.3518,6.0-6.5,mid
pAF,5674,i,1,219,204.315611032143,212,69.2307692307692,25,23,5.126953125,1.35,5.0-5.5,mid
pAF,5713,i,0,NaN,219.275712953779,265,83.223249669749,28,0,NaN,NaN,,
pAF,5716,i,1,230,182.624380744106,217,70.1559020044544,27,19,4.5166015625,1.0152,4.5-5.0,low
pAF,5727,i,1,225,220.88789905548,224,74.2924528301887,1,1,5.4931640625,1.2249,5.0-5.5,mid
pAF,5737,i,0,NaN,216.573565492647,243,79.145728643216,5,1,NaN,NaN,,
pAF,5739,i,0,NaN,198.56505408114,263,74.0305522914218,12,0,NaN,NaN,,
pAF,5763,i,0,NaN,223.565709161325,249,68.8524590163934,15,0,NaN,NaN,,
pAF,5776,i,0,NaN,200.841428299238,240,86.6574965612105,14,0,NaN,NaN,,
pAF,5779,i,0,NaN,203.894052710464,236,64.4171779141104,22,0,NaN,NaN,,
pAF,5780,i,1,230,186.048994051576,223,57.0652173913043,34,34,4.5166015625,0.8451,4.5-5.0,low
pAF,5781,i,0,NaN,220.378521557075,245,73.512252042007,20,0,NaN,NaN,,
pAF,5782,i,0,NaN,168.947658941877,220,80.6658130601792,30,0,NaN,NaN,,
pAF,5795,i,0,NaN,204.541570291498,254,69.078947368421,33,0,NaN,NaN,,
pAF,5806,i,0,NaN,214.544585853138,236,70.3125,18,0,NaN,NaN,,
pAF,5822,i,0,NaN,224.702912646848,232,83.6653386454183,12,0,NaN,NaN,,
pAF,5826,i,1,231,201.799615043237,219,75.7211538461538,22,9,4.8828125,1.1484,4.5-5.0,low
pAF,5853,i,1,215,189.57877703516,212,75.6302521008403,14,14,5.2490234375,1.251,5.0-5.5,mid
pAF,5859,i,0,NaN,167.7117936574,174,82.7858081471748,0,0,NaN,NaN,,
pAF,5871,i,1,217,209.469880484459,209,76.271186440678,13,7,6.34765625,0.9765,6.0-6.5,mid
pAF,5882,i,1,210,200.853576568014,207,84.6774193548387,12,12,5.9814453125,1.3734,5.5-6.0,mid
pAF,5893,i,1,181,169.393255332798,180,84.3373493975904,12,12,6.591796875,1.188,6.5-7.3,high
pAF,5901,i,1,191,171.239089227645,189,68.0345572354212,20,20,6.103515625,0.9828,6.0-6.5,mid
pAF,5907,i,0,NaN,217.305542871283,256,82.4607329842932,13,0,NaN,NaN,,
pAF,5909,i,0,NaN,224.613761896566,305,53.4351145038168,32,0,NaN,NaN,,
pAF,5923,i,0,NaN,224.569797827506,235,85.2503382949932,0,0,NaN,NaN,,
pAF,5925,i,0,NaN,204.424200169626,229,75.2688172043011,29,0,NaN,NaN,,
pAF,5952,i,1,215,201.736454128426,208,74.6445497630332,10,4,5.859375,1.2816,5.5-6.0,mid
pAF,5959,i,1,209,167.066675432157,199,75.2688172043011,34,15,5.126953125,1.2825,5.0-5.5,mid
pAF,5991,i,1,176,172.802849129097,174,78.3582089552238,20,20,7.2021484375,0.9729,6.5-7.3,high
pAF,6009,i,1,241,182.99617487182,218,87.0165745856354,22,1,4.7607421875,1.1205,4.5-5.0,low
pAF,6017,i,0,NaN,241.527890365491,250,71.8358038768529,4,0,NaN,NaN,,
pAF,6030,i,0,NaN,231.152985615576,275,61.7042115572968,1,0,NaN,NaN,,
pAF,6034,i,1,235,192.028810730582,230,64.4171779141104,27,7,4.638671875,1.1934,4.5-5.0,low
pAF,6068,i,0,NaN,227.21573572643,279,78.2608695652174,23,0,NaN,NaN,,
pAF,6087,i,0,NaN,164.42713393359,230,81.8181818181818,27,0,NaN,NaN,,
pAF,6091,i,0,NaN,203.58107431548,209,80.8729139922978,0,0,NaN,NaN,,
pAF,6127,i,1,181,164.961683014022,178,74.8218527315914,22,22,6.7138671875,1.0584,6.5-7.3,high
pAF,6161,i,0,NaN,242.779597046043,260,84.9056603773585,4,0,NaN,NaN,,
pAF,6182,i,0,NaN,212.867061512938,216,80.2547770700637,0,0,NaN,NaN,,
pAF,6197,i,0,NaN,232.035438667124,235,85.8310626702997,10,0,NaN,NaN,,
pAF,6205,i,1,219,204.588589074985,216,77.6818742293465,14,14,5.615234375,1.2465,5.5-6.0,mid
pAF,6219,i,0,NaN,173.892448905463,195,84.2245989304812,23,0,NaN,NaN,,
pAF,6244,i,1,218,206.628389461919,215,81.2903225806451,8,8,5.4931640625,1.3923,5.0-5.5,mid
pAF,6259,i,1,202,191.117780761284,200,73.8569753810082,8,8,5.615234375,0.9549,5.5-6.0,mid
pAF,6265,i,1,238,206.506455933144,234,74.910820451843,12,5,4.7607421875,1.1331,4.5-5.0,low
pAF,6267,i,0,NaN,220.834287811907,296,75.9036144578313,1,0,NaN,NaN,,
pAF,6270,i,0,NaN,201.969744013324,244,71.753986332574,22,0,NaN,NaN,,
pAF,6279,i,1,249,205.702344989135,243,61.046511627907,23,5,4.2724609375,1.1358,4.1-4.5,low
pAF,6284,i,1,204,210.403910569468,204,80.4597701149425,2,2,6.34765625,1.3221,6.0-6.5,mid
pAF,6295,i,1,233,211.203035144776,231,83.3333333333333,2,1,5.37109375,1.2924,5.0-5.5,mid
pAF,6299,i,0,NaN,228.271096293123,246,78.9473684210526,15,0,NaN,NaN,,
pAF,6304,i,1,206,174.656299273258,202,62.624254473161,34,34,5.2490234375,1.2429,5.0-5.5,mid
pAF,6324,i,0,NaN,219.320990037202,246,89.3617021276596,3,0,NaN,NaN,,
pAF,6364,i,0,NaN,182.044717604607,192,84.2245989304813,0,0,NaN,NaN,,
pAF,6368,i,0,NaN,234.733867345305,234,84.5637583892617,0,0,NaN,NaN,,
pAF,6374,i,1,243,199.569900887946,229,85.2503382949932,12,1,4.8828125,1.1862,4.5-5.0,low
pAF,6377,i,1,192,169.990653615547,185,79.8479087452472,26,24,5.859375,1.1214,5.5-6.0,mid
pAF,6378,i,1,216,198.666735287516,215,59.4900849858357,12,12,5.37109375,1.1214,5.0-5.5,mid
pAF,6402,i,1,173,163.121660716213,171,65.4205607476635,37,37,7.2021484375,0.8073,6.5-7.3,high
pAF,6413,i,1,257,241.324350925235,256,68.7772925764192,1,1,4.638671875,1.2024,4.5-5.0,low
pAF,6445,i,1,222,202.335953914117,219,86.1833105335157,14,3,5.2490234375,1.1889,5.0-5.5,mid
pAF,6456,i,1,190,160.174934536612,186,60.4606525911708,39,39,5.859375,0.9477,5.5-6.0,mid
pAF,6488,i,0,NaN,180.626540166115,244,69.1547749725576,34,0,NaN,NaN,,
pAF,6494,i,1,189,160.226485544328,180,75.3588516746411,33,29,5.9814453125,1.2861,5.5-6.0,mid
pAF,6506,i,0,NaN,218.471381810443,222,77.7777777777778,14,1,NaN,NaN,,
pAF,6518,i,1,184,169.258218938921,180,86.1833105335157,23,23,6.8359375,1.17,6.5-7.3,high
pAF,6522,i,0,NaN,241.781738096484,301,73.3410942956927,1,0,NaN,NaN,,
pAF,6562,i,1,191,173.70848203107,189,76.4563106796117,21,21,6.34765625,1.1448,6.0-6.5,mid
pAF,6563,i,1,203,196.969636174843,200,83.3333333333333,16,16,6.4697265625,1.5471,6.0-6.5,mid
pAF,6571,i,1,209,186.984076951536,205,67.3076923076923,26,26,5.9814453125,1.0485,5.5-6.0,mid
pAF,6577,i,0,NaN,230.062799532519,277,72,16,0,NaN,NaN,,
pAF,6583,i,1,181,161.690410441974,174,82.1382007822686,9,5,6.7138671875,1.0062,6.5-7.3,high
pAF,6638,i,0,NaN,198.310902684054,259,78.0669144981412,30,0,NaN,NaN,,
pAF,6639,i,1,200,183.02692527639,198,87.1369294605809,4,4,5.859375,1.1781,5.5-6.0,mid
pAF,6648,i,0,NaN,223.684754544396,224,75.9036144578313,2,2,NaN,NaN,,
pAF,6660,i,1,214,200.648770424872,211,81.7120622568093,15,15,5.615234375,1.3752,5.5-6.0,mid
pAF,6665,i,1,180,169.818131778331,175,81.6062176165803,23,21,6.7138671875,1.2024,6.5-7.3,high
pAF,6672,i,1,242,193.757241417792,230,81.3953488372093,13,1,4.39453125,0.9954,4.1-4.5,low
pAF,6690,i,1,185,165.85328770709,174,81.0810810810811,27,21,6.34765625,1.1763,6.0-6.5,mid
pAF,6713,i,1,211,177.617509047734,205,60.5187319884726,35,35,4.8828125,1.0971,4.5-5.0,low
pAF,6718,i,0,NaN,188.817005015808,202,80.0508259212198,22,0,NaN,NaN,,
pAF,6768,i,1,195,169.719042148725,190,68.7772925764192,35,35,5.615234375,1.1169,5.5-6.0,mid
pAF,6775,i,0,NaN,184.665265660471,217,88.9830508474576,19,0,NaN,NaN,,
pAF,6776,i,1,222,200.098927864768,220,79.5454545454545,3,3,5.37109375,1.1313,5.0-5.5,mid
pAF,6787,i,0,NaN,240.28794163448,246,83.00395256917,0,0,NaN,NaN,,
pAF,6795,i,1,182,170.358166027232,180,87.0165745856353,2,2,6.591796875,1.0539,6.5-7.3,high
pAF,6803,i,1,179,163.577857166943,176,76.7356881851401,28,28,6.34765625,1.3797,6.0-6.5,mid
pAF,6811,i,1,251,206.472293043553,247,72.2477064220183,15,13,4.2724609375,1.0215,4.1-4.5,low
pAF,6817,i,0,NaN,237.448487257527,268,69.8447893569845,9,0,NaN,NaN,,
pAF,6828,i,1,190,166.464115574527,186,59.4900849858357,41,41,5.7373046875,1.1619,5.5-6.0,mid
pAF,6831,i,1,202,191.154742925144,200,86.0655737704918,11,11,5.859375,1.5012,5.5-6.0,mid
pAF,6851,i,0,NaN,238.679986142233,313,58.3873957367933,0,0,NaN,NaN,,
pAF,6880,i,1,222,191.410835412724,217,80.6658130601792,12,12,5.0048828125,1.0881,5.0-5.5,mid
pAF,6886,i,0,NaN,210.745299869341,228,85.2503382949932,7,0,NaN,NaN,,
pAF,6890,i,1,192,190.680649367379,192,85.5978260869565,10,10,6.8359375,1.1403,6.5-7.3,high
pAF,6892,i,0,NaN,227.742291592898,232,78.0669144981413,1,0,NaN,NaN,,
pAF,6906,i,1,176,170.648537560075,175,87.0165745856353,10,10,6.9580078125,1.1907,6.5-7.3,high
pAF,6909,i,0,NaN,227.607469507326,280,63.9593908629442,0,0,NaN,NaN,,
pAF,6918,i,1,208,192.497912073137,204,83.3333333333333,22,22,5.615234375,1.2735,5.5-6.0,mid
pAF,6924,i,0,NaN,218.818085459359,260,82.6771653543307,17,0,NaN,NaN,,
pAF,6926,i,1,211,191.031836209833,207,65.625,27,27,5.4931640625,1.2024,5.0-5.5,mid
pAF,6933,i,1,188,165.985475327216,184,72.8323699421965,26,26,5.859375,1.1592,5.5-6.0,mid
pAF,6977,i,0,NaN,209.335056300457,255,81.5006468305304,14,0,NaN,NaN,,
pAF,6992,i,1,207,205.987205991827,207,78.5536159600997,12,12,6.591796875,1.1376,6.5-7.3,high
pAF,6993,i,0,NaN,232.045437940476,256,81.6062176165803,19,0,NaN,NaN,,
pAF,7018,i,1,240,212.700493903903,237,70.7865168539326,13,13,4.8828125,1.2276,4.5-5.0,low
pAF,7028,i,0,NaN,219.561091832693,252,71.4285714285714,17,0,NaN,NaN,,
pAF,7033,i,1,198,174.29341117492,191,84.3373493975904,29,27,5.4931640625,1.179,5.0-5.5,mid
pAF,7038,i,1,211,165.006610682052,208,58.2255083179297,33,33,4.8828125,1.0926,4.5-5.0,low
pAF,7039,i,0,NaN,204.664273810798,238,77.1113831089351,25,0,NaN,NaN,,
pAF,7050,i,1,265,182.060106028897,253,69.6902654867257,32,9,4.7607421875,0.7524,4.5-5.0,low
pAF,7073,i,0,NaN,243.157803513524,269,78.0669144981412,0,0,NaN,NaN,,
pAF,7092,i,0,NaN,229.171179595753,228,81.6062176165803,0,0,NaN,NaN,,
pAF,7099,i,1,183,174.994163919473,179,83.1134564643799,21,21,6.4697265625,1.2753,6.0-6.5,mid
pAF,7101,i,0,NaN,186.502347065711,229,77.4907749077491,17,0,NaN,NaN,,
pAF,7115,i,1,184,165.013596320736,182,81.2903225806451,10,10,5.9814453125,1.2501,5.5-6.0,mid
pAF,7136,i,1,209,198.366400827334,208,66.8080593849417,16,16,6.2255859375,0.9828,6.0-6.5,mid
pAF,7142,i,1,203,183.62207192491,201,79.646017699115,14,14,5.7373046875,1.2672,5.5-6.0,mid
pAF,7154,i,1,180,162.96925841146,179,86.5384615384615,12,12,6.591796875,1.0269,6.5-7.3,high
pAF,7162,i,0,NaN,238.505027131112,258,86.6574965612104,0,0,NaN,NaN,,
pAF,7164,i,0,NaN,233.277510302207,257,70,11,0,NaN,NaN,,
pAF,7166,i,1,186,163.502878649073,181,86.1833105335157,21,19,6.2255859375,1.0782,6.0-6.5,mid
pAF,7198,i,1,233,186.243348347212,226,65.6934306569343,30,30,4.39453125,0.9144,4.1-4.5,low
pAF,7204,i,0,NaN,235.158267845065,274,79.0464240903388,5,0,NaN,NaN,,
pAF,7209,i,0,NaN,234.697168827755,246,79.4451450189155,0,0,NaN,NaN,,
pAF,7210,i,0,NaN,213.923989946699,228,78.2608695652174,19,1,NaN,NaN,,
pAF,7232,i,0,NaN,213.828430188943,227,88.6075949367088,0,0,NaN,NaN,,
pAF,7254,i,1,223,189.614910074859,219,63.7651821862348,29,29,5.126953125,1.0809,5.0-5.5,mid
pAF,7257,i,1,203,192.504883300877,202,68.4782608695652,17,17,5.9814453125,1.2312,5.5-6.0,mid
pAF,7263,i,0,NaN,206.217813793432,269,77.9702970297029,20,0,NaN,NaN,,
pAF,7291,i,1,184,172.841658910555,180,86.0655737704918,19,19,6.9580078125,1.1466,6.5-7.3,high
pAF,7322,i,0,NaN,237.52567270663,263,73.6842105263158,3,0,NaN,NaN,,
pAF,7327,i,1,197,194.393860082018,197,74.4680851063829,7,7,6.8359375,1.0728,6.5-7.3,high
pAF,7337,i,1,214,188.649758519859,208,83.7765957446808,15,13,5.2490234375,1.278,5.0-5.5,mid
pAF,7340,i,0,NaN,199.605622790441,223,85.2503382949932,23,0,NaN,NaN,,
pAF,7355,i,1,196,177.972685121022,192,86.5384615384615,24,24,5.9814453125,1.4157,5.5-6.0,mid
pAF,7362,i,0,NaN,203.927046108307,207,84.9056603773585,17,0,NaN,NaN,,
pAF,7363,i,1,192,184.429967164797,189,86.8965517241379,18,18,6.2255859375,1.1304,6.0-6.5,mid
pAF,7368,i,0,NaN,216.436912371857,224,77.970297029703,5,0,NaN,NaN,,
pAF,7371,i,0,NaN,212.159649415655,234,73.0858468677494,17,0,NaN,NaN,,
pAF,7391,i,1,220,213.090272755602,217,82.7858081471747,9,1,5.7373046875,1.3725,5.5-6.0,mid
pAF,7394,i,1,261,210.084562511198,246,64.8815653964984,25,3,4.2724609375,1.1088,4.1-4.5,low
pAF,7404,i,0,NaN,193.416877567543,229,77.2058823529412,27,3,NaN,NaN,,
pAF,7422,i,0,NaN,169.39932760084,209,67.2358591248666,21,21,NaN,NaN,,low
pAF,7428,i,1,221,216.52317820202,219,77.9702970297029,3,3,5.615234375,1.2033,5.5-6.0,mid
pAF,7435,i,1,195,197.866524765901,193,84.9056603773585,16,16,6.2255859375,1.5237,6.0-6.5,mid
pAF,7458,i,0,NaN,197.199633158023,242,80.4597701149425,25,0,NaN,NaN,,
pAF,7473,i,0,NaN,222.030731103659,223,86.5384615384615,0,0,NaN,NaN,,
pAF,7488,i,1,172,162.752001524896,172,73.4265734265734,20,20,7.080078125,0.9432,6.5-7.3,high
pAF,7490,i,0,NaN,203.65758234539,240,84,3,0,NaN,NaN,,
pAF,7493,i,0,NaN,233.418714889704,282,73.7704918032787,13,0,NaN,NaN,,
pAF,7498,i,1,252,220.567837249262,249,59.5463137996219,5,3,4.638671875,1.0467,4.5-5.0,low
pAF,7523,i,0,NaN,199.959553725064,224,87.1369294605809,19,0,NaN,NaN,,
pAF,7525,i,0,NaN,174.428193854459,193,82.5688073394495,17,0,NaN,NaN,,
pAF,7541,i,0,NaN,215.755239718477,253,66.9500531349628,14,0,NaN,NaN,,
pAF,7560,i,1,177,160.82855136157,175,80.6658130601792,18,18,6.591796875,0.9837,6.5-7.3,high
pAF,7572,i,0,NaN,235.082512511297,263,68.0345572354212,2,0,NaN,NaN,,
pAF,7592,i,0,NaN,187.538948418471,190,84.6774193548387,9,9,NaN,NaN,,
pAF,7597,i,1,193,170.848287722532,188,83.8881491344873,20,18,6.103515625,1.296,6.0-6.5,mid
pAF,7600,i,1,178,166.402907720701,174,76.6423357664233,22,22,6.9580078125,1.0008,6.5-7.3,high
pAF,7608,i,1,206,187.087551292316,205,56.099732858415,27,27,5.37109375,1.1673,5.0-5.5,mid
pAF,7613,i,1,211,188.032272505785,209,84.3373493975904,15,15,5.7373046875,1.2699,5.5-6.0,mid
pAF,7623,i,1,244,198.256987103312,240,78.8485607008761,17,17,4.7607421875,1.1367,4.5-5.0,low
pAF,7641,i,1,227,202.261598893267,219,85.7142857142857,13,1,5.2490234375,1.4076,5.0-5.5,mid
pAF,7644,i,0,NaN,242.131725490333,262,85.9481582537517,0,0,NaN,NaN,,
pAF,7651,i,1,211,203.523335167236,210,72.1649484536082,12,12,5.859375,1.206,5.5-6.0,mid
pAF,7672,i,1,227,200.409084771338,220,68.8524590163934,11,5,5.37109375,1.206,5.0-5.5,mid
pAF,7674,i,0,NaN,206.087877169761,240,80.6658130601792,14,0,NaN,NaN,,
pAF,7696,i,0,NaN,228.284944136372,293,78.9473684210526,6,0,NaN,NaN,,
pAF,7708,i,0,NaN,235.791392256127,287,84,6,0,NaN,NaN,,
pAF,7709,i,0,NaN,242.767746156773,255,84.9056603773585,6,0,NaN,NaN,,
pAF,7719,i,0,NaN,231.828011315993,269,66.7372881355932,7,0,NaN,NaN,,
pAF,7730,i,0,NaN,224.096369591898,287,72.2477064220184,2,0,NaN,NaN,,
pAF,7740,i,1,191,167.038765453901,188,66.0377358490566,32,32,6.103515625,0.8892,6.0-6.5,mid
pAF,7742,i,1,184,174.36495875565,181,78.0669144981413,18,18,6.591796875,0.9342,6.5-7.3,high
pAF,7749,i,0,NaN,225.728680798122,298,70.3125,1,0,NaN,NaN,,
pAF,7757,i,1,244,210.930979177698,239,80.3571428571428,8,1,4.638671875,1.2204,4.5-5.0,low
pAF,7758,i,1,177,168.414035170012,176,80.8729139922978,13,13,7.080078125,1.0134,6.5-7.3,high
pAF,7775,i,1,254,227.114312802754,250,60.1719197707736,4,1,4.39453125,1.1979,4.1-4.5,low
pAF,7787,i,1,206,180.386846285495,203,86.3013698630137,14,14,5.37109375,1.3086,5.0-5.5,mid
pAF,7792,i,1,202,172.315584448457,194,64.5491803278688,35,17,5.2490234375,1.062,5.0-5.5,mid
pAF,7815,i,1,190,178.351357271604,189,69.7674418604651,15,15,6.591796875,1.0269,6.5-7.3,high
pAF,7823,i,0,NaN,222.359724697148,292,82.8947368421053,5,0,NaN,NaN,,
pAF,7827,i,1,186,163.492937529038,181,60.6936416184971,39,39,5.859375,0.9252,5.5-6.0,mid
pAF,7847,i,0,NaN,173.493647655087,225,68.2556879739978,36,0,NaN,NaN,,
pAF,7884,i,1,176,162.679271793837,172,73.0011587485515,30,30,6.8359375,1.1016,6.5-7.3,high
pAF,7891,i,1,218,185.996285695473,212,82.8947368421053,14,11,4.7607421875,1.1682,4.5-5.0,low
pAF,7892,i,0,NaN,187.600072477915,226,87.378640776699,26,0,NaN,NaN,,
pAF,7895,i,0,NaN,212.542726249689,227,74.3801652892562,0,0,NaN,NaN,,
pAF,7915,i,0,NaN,240.031471685143,243,78.2608695652174,5,0,NaN,NaN,,
pAF,7917,i,0,NaN,216.217562177342,252,89.3617021276596,11,0,NaN,NaN,,
pAF,7940,i,0,NaN,218.047702192322,299,59.9429115128449,22,0,NaN,NaN,,
pAF,7946,i,1,217,203.138692581291,214,70.2341137123746,22,22,5.37109375,1.2015,5.0-5.5,mid
pAF,7955,i,0,NaN,235.600013679774,292,80.2547770700637,13,0,NaN,NaN,,
pAF,7958,i,1,204,171.417225442732,199,74.1176470588235,29,29,5.37109375,0.9981,5.0-5.5,mid
pAF,7959,i,0,NaN,187.182787240308,218,71.4285714285714,15,0,NaN,NaN,,
pAF,7960,i,1,214,184.019782148658,202,80.4597701149425,22,14,5.2490234375,1.3662,5.0-5.5,mid
pAF,7966,i,1,208,188.174528119911,205,70.8661417322835,23,23,5.9814453125,1.1655,5.5-6.0,mid
pAF,7967,i,0,NaN,202.677127439019,236,76.1789600967352,18,0,NaN,NaN,,
pAF,7969,i,1,192,188.656002397234,190,83.1134564643799,20,20,6.7138671875,1.2312,6.5-7.3,high
pAF,7973,i,1,208,199.267656092547,206,79.0464240903388,13,13,6.34765625,1.0719,6.0-6.5,mid
pAF,7983,i,0,NaN,227.572063331158,269,84.9056603773585,18,0,NaN,NaN,,
pAF,7994,i,1,204,189.269503466814,201,79.646017699115,18,18,5.7373046875,1.4418,5.5-6.0,mid
pAF,8000,i,1,203,168.30917336329,200,83.1134564643799,14,14,5.37109375,1.0998,5.0-5.5,mid
pAF,8007,i,1,212,187.313990372873,207,87.2576177285319,24,5,5.615234375,1.2591,5.5-6.0,mid
pAF,8031,i,0,NaN,212.010259247909,245,70.8661417322835,20,0,NaN,NaN,,
pAF,8033,i,0,NaN,206.487661589716,281,65.5567117585848,15,0,NaN,NaN,,
pAF,8043,i,0,NaN,229.596119967406,244,87.8661087866109,7,0,NaN,NaN,,
pAF,8044,i,0,NaN,189.691649144785,256,62.1301775147929,39,0,NaN,NaN,,
pAF,8047,i,0,NaN,217.462920349353,237,77.7777777777777,17,0,NaN,NaN,,
pAF,8048,i,0,NaN,213.495170926108,238,81.0810810810811,7,0,NaN,NaN,,
pAF,8050,i,0,NaN,239.124317619935,278,74.8218527315914,15,0,NaN,NaN,,
pAF,8075,i,1,205,178.484632266838,199,79.5454545454545,18,16,5.7373046875,1.458,5.5-6.0,mid
pAF,8077,i,0,NaN,202.997104250884,228,77.9702970297029,20,0,NaN,NaN,,
pAF,8078,i,1,246,220.605345584823,233,80.5626598465473,14,1,4.8828125,1.2879,4.5-5.0,low
pAF,8110,i,0,NaN,241.615690673163,246,77.6818742293465,4,0,NaN,NaN,,
pAF,8112,i,1,206,177.527971985182,204,63.7651821862348,23,23,5.37109375,1.0899,5.0-5.5,mid
pAF,8132,i,1,222,198.418481116169,220,87.7437325905292,1,1,5.126953125,1.2582,5.0-5.5,mid
pAF,8145,i,1,208,197.266579359333,206,79.5454545454545,14,14,5.615234375,1.4184,5.5-6.0,mid
pAF,8167,i,1,230,210.136811466771,228,83.7765957446808,2,2,5.2490234375,1.2861,5.0-5.5,mid
pAF,8196,i,1,201,192.85018891986,200,83.3333333333333,8,8,6.7138671875,1.1367,6.5-7.3,high
pAF,8201,i,1,208,177.016192128889,204,71.2669683257919,22,20,5.2490234375,1.2474,5.0-5.5,mid
pAF,8206,i,0,NaN,219.574337800019,259,68.7022900763359,18,0,NaN,NaN,,
pAF,8217,i,1,226,192.355208477267,223,66.4556962025316,1,1,4.7607421875,0.9675,4.5-5.0,low
pAF,8225,i,1,219,190.547925631079,213,74.0305522914218,24,22,5.126953125,1.1061,5.0-5.5,mid
pAF,8238,i,1,223,202.914858785043,219,75.9951749095295,19,19,5.126953125,1.1709,5.0-5.5,mid
pAF,8258,i,1,208,188.661593876182,205,69.2307692307692,2,2,5.7373046875,1.1592,5.5-6.0,mid
pAF,8266,i,1,247,194.621492589038,228,68.0345572354212,37,7,4.39453125,1.044,4.1-4.5,low
pAF,8287,i,1,210,160.278425367316,207,85.8310626702997,20,20,5.0048828125,1.0368,5.0-5.5,mid
pAF,8296,i,1,228,173.063345943432,215,72.3306544202066,30,13,4.5166015625,1.0548,4.5-5.0,low
pAF,8299,i,0,NaN,201.05513846314,217,80.4597701149425,12,0,NaN,NaN,,
pAF,8307,i,1,222,203.806717061678,219,69.6132596685082,17,17,5.615234375,1.1043,5.5-6.0,mid
pAF,8314,i,1,193,187.27832733831,193,80.1526717557252,8,8,6.591796875,1.125,6.5-7.3,high
pAF,8326,i,1,197,206.56102274025,197,84.1121495327103,4,4,6.7138671875,1.1187,6.5-7.3,high
pAF,8332,i,0,NaN,229.879526364581,267,69.3069306930693,14,0,NaN,NaN,,
pAF,8346,i,1,201,189.789710357407,200,81.0810810810811,6,6,6.34765625,1.1637,6.0-6.5,mid
pAF,8384,i,1,200,182.668248768226,197,66.3856691253951,23,23,5.859375,1.1844,5.5-6.0,mid
pAF,8401,i,1,190,172.266062536371,187,80.8729139922978,21,21,6.103515625,1.0719,6.0-6.5,mid
pAF,8402,i,0,NaN,203.847315027262,236,88.7323943661972,11,0,NaN,NaN,,
pAF,8406,i,1,194,184.667051874269,191,82.6771653543307,16,16,5.9814453125,1.2924,5.5-6.0,mid
pAF,8434,i,1,242,223.765797037013,240,67.524115755627,11,11,5.126953125,1.2906,5.0-5.5,mid
pAF,8440,i,0,NaN,234.569757977624,296,74.3801652892562,7,0,NaN,NaN,,
pAF,8442,i,1,227,191.020277248041,218,65.8995815899581,31,9,4.7607421875,1.3014,4.5-5.0,low
pAF,8449,i,0,NaN,199.433688472556,262,83.6653386454183,26,0,NaN,NaN,,
pAF,8454,i,1,216,190.765032452669,211,70.2341137123746,23,23,5.126953125,1.2825,5.0-5.5,mid
pAF,8458,i,0,NaN,168.430538056797,196,82.6771653543307,20,1,NaN,NaN,,
pAF,8459,i,0,NaN,191.678703995545,218,88.6075949367088,19,0,NaN,NaN,,
pAF,8468,i,0,NaN,233.114144645217,257,64.7482014388489,2,0,NaN,NaN,,
pAF,8469,i,1,198,190.33125290295,196,80.0508259212198,16,16,7.2021484375,0.9594,6.5-7.3,high
pAF,8470,i,1,240,181.186875219937,236,78.75,23,1,5.126953125,0.801,5.0-5.5,mid
pAF,8497,i,1,225,224.615331044479,223,78.9473684210526,6,6,5.615234375,1.2978,5.5-6.0,mid
pAF,8509,i,1,242,181.565398815386,232,74.4680851063829,26,17,4.2724609375,0.864,4.1-4.5,low
pAF,8531,i,0,NaN,214.052620892842,246,79.3450881612091,17,0,NaN,NaN,,
pAF,8557,i,0,NaN,242.823155917533,253,87.6216968011126,0,0,NaN,NaN,,
pAF,8566,i,1,192,180.269872703058,189,83.223249669749,15,15,6.2255859375,1.1484,6.0-6.5,mid
pAF,8593,i,1,233,219.15702708649,232,83.6653386454183,5,1,5.37109375,1.3356,5.0-5.5,mid
pAF,8614,i,1,183,176.085519513646,179,82.5688073394495,26,26,6.8359375,1.1709,6.5-7.3,high
pAF,8630,i,1,225,208.108383732855,223,70.9459459459459,8,8,5.2490234375,1.0917,5.0-5.5,mid
pAF,8639,i,1,202,176.132331448905,198,67.8879310344827,33,33,5.615234375,1.2447,5.5-6.0,mid
pAF,8647,i,0,NaN,191.990173976927,225,77.7777777777777,26,0,NaN,NaN,,
pAF,8650,i,1,193,184.751209426613,192,72.8323699421966,6,6,6.4697265625,1.0782,6.0-6.5,mid
pAF,8654,i,0,NaN,206.893983405476,232,85.1351351351351,16,0,NaN,NaN,,
pAF,8665,i,1,193,175.15286079589,190,74.2924528301887,20,20,6.2255859375,1.1547,6.0-6.5,mid
pAF,8666,i,0,NaN,173.090939607355,189,67.4518201284796,26,23,NaN,NaN,,
pAF,8700,i,0,NaN,217.192952694568,238,87.1369294605809,10,0,NaN,NaN,,
pAF,8701,i,1,178,169.156679022068,177,80.2547770700637,15,15,7.080078125,1.152,6.5-7.3,high
pAF,8725,i,1,221,179.268737921098,214,60.6936416184971,35,35,4.7607421875,0.7884,4.5-5.0,low
pAF,8730,i,1,240,173.765664690101,230,79.6460176991151,28,13,4.39453125,0.9981,4.1-4.5,low
pAF,8763,i,1,191,173.767777459565,188,76.271186440678,19,19,6.2255859375,1.1583,6.0-6.5,mid
pAF,8770,i,1,173,164.798010331033,171,75.1789976133651,19,19,6.8359375,1.1007,6.5-7.3,high
pAF,8790,i,0,NaN,222.927035902423,248,78.4557907845579,11,0,NaN,NaN,,
pAF,8799,i,1,173,160.31439005609,170,83.1134564643799,18,18,6.9580078125,1.0152,6.5-7.3,high
pAF,8802,i,1,202,178.901455556399,199,74.2049469964664,12,12,5.4931640625,1.2393,5.0-5.5,mid
pAF,8841,i,1,206,177.903726817618,200,86.4197530864198,23,21,5.859375,1.1493,5.5-6.0,mid
pAF,8847,i,0,NaN,205.346784348971,270,69.7674418604651,7,0,NaN,NaN,,
pAF,8853,i,1,185,175.195684071274,183,78.9473684210526,13,13,6.591796875,1.2834,6.5-7.3,high
pAF,8909,i,1,177,161.631576390719,174,73.4265734265734,19,19,6.4697265625,0.873,6.0-6.5,mid
pAF,8925,i,1,194,178.001971779944,184,85.3658536585366,26,20,5.9814453125,1.3635,5.5-6.0,mid
pAF,8930,i,0,NaN,192.350396604568,213,85.5978260869565,21,0,NaN,NaN,,
pAF,8938,i,0,NaN,235.34687398377,280,83.7765957446808,1,0,NaN,NaN,,
pAF,8949,i,0,NaN,217.656986130634,263,58.8785046728972,3,0,NaN,NaN,,
pAF,8967,i,1,185,170.997552283479,182,82.2454308093995,21,21,6.103515625,1.2294,6.0-6.5,mid
pAF,8968,i,1,215,184.393856349765,210,62.6865671641791,35,35,5.126953125,1.0755,5.0-5.5,mid
pAF,8974,i,1,198,168.949256220534,192,63.7651821862348,32,32,5.4931640625,0.9558,5.0-5.5,mid
pAF,8976,i,0,NaN,212.133384895584,216,83.5543766578249,1,1,NaN,NaN,,
pAF,8994,i,0,NaN,205.299371243374,222,81.0810810810811,6,0,NaN,NaN,,
pAF,9013,i,0,NaN,225.225982473246,231,77.1113831089351,0,0,NaN,NaN,,
pAF,9020,i,1,221,202.622295032088,218,73.943661971831,16,16,5.4931640625,1.1637,5.0-5.5,mid
pAF,9027,i,1,197,188.511551507145,193,85.7142857142857,14,14,6.103515625,1.2708,6.0-6.5,mid
pAF,9038,i,1,221,202.028528872863,220,81.6062176165803,3,3,5.2490234375,0.9045,5.0-5.5,mid
pAF,9064,i,0,NaN,226.963389431039,246,75.4491017964072,0,0,NaN,NaN,,
pAF,9123,i,1,236,201.319836590759,221,74.2924528301887,14,1,5.126953125,1.3185,5.0-5.5,mid
pAF,9125,i,0,NaN,197.44256338734,207,85.7142857142857,16,0,NaN,NaN,,
pAF,9137,i,1,206,177.034202657422,203,89.7435897435897,11,11,5.37109375,1.143,5.0-5.5,mid
pAF,9141,i,1,232,204.637183055333,220,80.6658130601793,12,1,5.4931640625,1.2348,5.0-5.5,mid
pAF,9142,i,1,202,198.17555550301,201,81.1855670103093,15,15,6.8359375,1.071,6.5-7.3,high
pAF,9154,i,1,185,170.38083315402,181,80.8729139922978,24,24,6.4697265625,1.2915,6.0-6.5,high
pAF,9172,i,1,235,187.660292856977,224,66.8080593849417,32,11,4.638671875,1.1196,4.5-5.0,low
pAF,9183,i,1,217,197.335043063649,215,65.8995815899581,17,17,5.2490234375,1.2528,5.0-5.5,mid
pAF,9184,i,1,190,179.477976410082,189,78.8485607008761,12,12,6.34765625,1.2186,6.0-6.5,mid
pAF,9185,i,0,NaN,194.459676856364,233,58.933582787652,31,0,NaN,NaN,,
pAF,9211,i,1,214,185.746644307015,206,72.0823798627002,25,5,5.2490234375,1.2177,5.0-5.5,mid
pAF,9218,i,1,214,208.029224601938,210,75.3588516746411,15,13,5.859375,1.3482,5.5-6.0,mid
pAF,9231,i,1,173,168.027988545429,172,84,13,13,7.2021484375,1.0494,6.5-7.3,high
pAF,9235,i,1,192,174.347217038281,187,69.6132596685082,34,34,5.859375,1.2294,5.5-6.0,mid
pAF,9256,i,1,209,180.319078848588,205,70.7070707070707,27,27,5.7373046875,1.0638,5.5-6.0,mid
pAF,9260,i,1,206,186.172686798513,203,74.1176470588235,11,11,5.37109375,1.2888,5.0-5.5,mid
pAF,9269,i,1,179,163.482837348623,176,71.5909090909091,24,24,6.7138671875,1.0278,6.5-7.3,high
pAF,9271,i,1,222,178.732374630963,218,67.6691729323308,32,32,5.126953125,1.0566,5.0-5.5,mid
pAF,9273,i,0,NaN,212.140326179528,275,72.3306544202067,21,0,NaN,NaN,,
pAF,9280,i,1,195,174.613126007782,193,79.3450881612091,12,12,5.859375,1.0845,5.5-6.0,mid
pAF,9294,i,1,198,175.97875422427,195,72.4137931034483,21,21,5.7373046875,1.125,5.5-6.0,mid
pAF,9338,i,1,217,212.123209185127,216,82.4607329842932,6,6,6.103515625,1.1961,6.0-6.5,mid
pAF,9344,i,1,183,174.009961049691,180,74.5562130177515,23,23,6.7138671875,0.8955,6.5-7.3,high
pAF,9353,i,1,195,166.31604170327,191,76.73568818514,21,21,5.615234375,0.9783,5.5-6.0,mid
pAF,9359,i,0,NaN,174.663010810102,240,78.5536159600997,29,0,NaN,NaN,,
pAF,9365,i,1,174,161.61601865515,172,80.2547770700637,20,20,7.080078125,0.9846,6.5-7.3,high
pAF,9366,i,0,NaN,219.408683207374,267,84.2245989304813,1,0,NaN,NaN,,
pAF,9378,i,1,202,198.987336349848,201,72.6643598615917,11,11,6.2255859375,1.1583,6.0-6.5,mid
pAF,9380,i,1,204,175.740722896793,193,82.3529411764706,21,13,5.2490234375,1.1457,5.0-5.5,mid
pAF,9381,i,0,NaN,232.296680114698,246,76.271186440678,1,1,NaN,NaN,,
pAF,9416,i,1,223,194.874490077062,217,61.1650485436893,32,7,5.126953125,1.1961,5.0-5.5,mid
pAF,9419,i,1,215,203.377337605714,214,65.6934306569343,19,19,5.859375,0.918,5.5-6.0,mid
pAF,9427,i,1,205,171.402080417633,194,74.8218527315914,33,11,5.4931640625,1.3266,5.0-5.5,mid
pAF,9430,i,0,NaN,179.935255854813,227,87.0165745856353,29,0,NaN,NaN,,
pAF,9454,i,1,211,166.147816635064,207,69.7674418604651,31,31,5.0048828125,0.8937,5.0-5.5,mid
pAF,9476,i,1,229,201.066567646521,222,80.4597701149425,22,11,5.0048828125,1.1889,5.0-5.5,mid
pAF,9507,i,1,257,192.144663427556,249,64.8815653964984,35,25,5.0048828125,0.6894,5.0-5.5,mid
pAF,9510,i,1,194,181.518118291599,193,65.015479876161,19,19,5.9814453125,1.0296,5.5-6.0,mid
pAF,9532,i,0,NaN,201.636624434832,241,87.2576177285319,16,0,NaN,NaN,,
pAF,9533,i,1,242,172.708976366142,222,84.3373493975903,30,1,4.5166015625,1.1142,4.5-5.0,low
pAF,9543,i,1,218,226.852406684025,219,82.03125,1,1,6.103515625,1.323,6.0-6.5,mid
pAF,9554,i,0,NaN,236.105091006983,303,71.1864406779661,3,0,NaN,NaN,,
pAF,9576,i,1,183,178.210053510913,184,80.0508259212198,4,4,7.2021484375,1.1394,6.5-7.3,high
pAF,9581,i,0,NaN,218.139404764217,244,81.8181818181818,15,0,NaN,NaN,,
pAF,9585,i,1,213,202.013955310278,210,80.2547770700637,15,15,5.859375,1.4346,5.5-6.0,mid
pAF,9594,i,1,199,164.89063014261,196,79.646017699115,24,24,5.7373046875,1.0521,5.5-6.0,mid
pAF,9611,i,1,219,189.758088840434,217,82.5688073394495,12,12,5.2490234375,1.1205,5.0-5.5,mid
pAF,9633,i,0,NaN,207.606540140609,234,85.5978260869565,17,0,NaN,NaN,,
pAF,9634,i,0,NaN,216.041849758934,250,59.1549295774648,8,0,NaN,NaN,,
pAF,9635,i,0,NaN,239.635317510467,263,79.1457286432161,0,0,NaN,NaN,,
pAF,9678,i,0,NaN,222.842047214901,246,73.3410942956927,17,0,NaN,NaN,,
pAF,9686,i,0,NaN,232.962093448397,320,70.2341137123746,13,0,NaN,NaN,,
pAF,9730,i,1,203,199.715949152793,202,83.3333333333333,13,13,6.4697265625,1.3752,6.0-6.5,high
pAF,9735,i,1,225,187.94681417285,221,55.9006211180124,37,37,4.638671875,0.945,4.5-5.0,low
pAF,9780,i,1,236,177.255408373763,227,60,37,23,4.2724609375,0.8487,4.1-4.5,low
pAF,9782,i,1,286,202.521857807296,279,69.8447893569845,25,25,4.5166015625,0.7011,4.5-5.0,low
pAF,9783,i,1,175,169.912985774536,173,77.3006134969325,18,18,7.080078125,1.0557,6.5-7.3,high
pAF,9791,i,0,NaN,243.496375790826,297,59.3220338983051,5,0,NaN,NaN,,
pAF,9818,i,1,187,181.00009337331,187,67.1641791044776,17,17,6.2255859375,1.1142,6.0-6.5,mid
pAF,9821,i,1,195,178.243844244607,189,81.7120622568093,22,20,5.9814453125,1.1646,5.5-6.0,mid
pAF,9837,i,0,NaN,189.22638149331,215,83.223249669749,23,0,NaN,NaN,,
pAF,9854,i,1,188,191.069478025995,187,81.0810810810811,15,15,6.8359375,1.3221,6.5-7.3,high
pAF,9864,i,0,NaN,196.162340802213,244,59.37794533459,39,0,NaN,NaN,,
pAF,9865,i,1,244,214.396281306879,224,74.0305522914218,18,1,5.126953125,1.2699,5.0-5.5,mid
pAF,9894,i,0,NaN,222.150297750748,278,83.3333333333333,2,0,NaN,NaN,,
pAF,9900,i,1,211,182.426084302511,205,85.8310626702997,21,19,5.4931640625,1.2402,5.0-5.5,mid
pAF,9907,i,0,NaN,220.488660434683,255,85.4816824966079,15,0,NaN,NaN,,
pAF,9914,i,0,NaN,217.052461522224,210,84.5637583892617,3,3,NaN,NaN,,mid
pAF,9921,i,1,206,192.015991993605,204,65.4205607476635,21,21,5.9814453125,1.0449,5.5-6.0,mid
pAF,9931,i,1,194,169.018113862083,190,65.7620041753653,38,38,5.4931640625,0.9756,5.0-5.5,mid
pAF,9934,i,0,NaN,196.353604301257,227,71.4285714285714,23,0,NaN,NaN,,
pAF,9938,i,1,194,178.662979510911,191,66.6666666666667,15,15,5.9814453125,1.0881,5.5-6.0,mid
pAF,9947,i,0,NaN,240.967553325048,271,82.03125,1,0,NaN,NaN,,
pAF,9959,i,0,NaN,241.47388132738,261,82.3529411764706,2,0,NaN,NaN,,
pAF,9986,i,1,202,208.002914656019,203,82.8947368421052,5,5,7.080078125,1.1358,6.5-7.3,high
pAF,9988,i,1,186,178.314775854516,183,77.3955773955774,25,25,6.2255859375,1.3293,6.0-6.5,mid
pAF,11,m,1,217,167.914761979424,198,70.9459459459459,28,26,5.2490234375,0.9765,5.0-5.5,mid
pAF,19,m,0,NaN,232.869563272674,236,77.7777777777778,0,0,NaN,NaN,,
pAF,23,m,1,267,177.351908240176,245,64.3513789581205,36,36,5.126953125,0.9873,5.0-5.5,mid
pAF,37,m,1,199,179.330224472258,189,85.8310626702997,15,15,5.7373046875,1.3482,5.5-6.0,mid
pAF,49,m,0,NaN,244.853919152731,282,77.8739184177997,0,0,NaN,NaN,,
pAF,73,m,1,198,178.737184183236,189,78.1637717121588,14,14,5.7373046875,1.3194,5.5-6.0,mid
pAF,85,m,1,186,168.690775783412,176,83.1134564643799,17,17,6.7138671875,1.1025,6.5-7.3,high
pAF,99,m,0,NaN,209.190639863438,256,79.2452830188679,2,0,NaN,NaN,,
pAF,117,m,0,NaN,214.879282947542,241,87.0165745856354,12,0,NaN,NaN,,
pAF,119,m,0,NaN,240.047028689616,272,86.1833105335157,2,0,NaN,NaN,,
pAF,127,m,0,NaN,225.16790045044,264,60.1145038167939,17,0,NaN,NaN,,
pAF,137,m,1,208,188.635144389154,195,69.3832599118943,22,22,6.34765625,1.1592,6.0-6.5,mid
pAF,151,m,1,219,168.4576654599,195,64.8815653964984,35,33,5.2490234375,0.9243,5.0-5.5,mid
pAF,184,m,0,NaN,234.625842909714,261,80.1526717557252,14,0,NaN,NaN,,
pAF,205,m,0,NaN,182.913023072055,203,68.4782608695652,33,15,NaN,NaN,,mid
pAF,209,m,1,194,170.603070962199,184,74.2924528301887,15,15,6.34765625,1.1376,6.0-6.5,mid
pAF,212,m,0,NaN,181.36520834994,197,77.9702970297029,23,1,NaN,NaN,,mid
pAF,229,m,0,NaN,221.266460574581,227,84.6774193548387,2,0,NaN,NaN,,
pAF,232,m,1,190,170.923202975224,178,68.3297180043384,24,24,7.080078125,0.7632,6.5-7.3,high
pAF,236,m,0,NaN,197.065376250532,237,69.5364238410596,11,0,NaN,NaN,,
pAF,241,m,1,225,213.792275961641,222,71.6723549488055,7,7,5.859375,1.2654,5.5-6.0,mid
pAF,250,m,0,NaN,227.41721117877,238,78.5536159600997,7,0,NaN,NaN,,
pAF,258,m,0,NaN,233.640431329652,248,79.9492385786802,9,0,NaN,NaN,,
pAF,267,m,1,204,190.599863206786,191,83.5543766578249,19,19,6.2255859375,1.0899,6.0-6.5,mid
pAF,277,m,0,NaN,210.44714933075,231,85.2503382949932,14,0,NaN,NaN,,
pAF,280,m,0,NaN,205.845039386484,236,77.2058823529411,25,0,NaN,NaN,,
pAF,289,m,1,197,169.210952478323,185,87.9888268156424,22,9,5.7373046875,1.1052,5.5-6.0,mid
pAF,299,m,0,NaN,236.850602716797,289,70.7070707070707,1,0,NaN,NaN,,
pAF,309,m,1,193,163.110013951991,172,66.8789808917197,36,36,6.9580078125,0.7056,6.5-7.3,high
pAF,312,m,1,197,183.45784454274,191,78.0669144981413,10,10,7.2021484375,1.0845,6.5-7.3,high
pAF,333,m,0,NaN,229.589761944371,246,83.00395256917,1,0,NaN,NaN,,
pAF,367,m,0,NaN,204.801079408484,209,79.8479087452472,8,3,NaN,NaN,,
pAF,377,m,1,187,164.772360662566,180,86.3013698630137,12,12,6.4697265625,1.1142,6.0-6.5,mid
pAF,380,m,0,NaN,221.2083409279,236,78.6516853932584,5,0,NaN,NaN,,
pAF,383,m,1,240,169.39802079332,223,80.4597701149425,31,27,6.2255859375,0.5985,6.0-6.5,mid
pAF,384,m,0,NaN,227.301112218382,298,65.0826446280992,1,0,NaN,NaN,,
pAF,387,m,0,NaN,212.488870963127,269,65.8995815899581,24,0,NaN,NaN,,
pAF,464,m,1,202,168.107657613124,190,84.9056603773585,18,18,5.7373046875,1.1394,5.5-6.0,mid
pAF,469,m,0,NaN,218.92443632373,238,88.6075949367088,11,0,NaN,NaN,,
pAF,475,m,1,256,218.950309064647,250,64.8815653964984,7,7,4.2724609375,0.9378,4.1-4.5,low
pAF,476,m,1,205,172.10074129729,190,80.9768637532134,25,7,5.615234375,1.1394,5.5-6.0,mid
pAF,508,m,0,NaN,177.750749415245,217,81.6062176165803,16,0,NaN,NaN,,
pAF,509,m,1,224,184.036849569988,211,60.9874152952566,21,21,5.126953125,1.1106,5.0-5.5,mid
pAF,516,m,0,NaN,227.465982155016,301,73.3410942956927,10,0,NaN,NaN,,
pAF,522,m,1,189,166.215734422112,177,80.8729139922978,20,20,6.4697265625,1.0638,6.0-6.5,mid
pAF,526,m,1,227,220.574804260585,218,77.5862068965517,11,11,5.615234375,1.0413,5.5-6.0,mid
pAF,527,m,1,192,180.932722244266,184,80.1526717557252,16,16,7.080078125,1.1277,6.5-7.3,high
pAF,531,m,0,NaN,221.613576714299,222,82.4607329842932,6,1,NaN,NaN,,mid
pAF,542,m,0,NaN,216.129435835792,231,85.5978260869565,12,0,NaN,NaN,,
pAF,575,m,0,NaN,207.044687000729,234,69.1547749725576,20,0,NaN,NaN,,
pAF,581,m,0,NaN,212.874959464054,218,85.3658536585366,8,0,NaN,NaN,,
pAF,599,m,1,221,204.499183475084,212,71.753986332574,16,16,6.2255859375,1.0485,6.0-6.5,mid
pAF,609,m,1,196,176.49247188431,184,76.6423357664233,20,20,6.4697265625,1.2654,6.0-6.5,mid
pAF,613,m,0,NaN,240.801432571468,234,83.8881491344873,2,0,NaN,NaN,,
pAF,631,m,0,NaN,237.841649003974,274,72.1649484536082,3,0,NaN,NaN,,
pAF,633,m,0,NaN,219.695476841523,253,77.970297029703,2,0,NaN,NaN,,
pAF,666,m,1,213,194.378677692759,203,76.4563106796116,16,16,5.7373046875,1.1835,5.5-6.0,mid
pAF,682,m,0,NaN,199.443114022455,231,84.6774193548387,12,0,NaN,NaN,,
pAF,683,m,1,207,165.130121357506,186,64.7482014388489,34,34,5.7373046875,0.9018,5.5-6.0,mid
pAF,702,m,1,217,160.6728247848,195,66.5258711721225,38,37,5.2490234375,1.0701,5.0-5.5,mid
pAF,726,m,0,NaN,239.394175844187,295,62.3762376237624,7,0,NaN,NaN,,
pAF,738,m,1,187,184.452100212009,184,85.5978260869565,6,6,6.7138671875,1.5975,6.5-7.3,high
pAF,747,m,0,NaN,219.020072398533,229,79.145728643216,19,3,NaN,NaN,,mid
pAF,752,m,1,188,177.170434401814,179,85.3658536585366,16,16,6.591796875,1.1178,6.5-7.3,high
pAF,754,m,0,NaN,224.352420641437,250,85.2503382949932,14,0,NaN,NaN,,
pAF,760,m,1,211,177.426468148151,193,75.9951749095295,29,29,5.859375,1.2411,5.5-6.0,mid
pAF,779,m,0,NaN,211.031998350169,223,80.7692307692307,5,1,NaN,NaN,,mid
pAF,786,m,1,210,176.575671852464,192,86.1833105335157,25,23,5.9814453125,1.3122,5.5-6.0,mid
pAF,789,m,0,NaN,202.161443790996,210,82.03125,11,1,NaN,NaN,,mid
pAF,796,m,1,183,174.247089300305,178,83.8881491344873,10,10,7.080078125,1.1043,6.5-7.3,high
pAF,807,m,1,212,188.306424187016,201,75.4491017964072,29,11,5.615234375,1.3617,5.5-6.0,mid
pAF,814,m,0,NaN,192.034402550278,197,85.9481582537517,16,1,NaN,NaN,,
pAF,820,m,0,NaN,232.224874024658,239,86.6574965612104,3,0,NaN,NaN,,
pAF,821,m,1,233,172.076549504302,218,59.6590909090909,25,25,4.5166015625,1.0341,4.5-5.0,low
pAF,826,m,1,198,164.859050767736,180,72.8323699421966,29,29,6.2255859375,0.936,6.0-6.5,mid
pAF,829,m,1,212,194.168363806435,208,85.7142857142857,7,7,5.615234375,1.1484,5.5-6.0,mid
pAF,841,m,0,NaN,205.100829556693,208,79.4451450189156,1,1,NaN,NaN,,mid
pAF,848,m,1,250,190.331571007526,233,84.7913862718708,22,15,4.5166015625,0.9729,4.5-5.0,low
pAF,850,m,1,248,178.905320333324,233,73.943661971831,23,15,4.39453125,0.9207,4.1-4.5,low
pAF,856,m,1,202,186.644768196107,189,65.0826446280992,26,26,6.591796875,0.9855,6.5-7.3,high
pAF,865,m,1,227,178.786315304882,211,79.746835443038,32,17,5.0048828125,1.0719,5.0-5.5,mid
pAF,874,m,0,NaN,186.397865192434,193,78.0669144981412,2,2,NaN,NaN,,mid
pAF,875,m,0,NaN,163.070825246432,200,62.5,30,28,NaN,NaN,,
pAF,877,m,0,NaN,192.500034269142,201,86.8965517241379,13,5,NaN,NaN,,
pAF,884,m,1,193,192.493484778948,192,76.0869565217391,7,7,7.2021484375,1.215,6.5-7.3,high
pAF,889,m,1,239,176.313667807663,225,83.5543766578249,25,13,4.638671875,1.0278,4.5-5.0,low
pAF,907,m,0,NaN,210.779840101641,215,86.1833105335157,6,1,NaN,NaN,,
pAF,923,m,0,NaN,211.965888417355,272,59.0994371482176,7,0,NaN,NaN,,
pAF,937,m,1,240,204.008316693908,230,63.1895687061183,16,16,4.7607421875,0.9963,4.5-5.0,low
pAF,972,m,1,218,196.07581528039,210,67.4518201284796,14,14,5.2490234375,0.8739,5.0-5.5,mid
pAF,974,m,1,196,177.871793378028,185,81.2903225806451,18,18,6.4697265625,1.1196,6.0-6.5,mid
pAF,975,m,0,NaN,237.416265868473,256,75.7211538461538,0,0,NaN,NaN,,
pAF,988,m,1,187,164.15947095133,177,79.646017699115,18,18,6.8359375,1.0548,6.5-7.3,high
pAF,1003,m,1,204,174.737608074698,189,86.3013698630137,23,23,5.7373046875,1.0989,5.5-6.0,mid
pAF,1017,m,1,202,176.713842390702,190,79.9492385786802,18,13,5.9814453125,1.3887,5.5-6.0,mid
pAF,1037,m,0,NaN,217.514996776816,227,65.6934306569343,3,3,NaN,NaN,,mid
pAF,1038,m,1,193,179.771896525504,183,82.03125,17,17,6.591796875,1.0944,6.5-7.3,high
pAF,1040,m,0,NaN,219.698918544316,288,84.4504021447721,28,0,NaN,NaN,,
pAF,1059,m,0,NaN,234.060845519984,234,82.4607329842932,3,0,NaN,NaN,,
pAF,1089,m,0,NaN,216.775488812527,246,86.896551724138,3,0,NaN,NaN,,
pAF,1109,m,0,NaN,163.917816645167,205,83.554376657825,31,0,NaN,NaN,,
pAF,1110,m,0,NaN,198.851260728334,233,76.0869565217391,16,12,NaN,NaN,,low
pAF,1125,m,0,NaN,185.340771250485,234,76.0869565217391,18,0,NaN,NaN,,
pAF,1135,m,1,210,191.039507566005,201,75.8122743682311,15,15,6.34765625,1.1907,6.0-6.5,mid
pAF,1137,m,0,NaN,188.72955789906,215,75.1789976133652,21,21,NaN,NaN,,mid
pAF,1140,m,1,221,162.804375267515,201,71.3476783691959,35,33,5.37109375,0.9279,5.0-5.5,mid
pAF,1141,m,1,213,178.808036225193,201,71.4285714285714,32,7,5.2490234375,1.323,5.0-5.5,mid
pAF,1147,m,1,219,183.777109008442,200,78.9473684210526,27,25,5.37109375,1.1862,5.0-5.5,mid
pAF,1173,m,0,NaN,189.436115059609,223,79.2452830188679,17,1,NaN,NaN,,low
pAF,1176,m,1,200,161.215743792884,181,80.7692307692308,31,31,6.103515625,1.1736,6.0-6.5,mid
pAF,1182,m,0,NaN,236.298584956479,295,85.9481582537517,17,0,NaN,NaN,,
pAF,1184,m,1,234,227.067937728942,232,74.5562130177515,4,4,5.2490234375,1.3275,5.0-5.5,mid
pAF,1198,m,1,202,163.226797826959,184,63.12625250501,31,31,5.859375,0.9171,5.5-6.0,mid
pAF,1210,m,1,219,170.16951278635,192,57.6923076923077,41,41,5.2490234375,1.0062,5.0-5.5,mid
pAF,1213,m,0,NaN,203.211399122869,203,83.5543766578249,17,3,NaN,NaN,,mid
pAF,1226,m,0,NaN,230.547504680384,256,88.2352941176471,11,0,NaN,NaN,,
pAF,1241,m,0,NaN,212.546354602113,225,82.1382007822686,10,3,NaN,NaN,,
pAF,1246,m,0,NaN,164.597771638124,172,85.3658536585366,25,23,NaN,NaN,,high
pAF,1255,m,0,NaN,235.537404389681,258,62.3762376237624,5,1,NaN,NaN,,low
pAF,1260,m,1,212,181.337033036478,197,78.9473684210526,24,24,5.7373046875,1.296,5.5-6.0,mid
pAF,1273,m,0,NaN,234.103182244406,251,88.35904628331,7,0,NaN,NaN,,
pAF,1278,m,0,NaN,234.574485233985,281,81.0810810810811,23,0,NaN,NaN,,
pAF,1282,m,1,194,185.625420388191,186,80.0508259212198,15,15,7.080078125,0.8784,6.5-7.3,high
pAF,1324,m,1,202,188.988272264593,194,77.7777777777778,14,14,6.34765625,1.1727,6.0-6.5,mid
pAF,1325,m,0,NaN,233.748360914433,278,64.2857142857142,11,0,NaN,NaN,,
pAF,1336,m,0,NaN,197.830746301915,243,68.7022900763359,29,0,NaN,NaN,,
pAF,1342,m,1,217,167.655658641212,208,75.7211538461538,30,7,5.859375,0.6615,5.5-6.0,mid
pAF,1345,m,0,NaN,206.880223900946,240,79.3450881612091,17,0,NaN,NaN,,
pAF,1346,m,1,229,206.745859913761,219,79.746835443038,16,14,5.37109375,1.3104,5.0-5.5,mid
pAF,1350,m,1,201,194.460195570769,199,72.3306544202067,6,6,6.4697265625,0.9729,6.0-6.5,mid
pAF,1356,m,1,218,180.242733435342,204,85.4816824966079,29,11,5.2490234375,1.1961,5.0-5.5,mid
pAF,1450,m,0,NaN,207.36275829807,240,84.4504021447721,15,3,NaN,NaN,,low
pAF,1461,m,0,NaN,230.203355450329,241,72.0823798627002,0,0,NaN,NaN,,
pAF,1466,m,0,NaN,230.45830288437,245,82.8947368421053,5,0,NaN,NaN,,
pAF,1476,m,1,190,163.7437475837,174,77.5862068965517,21,19,6.103515625,1.1979,6.0-6.5,mid
pAF,1510,m,1,196,171.918640463402,184,81.1855670103093,20,20,6.2255859375,1.2231,6.0-6.5,mid
pAF,1523,m,0,NaN,233.910030742256,252,89.2351274787536,10,0,NaN,NaN,,
pAF,1527,m,0,NaN,215.37304394535,225,77.2058823529412,3,3,NaN,NaN,,mid
pAF,1532,m,0,NaN,201.942262819859,259,84.6774193548387,12,0,NaN,NaN,,
pAF,1544,m,1,190,175.565998396509,184,77.9702970297029,10,10,6.591796875,1.1196,6.5-7.3,high
pAF,1551,m,1,206,172.658388965807,193,72.9166666666667,21,21,5.859375,1.1358,5.5-6.0,mid
pAF,1557,m,0,NaN,231.601545070196,266,85.3658536585366,4,0,NaN,NaN,,
pAF,1561,m,0,NaN,164.255768536808,175,76.3636363636364,0,0,NaN,NaN,,
pAF,1604,m,0,NaN,190.576548749879,198,86.8965517241379,19,1,NaN,NaN,,mid
pAF,1609,m,1,226,171.11409005164,214,68.1818181818182,30,15,4.638671875,1.0665,4.5-5.0,low
pAF,1612,m,0,NaN,243.500127957937,260,83.5543766578249,0,0,NaN,NaN,,
pAF,1628,m,0,NaN,228.595006265736,250,79.9492385786802,1,0,NaN,NaN,,
pAF,1643,m,1,225,219.41465692909,222,74.6445497630332,6,6,5.9814453125,1.2195,5.5-6.0,mid
pAF,1655,m,1,186,163.070323620792,173,77.7777777777778,24,24,6.9580078125,1.0215,6.5-7.3,high
pAF,1660,m,1,228,193.059217861482,221,83.223249669749,10,10,5.0048828125,1.2024,5.0-5.5,mid
pAF,1672,m,0,NaN,240.140078618264,247,80.1526717557252,7,0,NaN,NaN,,
pAF,1674,m,0,NaN,218.324749659027,236,79.2452830188679,0,0,NaN,NaN,,
pAF,1696,m,0,NaN,235.614753315815,234,81.0810810810811,0,0,NaN,NaN,,
pAF,1708,m,0,NaN,235.11191596857,249,86.1833105335157,4,0,NaN,NaN,,
pAF,1709,m,0,NaN,212.231416547351,233,85.5978260869565,6,0,NaN,NaN,,
pAF,1710,m,1,232,188.196595984089,218,74.3801652892562,22,22,4.8828125,1.0791,4.5-5.0,mid
pAF,1713,m,1,230,194.50322934935,215,71.4285714285714,24,24,5.4931640625,1.296,5.0-5.5,mid
pAF,1715,m,0,NaN,197.923696133272,216,85.1351351351351,4,4,NaN,NaN,,mid
pAF,1721,m,0,NaN,229.573134314582,251,84.3373493975904,1,0,NaN,NaN,,
pAF,1722,m,0,NaN,221.406675287006,234,78.5536159600997,7,0,NaN,NaN,,
pAF,1733,m,0,NaN,228.981612905118,233,83.223249669749,5,1,NaN,NaN,,mid
pAF,1747,m,0,NaN,164.053317589322,175,78.1637717121588,0,0,NaN,NaN,,
pAF,1760,m,0,NaN,221.584002876261,240,85.5978260869565,0,0,NaN,NaN,,
pAF,1766,m,1,200,177.78510774544,186,74.468085106383,23,23,6.103515625,1.0602,6.0-6.5,mid
pAF,1774,m,1,203,174.603709911295,188,81.6062176165803,23,21,5.859375,1.2681,5.5-6.0,mid
pAF,1783,m,0,NaN,232.148362365071,295,82.2454308093995,10,0,NaN,NaN,,
pAF,1789,m,0,NaN,196.298413426521,207,86.3013698630137,1,1,NaN,NaN,,mid
pAF,1795,m,1,215,186.259984068893,200,82.6771653543307,22,20,5.7373046875,1.3392,5.5-6.0,mid
pAF,1800,m,1,202,162.193206947624,179,65.5567117585848,37,37,5.9814453125,1.0341,5.5-6.0,mid
pAF,1810,m,1,200,167.746487514312,189,84.1121495327103,17,17,6.103515625,0.9657,6.0-6.5,mid
pAF,1811,m,1,225,173.347077379396,204,75.1789976133651,33,31,5.2490234375,1.1061,5.0-5.5,mid
pAF,1824,m,1,203,201.82402354123,200,76.73568818514,7,7,6.4697265625,1.341,6.0-6.5,mid
pAF,1831,m,0,NaN,213.710939883262,274,74.910820451843,20,0,NaN,NaN,,
pAF,1840,m,1,215,178.607372152605,196,63,34,34,5.859375,1.224,5.5-6.0,mid
pAF,1862,m,0,NaN,178.276006051317,198,81.924577373212,13,11,NaN,NaN,,
pAF,1870,m,0,NaN,216.372193604861,255,73.8569753810082,9,0,NaN,NaN,,
pAF,1872,m,1,199,184.871990549327,188,80.4597701149425,18,18,6.34765625,1.0809,6.0-6.5,mid
pAF,1873,m,0,NaN,215.542598512955,253,59.4900849858357,15,0,NaN,NaN,,
pAF,1881,m,1,208,168.447117117226,184,59.6026490066225,40,40,5.859375,1.0242,5.5-6.0,mid
pAF,1886,m,1,216,188.162116606822,204,82.7858081471747,16,14,5.7373046875,1.2294,5.5-6.0,mid
pAF,1892,m,0,NaN,203.530735424269,220,80.2547770700637,20,0,NaN,NaN,,
pAF,1919,m,0,NaN,241.114163252707,240,85.0202429149798,0,0,NaN,NaN,,
pAF,1937,m,0,NaN,222.416625879407,231,76.2711864406779,1,0,NaN,NaN,,
pAF,1957,m,1,203,164.343994031566,182,71.0259301014656,35,35,5.859375,1.1061,5.5-6.0,mid
pAF,1960,m,1,197,177.998134267844,187,67.0926517571885,17,17,6.103515625,1.1385,6.0-6.5,mid
pAF,1982,m,1,208,175.895715011757,189,81.1855670103093,28,26,5.859375,1.2393,5.5-6.0,mid
pAF,1986,m,1,203,182.943100699275,190,85.5978260869565,22,22,6.34765625,1.1628,6.0-6.5,mid
pAF,1988,m,1,270,175.017887860617,248,66.9500531349628,32,31,4.638671875,0.6174,4.5-5.0,low
pAF,1992,m,0,NaN,222.821278020099,227,83.3333333333333,3,1,NaN,NaN,,mid
pAF,2036,m,1,196,173.934817713503,189,70.1559020044544,16,9,5.9814453125,1.1061,5.5-6.0,mid
pAF,2054,m,0,NaN,208.9793203917,211,82.5688073394495,1,1,NaN,NaN,,mid
pAF,2062,m,0,NaN,196.881854821273,220,78.1637717121588,24,1,NaN,NaN,,low
pAF,2070,m,1,232,164.1072261546,206,54.3572044866264,45,45,4.7607421875,0.8649,4.5-5.0,low
pAF,2079,m,1,246,213.922434413384,233,57.9044117647058,22,22,4.638671875,1.0359,4.5-5.0,low
pAF,2080,m,1,210,177.981612991942,196,87.0165745856353,21,21,5.859375,1.0548,5.5-6.0,mid
pAF,2110,m,1,189,167.286776393281,178,73.0858468677494,22,22,6.9580078125,0.9486,6.5-7.3,high
pAF,2116,m,1,200,160.940868582627,180,78.3582089552238,28,26,5.859375,1.2006,5.5-6.0,mid
pAF,2125,m,1,268,210.894512833314,259,65.4205607476635,11,11,5.0048828125,0.7848,5.0-5.5,mid
pAF,2128,m,1,198,183.402806225444,188,76.3636363636363,18,18,6.7138671875,1.1115,6.5-7.3,high
pAF,2155,m,0,NaN,221.08167161551,286,60.6936416184971,19,0,NaN,NaN,,
pAF,2163,m,0,NaN,187.393992488287,224,80.6658130601792,24,0,NaN,NaN,,
pAF,2178,m,1,196,180.667970166709,191,81.3953488372093,10,10,6.34765625,1.2357,6.0-6.5,mid
pAF,2184,m,0,NaN,191.620007190933,214,81.2903225806452,20,3,NaN,NaN,,mid
pAF,2198,m,1,211,175.159516474931,194,75.7211538461538,28,28,5.859375,1.1268,5.5-6.0,mid
pAF,2200,m,0,NaN,241.207096429112,290,67.0212765957447,0,0,NaN,NaN,,
pAF,2274,m,0,NaN,182.472890324614,238,86.0655737704918,31,0,NaN,NaN,,
pAF,2275,m,0,NaN,231.479571852578,255,84.9056603773585,0,0,NaN,NaN,,
pAF,2280,m,0,NaN,182.289120730937,216,53.3898305084746,36,1,NaN,NaN,,
pAF,2288,m,1,196,179.467561952442,189,84.9056603773585,14,14,6.34765625,1.3995,6.0-6.5,mid
pAF,2305,m,0,NaN,221.851663253328,258,67.2358591248666,4,0,NaN,NaN,,
pAF,2306,m,1,209,205.617876594202,209,79.0464240903388,4,4,6.103515625,1.2105,6.0-6.5,mid
pAF,2313,m,1,196,181.320959907142,187,72.7482678983833,18,18,6.591796875,1.1475,6.5-7.3,high
pAF,2321,m,0,NaN,189.523051457014,263,79.646017699115,27,0,NaN,NaN,,
pAF,2327,m,1,209,178.25251685339,199,83.7765957446808,17,17,5.9814453125,1.1367,5.5-6.0,mid
pAF,2329,m,1,225,209.844230915856,220,81.3953488372093,10,5,5.4931640625,1.3032,5.0-5.5,mid
pAF,2360,m,1,191,172.349175523486,186,83.6653386454183,8,8,6.2255859375,1.2114,6.0-6.5,mid
pAF,2385,m,1,211,211.874639775204,209,82.6771653543307,4,4,6.103515625,1.3149,6.0-6.5,mid
pAF,2396,m,0,NaN,241.913177875074,311,54.9738219895288,0,0,NaN,NaN,,
pAF,2400,m,0,NaN,220.846359315219,233,70.548712206047,2,2,NaN,NaN,,mid
pAF,2421,m,0,NaN,164.164253680538,192,82.3529411764706,26,1,NaN,NaN,,mid
pAF,2433,m,0,NaN,232.515940560108,251,69.6902654867257,13,0,NaN,NaN,,
pAF,2450,m,0,NaN,203.25214073719,252,66.2460567823343,25,0,NaN,NaN,,
pAF,2481,m,1,206,185.918449029567,192,77.6818742293465,21,21,5.9814453125,1.3212,5.5-6.0,mid
pAF,2487,m,1,207,161.692730821953,186,70.548712206047,34,34,5.859375,0.9981,5.5-6.0,mid
pAF,2497,m,0,NaN,221.114773532172,252,85.1351351351351,14,0,NaN,NaN,,
pAF,2512,m,1,220,174.235026591115,204,58.933582787652,27,27,5.126953125,0.8829,5.0-5.5,mid
pAF,2515,m,0,NaN,207.945536244406,266,83.3333333333333,31,0,NaN,NaN,,
pAF,2536,m,0,NaN,204.303006620154,239,74.3801652892562,11,3,NaN,NaN,,low
pAF,2552,m,1,209,162.621575091121,191,86.3013698630137,28,26,5.859375,0.9972,5.5-6.0,mid
pAF,2582,m,1,209,172.051200217451,191,72,29,29,5.9814453125,1.1142,5.5-6.0,mid
pAF,2599,m,0,NaN,231.577897266332,281,84.4504021447721,15,0,NaN,NaN,,
pAF,2603,m,0,NaN,209.479688698164,224,80.2547770700637,10,1,NaN,NaN,,mid
pAF,2605,m,1,197,161.229916205535,178,64.8148148148148,36,36,6.34765625,1.1583,6.0-6.5,mid
pAF,2634,m,0,NaN,219.987616742779,269,77.6818742293465,0,0,NaN,NaN,,
pAF,2642,m,1,217,208.256266141965,213,83.223249669749,9,5,5.859375,1.3392,5.5-6.0,mid
pAF,2643,m,0,NaN,239.797724475924,263,88.35904628331,6,0,NaN,NaN,,
pAF,2672,m,0,NaN,225.154543416429,229,86.3013698630136,0,0,NaN,NaN,,
pAF,2697,m,1,227,206.755746144438,216,71.6723549488055,18,18,5.37109375,1.1079,5.0-5.5,mid
pAF,2699,m,0,NaN,209.191346593158,210,82.1382007822686,3,3,NaN,NaN,,mid
pAF,2726,m,1,187,170.038555084204,180,84,14,14,6.9580078125,1.1385,6.5-7.3,high
pAF,2727,m,1,192,160.390649555309,174,83.223249669749,30,30,6.34765625,0.774,6.0-6.5,mid
pAF,2742,m,1,188,174.941367067382,179,82.6771653543307,16,16,6.8359375,1.107,6.5-7.3,high
pAF,2758,m,1,199,168.698353042186,186,72,22,22,5.859375,1.1079,5.5-6.0,mid
pAF,2763,m,0,NaN,242.93603226744,312,66.5258711721225,1,0,NaN,NaN,,
pAF,2765,m,1,188,166.761714505228,177,81.1855670103092,18,18,6.591796875,1.0143,6.5-7.3,high
pAF,2766,m,0,NaN,232.106707348663,249,75.0893921334922,1,0,NaN,NaN,,
pAF,2775,m,1,210,213.120272067092,209,65.8307210031348,8,8,6.4697265625,0.9783,6.0-6.5,mid
pAF,2792,m,0,NaN,230.13132015337,279,84.4504021447721,14,0,NaN,NaN,,
pAF,2803,m,1,195,176.382858512407,184,67.0926517571885,22,22,6.9580078125,0.8901,6.5-7.3,high
pAF,2805,m,0,NaN,225.111617005692,270,81.9245773732119,10,0,NaN,NaN,,
pAF,2824,m,0,NaN,235.327384408847,286,62.0689655172414,1,0,NaN,NaN,,
pAF,2825,m,1,245,199.589838229353,224,60.2294455066921,31,31,4.7607421875,1.0494,4.5-5.0,low
pAF,2866,m,0,NaN,238.88331240783,239,77.4907749077491,10,0,NaN,NaN,,
pAF,2872,m,1,250,187.327215169957,231,60,29,29,4.2724609375,0.9315,4.1-4.5,low
pAF,2910,m,1,203,192.156329976184,194,79.8479087452471,16,16,6.4697265625,1.1718,6.0-6.5,mid
pAF,2911,m,0,NaN,232.837937679142,258,81.3953488372093,0,0,NaN,NaN,,
pAF,2923,m,0,NaN,236.418131324164,250,71.5096481271282,1,0,NaN,NaN,,
pAF,2933,m,0,NaN,212.154609254401,225,88.1118881118881,12,0,NaN,NaN,,
pAF,2939,m,1,213,196.952057564013,207,63.508064516129,14,14,5.859375,1.2357,5.5-6.0,mid
pAF,2947,m,1,200,179.015899677586,191,83.4437086092715,13,13,6.103515625,1.3086,6.0-6.5,mid
pAF,2979,m,0,NaN,228.420746505835,239,66.4556962025316,7,1,NaN,NaN,,low
pAF,2992,m,0,NaN,235.17099356254,260,79.5454545454545,1,0,NaN,NaN,,
pAF,3007,m,0,NaN,223.140534260325,221,84,0,0,NaN,NaN,,
pAF,3015,m,1,207,182.065034752159,198,84.7913862718708,14,14,5.615234375,1.2825,5.5-6.0,mid
pAF,3016,m,0,NaN,244.705565374068,293,79.2452830188679,1,0,NaN,NaN,,
pAF,3018,m,1,184,180.962124799895,183,78.0669144981413,5,5,6.9580078125,1.0296,6.5-7.3,high
pAF,3038,m,0,NaN,168.843751319189,181,80.7692307692307,17,3,NaN,NaN,,mid
pAF,3055,m,0,NaN,223.806240708909,283,63.9593908629442,19,0,NaN,NaN,,
pAF,3064,m,1,216,183.831808900737,209,83.3333333333333,11,11,5.2490234375,1.2195,5.0-5.5,mid
pAF,3082,m,1,201,173.287718384221,186,74.468085106383,24,24,7.080078125,1.1286,6.5-7.3,high
pAF,3090,m,0,NaN,195.726289199018,200,80.5626598465473,0,0,NaN,NaN,,
pAF,3094,m,0,NaN,206.3382327902,209,85.2503382949932,14,1,NaN,NaN,,
pAF,3104,m,1,211,183.56108308777,197,81.7120622568093,21,21,5.859375,1.1043,5.5-6.0,mid
pAF,3108,m,1,191,165.547006154928,181,77.2058823529412,17,17,6.34765625,1.1709,6.0-6.5,mid
pAF,3130,m,0,NaN,233.150879853027,260,71.9178082191781,7,0,NaN,NaN,,
pAF,3135,m,1,194,185.852244525508,191,87.1369294605809,5,5,6.34765625,1.2114,6.0-6.5,mid
pAF,3136,m,0,NaN,189.78100302659,227,65.2173913043478,27,3,NaN,NaN,,low
pAF,3151,m,1,192,169.193127049642,186,87.378640776699,9,9,6.2255859375,1.1673,6.0-6.5,mid
pAF,3153,m,0,NaN,227.350515819242,242,87.5,9,0,NaN,NaN,,
pAF,3155,m,1,234,169.952260196413,211,68.3297180043384,33,31,4.7607421875,0.8568,4.5-5.0,low
pAF,3170,m,0,NaN,210.314989547747,242,74.6445497630332,7,0,NaN,NaN,,
pAF,3175,m,1,220,217.338397181171,216,73.512252042007,8,8,5.9814453125,1.2942,5.5-6.0,mid
pAF,3183,m,0,NaN,177.821726884256,225,75.4491017964072,31,0,NaN,NaN,,
pAF,3189,m,1,201,161.977356089868,183,74.6445497630332,31,31,5.9814453125,1.1664,5.5-6.0,mid
pAF,3192,m,0,NaN,192.754760114272,227,83.4437086092715,21,0,NaN,NaN,,
pAF,3199,m,0,NaN,205.317873517182,224,76.271186440678,12,12,NaN,NaN,,mid
pAF,3211,m,1,201,160.068468287362,180,80.9768637532134,29,25,5.615234375,1.0575,5.5-6.0,mid
pAF,3212,m,0,NaN,220.942648689903,234,87.1369294605809,17,0,NaN,NaN,,
pAF,3239,m,1,175,165.7434979877,167,83.5543766578249,16,16,6.8359375,1.053,6.5-7.3,high
pAF,3245,m,0,NaN,203.094347644444,260,57.9576816927323,34,0,NaN,NaN,,
pAF,3246,m,0,NaN,237.352477909779,248,61.046511627907,12,2,NaN,NaN,,low
pAF,3250,m,0,NaN,213.955143128587,248,75.0893921334922,17,0,NaN,NaN,,
pAF,3258,m,0,NaN,237.960788995952,276,81.5006468305304,13,0,NaN,NaN,,
pAF,3307,m,1,215,162.690533726411,190,53.2994923857868,44,44,5.37109375,0.8298,5.0-5.5,mid
pAF,3320,m,0,NaN,224.901027996224,225,83.223249669749,7,1,NaN,NaN,,mid
pAF,3329,m,0,NaN,201.423412258082,243,74.0305522914218,23,0,NaN,NaN,,
pAF,3336,m,1,188,165.70898334447,168,75.3588516746411,33,33,6.7138671875,1.1502,6.5-7.3,high
pAF,3341,m,0,NaN,238.543686886267,262,85.7142857142857,6,0,NaN,NaN,,
pAF,3346,m,1,198,174.1002308854,186,81.8181818181818,20,20,6.103515625,1.1016,6.0-6.5,mid
pAF,3367,m,1,195,161.983068797192,179,75.4491017964072,24,24,6.103515625,0.9198,6.0-6.5,mid
pAF,3382,m,1,184,175.254681015926,174,80.0508259212198,18,18,7.2021484375,1.0908,6.5-7.3,high
pAF,3395,m,0,NaN,175.503009460772,223,84.2245989304813,28,0,NaN,NaN,,
pAF,3396,m,0,NaN,236.900240335075,254,84.2245989304813,1,0,NaN,NaN,,
pAF,3413,m,1,227,199.09302306045,213,71.6723549488055,21,21,5.37109375,1.1691,5.0-5.5,mid
pAF,3414,m,0,NaN,194.445917741272,225,73.5981308411215,25,0,NaN,NaN,,
pAF,3424,m,0,NaN,189.689317916505,200,80.7692307692308,1,1,NaN,NaN,,mid
pAF,3426,m,0,NaN,227.120543325582,281,85.7142857142857,18,0,NaN,NaN,,
pAF,3435,m,1,194,171.33436165491,182,84.4504021447721,21,21,6.34765625,1.3518,6.0-6.5,mid
pAF,3444,m,1,241,174.431144630806,218,61.105722599418,38,37,4.7607421875,0.9567,4.5-5.0,low
pAF,3451,m,0,NaN,240.779856768095,255,82.8947368421052,1,0,NaN,NaN,,
pAF,3456,m,1,205,189.398485519429,196,80.7692307692308,15,15,6.34765625,1.1691,6.0-6.5,mid
pAF,3470,m,1,206,186.406193486895,196,74.4680851063829,16,16,5.9814453125,1.1079,5.5-6.0,mid
pAF,3471,m,1,217,189.789831171678,204,79.746835443038,19,17,5.2490234375,1.1889,5.0-5.5,mid
pAF,3482,m,0,NaN,195.530878512713,211,88.2352941176471,16,0,NaN,NaN,,
pAF,3491,m,1,196,195.527124800057,191,81.7120622568093,12,12,6.8359375,1.2294,6.5-7.3,high
pAF,3492,m,0,NaN,206.015065648971,230,81.3953488372093,6,2,NaN,NaN,,mid
pAF,3494,m,0,NaN,227.608192184656,303,54.4511668107174,31,0,NaN,NaN,,
pAF,3502,m,0,NaN,210.78528549333,226,88.4831460674157,12,0,NaN,NaN,,
pAF,3515,m,1,220,168.808603264762,204,66.1070304302204,25,25,5.0048828125,0.9873,5.0-5.5,mid
pAF,3525,m,1,228,198.377045879199,217,84.7913862718708,15,15,5.126953125,1.2492,5.0-5.5,mid
pAF,3528,m,0,NaN,220.063314998755,265,79.9492385786802,16,0,NaN,NaN,,
pAF,3534,m,1,189,175.624439581785,179,84.5637583892617,18,18,6.9580078125,1.2294,6.5-7.3,high
pAF,3562,m,0,NaN,235.044649854106,267,54.735013032146,2,0,NaN,NaN,,
pAF,3566,m,1,217,178.796844485012,198,72.3306544202067,31,31,5.7373046875,1.1628,5.5-6.0,mid
pAF,3575,m,0,NaN,201.19227851188,212,86.7768595041322,16,0,NaN,NaN,,
pAF,3576,m,0,NaN,229.207047792712,243,67.3076923076923,0,0,NaN,NaN,,
pAF,3583,m,1,231,213.599949767769,222,69.4597574421168,13,13,5.4931640625,1.2915,5.0-5.5,mid
pAF,3588,m,0,NaN,221.194049044068,222,82.1382007822686,10,0,NaN,NaN,,
pAF,3601,m,0,NaN,179.747948569071,216,84.3373493975904,28,1,NaN,NaN,,low
pAF,3645,m,1,190,161.920315311851,175,65.2173913043478,30,30,6.4697265625,1.1142,6.0-6.5,mid
pAF,3677,m,0,NaN,228.593398637371,241,87.6216968011127,6,0,NaN,NaN,,
pAF,3692,m,0,NaN,225.356066110377,239,84.3373493975904,10,0,NaN,NaN,,
pAF,3708,m,1,215,183.256886387935,207,85.4816824966079,16,5,5.37109375,1.2546,5.0-5.5,mid
pAF,3717,m,1,244,180.655185995041,227,81.5006468305304,26,13,4.5166015625,0.9702,4.5-5.0,low
pAF,3730,m,1,211,201.922183284958,202,81.3953488372093,14,14,6.103515625,1.2654,6.0-6.5,mid
pAF,3747,m,1,202,192.017127452673,193,84.9056603773585,18,18,6.8359375,1.287,6.5-7.3,high
pAF,3759,m,0,NaN,244.917546516939,255,79.345088161209,0,0,NaN,NaN,,
pAF,3768,m,1,211,172.503174775629,195,73.512252042007,25,25,5.37109375,0.6813,5.0-5.5,mid
pAF,3780,m,1,232,196.356757378169,215,77.0171149144254,25,9,4.7607421875,1.2276,4.5-5.0,low
pAF,3811,m,0,NaN,180.570483394411,231,75.1789976133652,22,1,NaN,NaN,,mid
pAF,3818,m,0,NaN,212.597447786655,219,74.6445497630332,25,3,NaN,NaN,,mid
pAF,3864,m,1,209,169.124061745388,187,64.0243902439025,38,38,5.859375,1.1106,5.5-6.0,mid
pAF,3876,m,1,204,170.123088134991,183,86.1833105335157,28,22,6.103515625,1.3905,6.0-6.5,mid
pAF,3899,m,0,NaN,224.499047041005,288,75.6302521008403,23,0,NaN,NaN,,
pAF,3926,m,1,204,174.248977730873,188,80.1526717557252,23,23,5.9814453125,0.9873,5.5-6.0,mid
pAF,3929,m,0,NaN,221.599993642281,244,84,15,0,NaN,NaN,,
pAF,3932,m,1,210,171.994763033021,194,67.379679144385,25,23,5.2490234375,1.3419,5.0-5.5,mid
pAF,3935,m,1,216,173.281380496221,207,80.8729139922978,23,11,5.126953125,1.2375,5.0-5.5,mid
pAF,3937,m,1,192,169.053193133186,178,78.4557907845579,26,26,6.8359375,1.1916,6.5-7.3,high
pAF,3938,m,0,NaN,239.982045068813,268,70.8661417322835,18,0,NaN,NaN,,
pAF,3953,m,1,206,174.908211412607,188,62.5620655412115,31,31,6.34765625,0.8397,6.0-6.5,mid
pAF,3958,m,0,NaN,204.050991086828,211,86.4197530864198,9,1,NaN,NaN,,mid
pAF,3961,m,0,NaN,239.409353432849,249,82.2454308093995,0,0,NaN,NaN,,
pAF,3964,m,1,245,215.768486052562,239,77.8739184177997,8,8,4.7607421875,1.0971,4.5-5.0,low
pAF,3980,m,1,213,181.69687728415,200,76.1789600967352,19,17,5.4931640625,1.3932,5.0-5.5,mid
pAF,3981,m,1,211,185.323258240227,198,75.1789976133651,17,17,5.7373046875,1.206,5.5-6.0,mid
pAF,3993,m,0,NaN,173.977923531871,182,85.3658536585366,27,3,NaN,NaN,,mid
pAF,3998,m,1,198,187.708934569127,194,86.6574965612104,6,6,5.9814453125,1.152,5.5-6.0,mid
pAF,4005,m,1,198,177.306654479682,190,83.5543766578249,14,14,6.7138671875,1.161,6.5-7.3,high
pAF,4022,m,1,225,174.668399776754,202,56.4010743061773,43,43,5.37109375,1.0314,5.0-5.5,mid
pAF,4037,m,0,NaN,215.059708865687,250,77.3955773955774,19,0,NaN,NaN,,
pAF,4047,m,0,NaN,197.392753063526,224,86.7768595041322,21,1,NaN,NaN,,mid
pAF,4052,m,0,NaN,199.993834299181,233,85.8310626702997,16,0,NaN,NaN,,
pAF,4053,m,0,NaN,239.72215743702,237,81.7120622568093,0,0,NaN,NaN,,
pAF,4063,m,1,193,183.214140055745,184,82.5688073394495,16,16,6.4697265625,1.1133,6.0-6.5,mid
pAF,4066,m,0,NaN,232.680838746943,288,85.8310626702997,13,0,NaN,NaN,,
pAF,4074,m,1,221,200.793279813603,209,65.8995815899581,20,20,5.615234375,1.2375,5.5-6.0,mid
pAF,4085,m,0,NaN,235.303805793199,241,85.9481582537517,0,0,NaN,NaN,,
pAF,4086,m,0,NaN,232.721482724664,244,73.512252042007,4,0,NaN,NaN,,
pAF,4100,m,1,203,173.090911541702,187,85.3658536585366,24,22,6.103515625,1.3464,6.0-6.5,mid
pAF,4106,m,0,NaN,183.284792695726,237,75.5395683453237,24,0,NaN,NaN,,
pAF,4119,m,0,NaN,232.681187042363,277,85.5978260869565,3,0,NaN,NaN,,
pAF,4166,m,1,207,175.409976919109,192,80.6658130601792,23,23,6.2255859375,1.1979,6.0-6.5,mid
pAF,4174,m,1,205,175.908587805403,187,85.0202429149798,25,21,5.9814453125,1.1799,5.5-6.0,mid
pAF,4181,m,0,NaN,228.06346778947,236,75.1789976133651,1,1,NaN,NaN,,
pAF,4231,m,1,216,206.398884048409,209,87.8661087866109,10,10,5.7373046875,1.0458,5.5-6.0,mid
pAF,4238,m,0,NaN,216.978430948286,228,75.7211538461538,2,2,NaN,NaN,,mid
pAF,4243,m,1,247,174.977128909486,235,80.0508259212198,29,5,4.39453125,1.1448,4.1-4.5,low
pAF,4246,m,1,192,160.777127784917,180,82.1382007822686,21,21,5.9814453125,1.1898,5.5-6.0,mid
pAF,4257,m,0,NaN,235.734793318254,307,81.2903225806452,19,0,NaN,NaN,,
pAF,4273,m,1,215,198.861082832998,207,74.0305522914218,12,12,6.103515625,1.134,6.0-6.5,mid
pAF,4312,m,0,NaN,244.447358038626,272,84.4504021447721,4,0,NaN,NaN,,
pAF,4334,m,1,223,203.620905525961,220,78.5536159600997,5,5,5.4931640625,1.3923,5.0-5.5,mid
pAF,4342,m,0,NaN,240.215766072157,297,85.1351351351351,10,0,NaN,NaN,,
pAF,4360,m,1,196,180.88960700039,188,68.7022900763359,16,16,6.591796875,1.0845,6.5-7.3,high
pAF,4387,m,0,NaN,220.805879651991,236,82.7858081471747,8,0,NaN,NaN,,
pAF,4403,m,1,196,183.4985183307,184,81.7120622568093,19,19,6.34765625,1.2996,6.0-6.5,mid
pAF,4431,m,1,205,164.444831144057,184,56.910569105691,36,36,5.4931640625,0.8937,5.0-5.5,mid
pAF,4452,m,1,205,178.581869055939,191,69.078947368421,23,23,5.4931640625,1.0962,5.0-5.5,mid
pAF,4471,m,0,NaN,241.602276071106,239,81.924577373212,2,0,NaN,NaN,,
pAF,4482,m,0,NaN,238.672482859212,283,78.1637717121588,8,0,NaN,NaN,,
pAF,4484,m,0,NaN,235.519140628516,264,83.223249669749,4,0,NaN,NaN,,
pAF,4488,m,1,202,175.08716254279,185,80.3571428571428,26,24,6.2255859375,1.2771,6.0-6.5,mid
pAF,4519,m,1,215,183.757103260381,206,71.6723549488054,16,16,5.615234375,1.0656,5.5-6.0,mid
pAF,4548,m,0,NaN,189.502009397642,197,81.5006468305304,0,0,NaN,NaN,,
pAF,4562,m,1,199,178.813573956155,191,64.1547861507128,16,16,6.34765625,1.0656,6.0-6.5,mid
pAF,4564,m,1,194,177.899504621979,179,77.490774907749,25,25,6.8359375,0.8136,6.5-7.3,high
pAF,4575,m,1,215,177.972191918816,200,87.0165745856354,21,19,5.4931640625,1.026,5.0-5.5,mid
pAF,4576,m,1,210,196.664395525433,198,80.8729139922978,20,20,6.591796875,1.2411,6.5-7.3,high
pAF,4581,m,1,181,162.561758851756,169,78.8485607008761,18,18,6.4697265625,1.1088,6.0-6.5,high
pAF,4582,m,0,NaN,209.338284011501,228,83.4437086092715,8,0,NaN,NaN,,
pAF,4634,m,0,NaN,208.393267392632,246,85.9481582537517,12,0,NaN,NaN,,
pAF,4653,m,1,230,182.988604888837,209,76.9230769230769,25,5,4.7607421875,1.0332,4.5-5.0,low
pAF,4657,m,1,202,186.858100753576,196,83.223249669749,9,9,6.2255859375,1.3167,6.0-6.5,mid
pAF,4661,m,0,NaN,205.616708856418,235,55.0699300699301,18,0,NaN,NaN,,
pAF,4671,m,1,198,178.000236727217,184,68.6274509803921,26,26,6.591796875,1.269,6.5-7.3,high
pAF,4674,m,1,221,191.981913378761,207,70.4697986577181,35,11,5.37109375,1.2744,5.0-5.5,mid
pAF,4713,m,1,193,163.766193094532,180,77.8739184177997,23,9,5.7373046875,0.9792,5.5-6.0,mid
pAF,4716,m,1,225,215.358236109059,220,74.1176470588236,8,8,5.615234375,1.3824,5.5-6.0,mid
pAF,4720,m,1,206,169.468932808581,194,72.5806451612903,20,20,5.615234375,0.8829,5.5-6.0,mid
pAF,4730,m,1,247,178.39875110126,234,78.1637717121588,27,7,4.39453125,1.0224,4.1-4.5,low
pAF,4769,m,0,NaN,230.173382615045,272,86.4197530864198,11,0,NaN,NaN,,
pAF,4772,m,0,NaN,200.67061640774,248,76.8292682926829,11,0,NaN,NaN,,
pAF,4791,m,0,NaN,201.089811875769,233,75.0893921334922,16,0,NaN,NaN,,
pAF,4799,m,0,NaN,242.004413472896,272,84.9056603773585,5,0,NaN,NaN,,
pAF,4854,m,0,NaN,201.821590114021,218,86.5384615384615,4,2,NaN,NaN,,mid
pAF,4859,m,0,NaN,167.364835215827,215,60.5769230769231,38,0,NaN,NaN,,
pAF,4860,m,1,203,187.68536870915,194,79.746835443038,16,16,6.4697265625,1.1664,6.0-6.5,mid
pAF,4862,m,1,184,165.094333183173,171,85.0202429149798,22,22,7.080078125,1.2969,6.5-7.3,high
pAF,4884,m,0,NaN,191.122171742638,241,82.5688073394495,18,0,NaN,NaN,,
pAF,4891,m,0,NaN,219.379269455152,250,78.3582089552239,19,0,NaN,NaN,,
pAF,4914,m,1,206,188.865992641091,196,78.9473684210526,17,17,6.591796875,1.0503,6.5-7.3,high
pAF,4916,m,0,NaN,232.451664340959,261,71.3476783691959,0,0,NaN,NaN,,
pAF,4926,m,1,205,161.217663046438,189,72.2477064220183,24,24,5.4931640625,1.143,5.0-5.5,mid
pAF,4935,m,0,NaN,221.698311511718,242,73.9436619718309,7,0,NaN,NaN,,
pAF,4937,m,1,213,168.897647717109,208,82.6771653543307,8,8,5.126953125,1.0314,5.0-5.5,mid
pAF,4942,m,0,NaN,238.367773507722,277,79.4451450189155,1,0,NaN,NaN,,
pAF,4945,m,1,213,162.979306265785,198,55.6537102473498,43,19,4.8828125,0.9711,4.5-5.0,mid
pAF,4948,m,0,NaN,222.483311725322,233,84.4504021447721,14,0,NaN,NaN,,
pAF,4960,m,0,NaN,200.512287919642,228,79.9492385786802,21,0,NaN,NaN,,
pAF,4962,m,1,222,185.092309345535,208,84.2245989304813,23,13,5.2490234375,1.2834,5.0-5.5,mid
pAF,4964,m,1,194,171.498706005274,180,83.3333333333333,23,23,7.080078125,1.0539,6.5-7.3,high
pAF,4970,m,0,NaN,238.587923383304,279,83.1134564643799,5,0,NaN,NaN,,
pAF,4971,m,0,NaN,242.185050586464,254,71.1864406779661,3,0,NaN,NaN,,
pAF,4986,m,0,NaN,175.350263733839,225,82.5688073394495,24,1,NaN,NaN,,mid
pAF,5063,m,0,NaN,236.473765886738,278,69.0032858707557,8,0,NaN,NaN,,
pAF,5071,m,1,192,164.540906139307,176,75.9036144578313,28,28,6.34765625,1.0251,6.0-6.5,mid
pAF,5075,m,0,NaN,181.861888722997,204,84.9056603773585,25,3,NaN,NaN,,mid
pAF,5082,m,0,NaN,244.667245197626,258,73.170731707317,0,0,NaN,NaN,,
pAF,5088,m,1,204,185.609350330553,197,82.2454308093995,12,12,6.2255859375,1.368,6.0-6.5,mid
pAF,5099,m,0,NaN,240.745438930993,284,66.4556962025316,9,0,NaN,NaN,,
pAF,5114,m,1,207,186.781731485833,194,81.7120622568093,19,19,5.859375,1.2033,5.5-6.0,mid
pAF,5139,m,0,NaN,237.263680391414,252,79.4451450189155,1,0,NaN,NaN,,
pAF,5153,m,1,221,160.783467738998,204,79.4451450189155,31,19,5.0048828125,1.0242,5.0-5.5,mid
pAF,5169,m,1,189,160.899981834424,175,81.1855670103093,21,19,6.2255859375,1.332,6.0-6.5,mid
pAF,5182,m,0,NaN,204.586342355055,208,85.8310626702997,4,3,NaN,NaN,,mid
pAF,5189,m,0,NaN,218.493545443715,224,84.2245989304813,7,0,NaN,NaN,,
pAF,5192,m,0,NaN,218.972293664243,258,83.6653386454183,12,0,NaN,NaN,,
pAF,5199,m,0,NaN,219.965849118693,235,84.6774193548387,2,2,NaN,NaN,,mid
pAF,5211,m,1,184,167.338041031697,169,83.0039525691699,26,26,6.9580078125,1.0251,6.5-7.3,high
pAF,5215,m,0,NaN,211.647338843475,216,86.5384615384615,9,0,NaN,NaN,,
pAF,5224,m,0,NaN,219.886885191467,258,83.7765957446808,12,0,NaN,NaN,,
pAF,5228,m,0,NaN,229.356772443782,230,74.8218527315914,13,0,NaN,NaN,,
pAF,5231,m,1,230,192.00588172827,219,84.7913862718708,16,5,4.8828125,1.1754,4.5-5.0,low
pAF,5248,m,0,NaN,218.199709197783,309,55.4577464788733,2,0,NaN,NaN,,
pAF,5260,m,1,195,164.983715056871,177,77.970297029703,27,27,6.8359375,0.9351,6.5-7.3,high
pAF,5291,m,0,NaN,211.157703766192,236,85.4816824966078,17,0,NaN,NaN,,
pAF,5314,m,0,NaN,238.29645498922,245,75.6302521008403,1,1,NaN,NaN,,low
pAF,5315,m,1,210,175.081651286717,198,75.9951749095295,19,19,5.7373046875,1.0746,5.5-6.0,mid
pAF,5350,m,0,NaN,225.902502019781,260,75.0893921334922,13,0,NaN,NaN,,
pAF,5358,m,0,NaN,234.533422497851,274,59.1549295774648,31,0,NaN,NaN,,
pAF,5393,m,0,NaN,201.700281500547,266,65.625,24,0,NaN,NaN,,
pAF,5413,m,1,248,234.354410888387,242,73.8569753810082,5,5,5.0048828125,1.1754,5.0-5.5,mid
pAF,5420,m,1,235,198.032144255252,225,79.5454545454545,16,16,5.0048828125,1.0431,5.0-5.5,mid
pAF,5436,m,0,NaN,228.085734372245,279,84.3373493975903,2,0,NaN,NaN,,
pAF,5441,m,1,203,163.343700987716,185,86.5384615384615,29,29,6.103515625,1.1106,6.0-6.5,mid
pAF,5448,m,0,NaN,228.607493395109,225,78.1637717121588,0,0,NaN,NaN,,
pAF,5463,m,1,197,178.78682180067,191,85.3658536585366,9,9,5.859375,1.278,5.5-6.0,mid
pAF,5466,m,0,NaN,232.184475140602,230,82.2454308093995,1,1,NaN,NaN,,mid
pAF,5472,m,0,NaN,221.942512434602,224,87.0165745856354,8,0,NaN,NaN,,
pAF,5488,m,0,NaN,221.556176845537,229,83.4437086092715,0,0,NaN,NaN,,
pAF,5517,m,0,NaN,193.723993766427,227,84.3373493975904,7,0,NaN,NaN,,
pAF,5521,m,1,194,174.107355848668,183,73.0858468677494,19,19,6.4697265625,1.1331,6.0-6.5,mid
pAF,5526,m,0,NaN,186.034600157327,237,77.1113831089351,32,0,NaN,NaN,,
pAF,5538,m,0,NaN,206.185634632639,229,85.2503382949932,15,0,NaN,NaN,,
pAF,5549,m,1,214,197.486228026413,202,69.1547749725576,20,20,6.103515625,1.1493,6.0-6.5,mid
pAF,5551,m,0,NaN,242.961466528744,285,63.12625250501,7,0,NaN,NaN,,
pAF,5568,m,1,205,178.649997166911,195,82.8947368421053,15,15,5.7373046875,1.2699,5.5-6.0,mid
pAF,5577,m,1,227,168.593096310098,207,73.6842105263158,32,32,6.4697265625,0.6714,6.0-6.5,high
pAF,5591,m,1,232,200.972798062263,219,63.894523326572,23,23,5.126953125,1.1745,5.0-5.5,mid
pAF,5623,m,0,NaN,237.892284996204,249,83.3333333333333,1,0,NaN,NaN,,
pAF,5635,m,1,222,192.420040849596,214,70.0778642936596,14,14,5.2490234375,1.1007,5.0-5.5,mid
pAF,5641,m,0,NaN,243.681717648724,259,70.7865168539325,0,0,NaN,NaN,,
pAF,5649,m,0,NaN,189.240027127242,192,80.8729139922978,17,17,NaN,NaN,,mid
pAF,5659,m,1,218,204.957889995341,213,81.6062176165803,10,5,5.859375,1.3581,5.5-6.0,mid
pAF,5671,m,0,NaN,220.637981090622,217,83.1134564643799,11,7,NaN,NaN,,mid
pAF,5674,m,1,230,204.315611032143,212,69.2307692307692,25,23,5.126953125,1.3158,5.0-5.5,mid
pAF,5713,m,0,NaN,219.275712953779,265,83.223249669749,28,0,NaN,NaN,,
pAF,5716,m,1,239,182.624380744106,217,70.1559020044544,27,19,4.5166015625,1.0728,4.5-5.0,low
pAF,5727,m,0,NaN,220.88789905548,224,74.2924528301887,1,1,NaN,NaN,,mid
pAF,5737,m,0,NaN,216.573565492647,243,79.145728643216,5,1,NaN,NaN,,
pAF,5739,m,0,NaN,198.56505408114,263,74.0305522914218,12,0,NaN,NaN,,
pAF,5763,m,0,NaN,223.565709161325,249,68.8524590163934,15,0,NaN,NaN,,
pAF,5776,m,0,NaN,200.841428299238,240,86.6574965612105,14,0,NaN,NaN,,
pAF,5779,m,0,NaN,203.894052710464,236,64.4171779141104,22,0,NaN,NaN,,
pAF,5780,m,1,246,186.048994051576,223,57.0652173913043,34,34,4.5166015625,0.8082,4.5-5.0,low
pAF,5781,m,0,NaN,220.378521557075,245,73.512252042007,20,0,NaN,NaN,,
pAF,5782,m,0,NaN,168.947658941877,220,80.6658130601792,30,0,NaN,NaN,,
pAF,5795,m,0,NaN,204.541570291498,254,69.078947368421,33,0,NaN,NaN,,
pAF,5806,m,0,NaN,214.544585853138,236,70.3125,18,0,NaN,NaN,,
pAF,5822,m,0,NaN,224.702912646848,232,83.6653386454183,12,0,NaN,NaN,,
pAF,5826,m,1,235,201.799615043237,219,75.7211538461538,22,9,4.8828125,1.188,4.5-5.0,low
pAF,5853,m,1,221,189.57877703516,212,75.6302521008403,14,14,5.2490234375,1.2141,5.0-5.5,mid
pAF,5859,m,0,NaN,167.7117936574,174,82.7858081471748,0,0,NaN,NaN,,
pAF,5871,m,1,220,209.469880484459,209,76.271186440678,13,7,6.34765625,1.1403,6.0-6.5,mid
pAF,5882,m,1,215,200.853576568014,207,84.6774193548387,12,12,5.9814453125,1.314,5.5-6.0,mid
pAF,5893,m,1,186,169.393255332798,180,84.3373493975904,12,12,6.591796875,0.9648,6.5-7.3,high
pAF,5901,m,1,200,171.239089227645,189,68.0345572354212,20,20,6.103515625,1.0224,6.0-6.5,mid
pAF,5907,m,0,NaN,217.305542871283,256,82.4607329842932,13,0,NaN,NaN,,
pAF,5909,m,0,NaN,224.613761896566,305,53.4351145038168,32,0,NaN,NaN,,
pAF,5923,m,0,NaN,224.569797827506,235,85.2503382949932,0,0,NaN,NaN,,
pAF,5925,m,0,NaN,204.424200169626,229,75.2688172043011,29,0,NaN,NaN,,
pAF,5952,m,1,216,201.736454128426,208,74.6445497630332,10,4,5.859375,1.3077,5.5-6.0,mid
pAF,5959,m,1,216,167.066675432157,199,75.2688172043011,34,15,5.126953125,1.2735,5.0-5.5,mid
pAF,5991,m,1,185,172.802849129097,174,78.3582089552238,20,20,7.2021484375,1.0107,6.5-7.3,high
pAF,6009,m,0,NaN,182.99617487182,218,87.0165745856354,22,1,NaN,NaN,,low
pAF,6017,m,0,NaN,241.527890365491,250,71.8358038768529,4,0,NaN,NaN,,
pAF,6030,m,0,NaN,231.152985615576,275,61.7042115572968,1,0,NaN,NaN,,
pAF,6034,m,1,238,192.028810730582,230,64.4171779141104,27,7,4.638671875,1.1376,4.5-5.0,low
pAF,6068,m,0,NaN,227.21573572643,279,78.2608695652174,23,0,NaN,NaN,,
pAF,6087,m,0,NaN,164.42713393359,230,81.8181818181818,27,0,NaN,NaN,,
pAF,6091,m,0,NaN,203.58107431548,209,80.8729139922978,0,0,NaN,NaN,,
pAF,6127,m,1,191,164.961683014022,178,74.8218527315914,22,22,6.591796875,1.035,6.5-7.3,high
pAF,6161,m,0,NaN,242.779597046043,260,84.9056603773585,4,0,NaN,NaN,,
pAF,6182,m,0,NaN,212.867061512938,216,80.2547770700637,0,0,NaN,NaN,,
pAF,6197,m,0,NaN,232.035438667124,235,85.8310626702997,10,0,NaN,NaN,,
pAF,6205,m,1,225,204.588589074985,216,77.6818742293465,14,14,5.615234375,1.2789,5.5-6.0,mid
pAF,6219,m,0,NaN,173.892448905463,195,84.2245989304812,23,0,NaN,NaN,,
pAF,6244,m,1,221,206.628389461919,215,81.2903225806451,8,8,5.4931640625,1.2492,5.0-5.5,mid
pAF,6259,m,1,205,191.117780761284,200,73.8569753810082,8,8,5.615234375,1.0071,5.5-6.0,mid
pAF,6265,m,1,240,206.506455933144,234,74.910820451843,12,5,4.7607421875,1.1061,4.5-5.0,low
pAF,6267,m,0,NaN,220.834287811907,296,75.9036144578313,1,0,NaN,NaN,,
pAF,6270,m,0,NaN,201.969744013324,244,71.753986332574,22,0,NaN,NaN,,
pAF,6279,m,1,251,205.702344989135,243,61.046511627907,23,5,4.2724609375,1.1214,4.1-4.5,low
pAF,6284,m,0,NaN,210.403910569468,204,80.4597701149425,2,2,NaN,NaN,,mid
pAF,6295,m,0,NaN,211.203035144776,231,83.3333333333333,2,1,NaN,NaN,,mid
pAF,6299,m,0,NaN,228.271096293123,246,78.9473684210526,15,0,NaN,NaN,,
pAF,6304,m,1,222,174.656299273258,202,62.624254473161,34,34,5.2490234375,1.0485,5.0-5.5,mid
pAF,6324,m,0,NaN,219.320990037202,246,89.3617021276596,3,0,NaN,NaN,,
pAF,6364,m,0,NaN,182.044717604607,192,84.2245989304813,0,0,NaN,NaN,,
pAF,6368,m,0,NaN,234.733867345305,234,84.5637583892617,0,0,NaN,NaN,,
pAF,6374,m,0,NaN,199.569900887946,229,85.2503382949932,12,1,NaN,NaN,,low
pAF,6377,m,1,203,169.990653615547,185,79.8479087452472,26,24,5.859375,0.8856,5.5-6.0,mid
pAF,6378,m,1,221,198.666735287516,215,59.4900849858357,12,12,5.37109375,1.1286,5.0-5.5,mid
pAF,6402,m,1,191,163.121660716213,171,65.4205607476635,37,37,7.2021484375,0.7974,6.5-7.3,high
pAF,6413,m,0,NaN,241.324350925235,256,68.7772925764192,1,1,NaN,NaN,,low
pAF,6445,m,0,NaN,202.335953914117,219,86.1833105335157,14,3,NaN,NaN,,mid
pAF,6456,m,1,209,160.174934536612,186,60.4606525911708,39,39,5.859375,0.9333,5.5-6.0,mid
pAF,6488,m,0,NaN,180.626540166115,244,69.1547749725576,34,0,NaN,NaN,,
pAF,6494,m,1,203,160.226485544328,180,75.3588516746411,33,29,5.9814453125,1.2573,5.5-6.0,mid
pAF,6506,m,0,NaN,218.471381810443,222,77.7777777777778,14,1,NaN,NaN,,
pAF,6518,m,1,195,169.258218938921,180,86.1833105335157,23,23,6.8359375,1.0728,6.5-7.3,high
pAF,6522,m,0,NaN,241.781738096484,301,73.3410942956927,1,0,NaN,NaN,,
pAF,6562,m,1,201,173.70848203107,189,76.4563106796117,21,21,6.4697265625,1.1925,6.0-6.5,mid
pAF,6563,m,1,210,196.969636174843,200,83.3333333333333,16,16,6.4697265625,1.5192,6.0-6.5,mid
pAF,6571,m,1,221,186.984076951536,205,67.3076923076923,26,26,5.9814453125,1.1007,5.5-6.0,mid
pAF,6577,m,0,NaN,230.062799532519,277,72,16,0,NaN,NaN,,
pAF,6583,m,1,183,161.690410441974,174,82.1382007822686,9,5,6.7138671875,0.9954,6.5-7.3,high
pAF,6638,m,0,NaN,198.310902684054,259,78.0669144981412,30,0,NaN,NaN,,
pAF,6639,m,1,201,183.02692527639,198,87.1369294605809,4,4,5.859375,1.1844,5.5-6.0,mid
pAF,6648,m,0,NaN,223.684754544396,224,75.9036144578313,2,2,NaN,NaN,,
pAF,6660,m,1,221,200.648770424872,211,81.7120622568093,15,15,5.615234375,1.3653,5.5-6.0,mid
pAF,6665,m,0,NaN,169.818131778331,175,81.6062176165803,23,21,NaN,NaN,,high
pAF,6672,m,0,NaN,193.757241417792,230,81.3953488372093,13,1,NaN,NaN,,low
pAF,6690,m,1,195,165.85328770709,174,81.0810810810811,27,21,6.4697265625,1.0512,6.0-6.5,mid
pAF,6713,m,1,228,177.617509047734,205,60.5187319884726,35,35,4.8828125,1.1799,4.5-5.0,low
pAF,6718,m,0,NaN,188.817005015808,202,80.0508259212198,22,0,NaN,NaN,,
pAF,6768,m,1,212,169.719042148725,190,68.7772925764192,35,35,5.615234375,0.9945,5.5-6.0,mid
pAF,6775,m,0,NaN,184.665265660471,217,88.9830508474576,19,0,NaN,NaN,,
pAF,6776,m,0,NaN,200.098927864768,220,79.5454545454545,3,3,NaN,NaN,,mid
pAF,6787,m,0,NaN,240.28794163448,246,83.00395256917,0,0,NaN,NaN,,
pAF,6795,m,0,NaN,170.358166027232,180,87.0165745856353,2,2,NaN,NaN,,high
pAF,6803,m,1,192,163.577857166943,176,76.7356881851401,28,28,6.2255859375,1.1961,6.0-6.5,mid
pAF,6811,m,1,257,206.472293043553,247,72.2477064220183,15,13,4.2724609375,1.0314,4.1-4.5,low
pAF,6817,m,0,NaN,237.448487257527,268,69.8447893569845,9,0,NaN,NaN,,
pAF,6828,m,1,210,166.464115574527,186,59.4900849858357,41,41,5.7373046875,1.098,5.5-6.0,mid
pAF,6831,m,1,207,191.154742925144,200,86.0655737704918,11,11,5.859375,1.4805,5.5-6.0,mid
pAF,6851,m,0,NaN,238.679986142233,313,58.3873957367933,0,0,NaN,NaN,,
pAF,6880,m,1,227,191.410835412724,217,80.6658130601792,12,12,5.0048828125,1.1124,5.0-5.5,mid
pAF,6886,m,0,NaN,210.745299869341,228,85.2503382949932,7,0,NaN,NaN,,
pAF,6890,m,1,196,190.680649367379,192,85.5978260869565,10,10,6.8359375,1.2015,6.5-7.3,high
pAF,6892,m,0,NaN,227.742291592898,232,78.0669144981413,1,0,NaN,NaN,,
pAF,6906,m,1,180,170.648537560075,175,87.0165745856353,10,10,6.9580078125,1.1052,6.5-7.3,high
pAF,6909,m,0,NaN,227.607469507326,280,63.9593908629442,0,0,NaN,NaN,,
pAF,6918,m,1,218,192.497912073137,204,83.3333333333333,22,22,5.615234375,1.2024,5.5-6.0,mid
pAF,6924,m,0,NaN,218.818085459359,260,82.6771653543307,17,0,NaN,NaN,,
pAF,6926,m,1,224,191.031836209833,207,65.625,27,27,5.4931640625,1.161,5.0-5.5,mid
pAF,6933,m,1,200,165.985475327216,184,72.8323699421965,26,26,5.859375,1.1574,5.5-6.0,mid
pAF,6977,m,0,NaN,209.335056300457,255,81.5006468305304,14,0,NaN,NaN,,
pAF,6992,m,1,212,205.987205991827,207,78.5536159600997,12,12,6.591796875,1.2933,6.5-7.3,high
pAF,6993,m,0,NaN,232.045437940476,256,81.6062176165803,19,0,NaN,NaN,,
pAF,7018,m,1,246,212.700493903903,237,70.7865168539326,13,13,4.8828125,1.08,4.5-5.0,low
pAF,7028,m,0,NaN,219.561091832693,252,71.4285714285714,17,0,NaN,NaN,,
pAF,7033,m,1,211,174.29341117492,191,84.3373493975904,29,27,5.4931640625,1.152,5.0-5.5,mid
pAF,7038,m,1,227,165.006610682052,208,58.2255083179297,33,33,4.7607421875,1.0917,4.5-5.0,low
pAF,7039,m,0,NaN,204.664273810798,238,77.1113831089351,25,0,NaN,NaN,,
pAF,7050,m,1,269,182.060106028897,253,69.6902654867257,32,9,4.7607421875,0.6885,4.5-5.0,low
pAF,7073,m,0,NaN,243.157803513524,269,78.0669144981412,0,0,NaN,NaN,,
pAF,7092,m,0,NaN,229.171179595753,228,81.6062176165803,0,0,NaN,NaN,,
pAF,7099,m,1,193,174.994163919473,179,83.1134564643799,21,21,6.4697265625,1.3023,6.0-6.5,mid
pAF,7101,m,0,NaN,186.502347065711,229,77.4907749077491,17,0,NaN,NaN,,
pAF,7115,m,1,188,165.013596320736,182,81.2903225806451,10,10,5.9814453125,1.2042,5.5-6.0,mid
pAF,7136,m,1,216,198.366400827334,208,66.8080593849417,16,16,6.2255859375,1.0539,6.0-6.5,mid
pAF,7142,m,1,209,183.62207192491,201,79.646017699115,14,14,5.7373046875,1.2132,5.5-6.0,mid
pAF,7154,m,1,185,162.96925841146,179,86.5384615384615,12,12,6.4697265625,1.0575,6.0-6.5,high
pAF,7162,m,0,NaN,238.505027131112,258,86.6574965612104,0,0,NaN,NaN,,
pAF,7164,m,0,NaN,233.277510302207,257,70,11,0,NaN,NaN,,
pAF,7166,m,1,195,163.502878649073,181,86.1833105335157,21,19,6.2255859375,0.9801,6.0-6.5,mid
pAF,7198,m,1,247,186.243348347212,226,65.6934306569343,30,30,4.39453125,0.8775,4.1-4.5,low
pAF,7204,m,0,NaN,235.158267845065,274,79.0464240903388,5,0,NaN,NaN,,
pAF,7209,m,0,NaN,234.697168827755,246,79.4451450189155,0,0,NaN,NaN,,
pAF,7210,m,0,NaN,213.923989946699,228,78.2608695652174,19,1,NaN,NaN,,
pAF,7232,m,0,NaN,213.828430188943,227,88.6075949367088,0,0,NaN,NaN,,
pAF,7254,m,1,237,189.614910074859,219,63.7651821862348,29,29,5.0048828125,1.0395,5.0-5.5,mid
pAF,7257,m,1,211,192.504883300877,202,68.4782608695652,17,17,5.9814453125,1.2321,5.5-6.0,mid
pAF,7263,m,0,NaN,206.217813793432,269,77.9702970297029,20,0,NaN,NaN,,
pAF,7291,m,1,193,172.841658910555,180,86.0655737704918,19,19,6.9580078125,1.0629,6.5-7.3,high
pAF,7322,m,0,NaN,237.52567270663,263,73.6842105263158,3,0,NaN,NaN,,
pAF,7327,m,1,200,194.393860082018,197,74.4680851063829,7,7,6.8359375,1.0539,6.5-7.3,high
pAF,7337,m,1,220,188.649758519859,208,83.7765957446808,15,13,5.37109375,1.1997,5.0-5.5,mid
pAF,7340,m,0,NaN,199.605622790441,223,85.2503382949932,23,0,NaN,NaN,,
pAF,7355,m,1,207,177.972685121022,192,86.5384615384615,24,24,5.9814453125,1.2717,5.5-6.0,mid
pAF,7362,m,0,NaN,203.927046108307,207,84.9056603773585,17,0,NaN,NaN,,
pAF,7363,m,1,200,184.429967164797,189,86.8965517241379,18,18,6.2255859375,1.1052,6.0-6.5,mid
pAF,7368,m,0,NaN,216.436912371857,224,77.970297029703,5,0,NaN,NaN,,
pAF,7371,m,0,NaN,212.159649415655,234,73.0858468677494,17,0,NaN,NaN,,
pAF,7391,m,0,NaN,213.090272755602,217,82.7858081471747,9,1,NaN,NaN,,mid
pAF,7394,m,0,NaN,210.084562511198,246,64.8815653964984,25,3,NaN,NaN,,low
pAF,7404,m,0,NaN,193.416877567543,229,77.2058823529412,27,3,NaN,NaN,,
pAF,7422,m,1,223,169.39932760084,209,67.2358591248666,21,21,4.638671875,1.2096,4.5-5.0,low
pAF,7428,m,0,NaN,216.52317820202,219,77.9702970297029,3,3,NaN,NaN,,mid
pAF,7435,m,1,202,197.866524765901,193,84.9056603773585,16,16,6.103515625,1.5696,6.0-6.5,mid
pAF,7458,m,0,NaN,197.199633158023,242,80.4597701149425,25,0,NaN,NaN,,
pAF,7473,m,0,NaN,222.030731103659,223,86.5384615384615,0,0,NaN,NaN,,
pAF,7488,m,1,181,162.752001524896,172,73.4265734265734,20,20,7.080078125,0.99,6.5-7.3,high
pAF,7490,m,0,NaN,203.65758234539,240,84,3,0,NaN,NaN,,
pAF,7493,m,0,NaN,233.418714889704,282,73.7704918032787,13,0,NaN,NaN,,
pAF,7498,m,0,NaN,220.567837249262,249,59.5463137996219,5,3,NaN,NaN,,low
pAF,7523,m,0,NaN,199.959553725064,224,87.1369294605809,19,0,NaN,NaN,,
pAF,7525,m,0,NaN,174.428193854459,193,82.5688073394495,17,0,NaN,NaN,,
pAF,7541,m,0,NaN,215.755239718477,253,66.9500531349628,14,0,NaN,NaN,,
pAF,7560,m,1,185,160.82855136157,175,80.6658130601792,18,18,6.591796875,1.0314,6.5-7.3,high
pAF,7572,m,0,NaN,235.082512511297,263,68.0345572354212,2,0,NaN,NaN,,
pAF,7592,m,0,NaN,187.538948418471,190,84.6774193548387,9,9,NaN,NaN,,
pAF,7597,m,1,201,170.848287722532,188,83.8881491344873,20,18,6.103515625,1.215,6.0-6.5,mid
pAF,7600,m,1,188,166.402907720701,174,76.6423357664233,22,22,6.9580078125,1.0665,6.5-7.3,high
pAF,7608,m,1,219,187.087551292316,205,56.099732858415,27,27,5.37109375,1.1295,5.0-5.5,mid
pAF,7613,m,0,NaN,188.032272505785,209,84.3373493975904,15,15,NaN,NaN,,mid
pAF,7623,m,1,252,198.256987103312,240,78.8485607008761,17,17,4.7607421875,1.0935,4.5-5.0,low
pAF,7641,m,0,NaN,202.261598893267,219,85.7142857142857,13,1,NaN,NaN,,mid
pAF,7644,m,0,NaN,242.131725490333,262,85.9481582537517,0,0,NaN,NaN,,
pAF,7651,m,1,216,203.523335167236,210,72.1649484536082,12,12,5.859375,1.2366,5.5-6.0,mid
pAF,7672,m,1,229,200.409084771338,220,68.8524590163934,11,5,5.37109375,1.2366,5.0-5.5,mid
pAF,7674,m,0,NaN,206.087877169761,240,80.6658130601792,14,0,NaN,NaN,,
pAF,7696,m,0,NaN,228.284944136372,293,78.9473684210526,6,0,NaN,NaN,,
pAF,7708,m,0,NaN,235.791392256127,287,84,6,0,NaN,NaN,,
pAF,7709,m,0,NaN,242.767746156773,255,84.9056603773585,6,0,NaN,NaN,,
pAF,7719,m,0,NaN,231.828011315993,269,66.7372881355932,7,0,NaN,NaN,,
pAF,7730,m,0,NaN,224.096369591898,287,72.2477064220184,2,0,NaN,NaN,,
pAF,7740,m,1,206,167.038765453901,188,66.0377358490566,32,32,6.103515625,0.7227,6.0-6.5,mid
pAF,7742,m,1,192,174.36495875565,181,78.0669144981413,18,18,6.591796875,0.9378,6.5-7.3,high
pAF,7749,m,0,NaN,225.728680798122,298,70.3125,1,0,NaN,NaN,,
pAF,7757,m,0,NaN,210.930979177698,239,80.3571428571428,8,1,NaN,NaN,,low
pAF,7758,m,1,183,168.414035170012,176,80.8729139922978,13,13,7.2021484375,1.0278,6.5-7.3,high
pAF,7775,m,0,NaN,227.114312802754,250,60.1719197707736,4,1,NaN,NaN,,low
pAF,7787,m,1,212,180.386846285495,203,86.3013698630137,14,14,5.37109375,1.1304,5.0-5.5,mid
pAF,7792,m,1,210,172.315584448457,194,64.5491803278688,35,17,5.2490234375,1.0674,5.0-5.5,mid
pAF,7815,m,1,197,178.351357271604,189,69.7674418604651,15,15,6.7138671875,1.0557,6.5-7.3,high
pAF,7823,m,0,NaN,222.359724697148,292,82.8947368421053,5,0,NaN,NaN,,
pAF,7827,m,1,205,163.492937529038,181,60.6936416184971,39,39,5.859375,0.8937,5.5-6.0,mid
pAF,7847,m,0,NaN,173.493647655087,225,68.2556879739978,36,0,NaN,NaN,,
pAF,7884,m,1,190,162.679271793837,172,73.0011587485515,30,30,6.8359375,0.9891,6.5-7.3,high
pAF,7891,m,1,223,185.996285695473,212,82.8947368421053,14,11,4.7607421875,1.0197,4.5-5.0,low
pAF,7892,m,0,NaN,187.600072477915,226,87.378640776699,26,0,NaN,NaN,,
pAF,7895,m,0,NaN,212.542726249689,227,74.3801652892562,0,0,NaN,NaN,,
pAF,7915,m,0,NaN,240.031471685143,243,78.2608695652174,5,0,NaN,NaN,,
pAF,7917,m,0,NaN,216.217562177342,252,89.3617021276596,11,0,NaN,NaN,,
pAF,7940,m,0,NaN,218.047702192322,299,59.9429115128449,22,0,NaN,NaN,,
pAF,7946,m,1,227,203.138692581291,214,70.2341137123746,22,22,5.37109375,1.1979,5.0-5.5,mid
pAF,7955,m,0,NaN,235.600013679774,292,80.2547770700637,13,0,NaN,NaN,,
pAF,7958,m,1,218,171.417225442732,199,74.1176470588235,29,29,5.37109375,0.8937,5.0-5.5,mid
pAF,7959,m,0,NaN,187.182787240308,218,71.4285714285714,15,0,NaN,NaN,,
pAF,7960,m,0,NaN,184.019782148658,202,80.4597701149425,22,14,NaN,NaN,,mid
pAF,7966,m,1,219,188.174528119911,205,70.8661417322835,23,23,5.9814453125,1.1268,5.5-6.0,mid
pAF,7967,m,0,NaN,202.677127439019,236,76.1789600967352,18,0,NaN,NaN,,
pAF,7969,m,1,201,188.656002397234,190,83.1134564643799,20,20,6.7138671875,1.188,6.5-7.3,high
pAF,7973,m,1,214,199.267656092547,206,79.0464240903388,13,13,6.34765625,1.1151,6.0-6.5,mid
pAF,7983,m,0,NaN,227.572063331158,269,84.9056603773585,18,0,NaN,NaN,,
pAF,7994,m,1,212,189.269503466814,201,79.646017699115,18,18,5.7373046875,1.3824,5.5-6.0,mid
pAF,8000,m,1,209,168.30917336329,200,83.1134564643799,14,14,5.37109375,1.1349,5.0-5.5,mid
pAF,8007,m,1,214,187.313990372873,207,87.2576177285319,24,5,5.615234375,1.2744,5.5-6.0,mid
pAF,8031,m,0,NaN,212.010259247909,245,70.8661417322835,20,0,NaN,NaN,,
pAF,8033,m,0,NaN,206.487661589716,281,65.5567117585848,15,0,NaN,NaN,,
pAF,8043,m,0,NaN,229.596119967406,244,87.8661087866109,7,0,NaN,NaN,,
pAF,8044,m,0,NaN,189.691649144785,256,62.1301775147929,39,0,NaN,NaN,,
pAF,8047,m,0,NaN,217.462920349353,237,77.7777777777777,17,0,NaN,NaN,,
pAF,8048,m,0,NaN,213.495170926108,238,81.0810810810811,7,0,NaN,NaN,,
pAF,8050,m,0,NaN,239.124317619935,278,74.8218527315914,15,0,NaN,NaN,,
pAF,8075,m,1,212,178.484632266838,199,79.5454545454545,18,16,5.7373046875,1.2771,5.5-6.0,mid
pAF,8077,m,0,NaN,202.997104250884,228,77.9702970297029,20,0,NaN,NaN,,
pAF,8078,m,0,NaN,220.605345584823,233,80.5626598465473,14,1,NaN,NaN,,low
pAF,8110,m,0,NaN,241.615690673163,246,77.6818742293465,4,0,NaN,NaN,,
pAF,8112,m,1,217,177.527971985182,204,63.7651821862348,23,23,5.37109375,1.0818,5.0-5.5,mid
pAF,8132,m,0,NaN,198.418481116169,220,87.7437325905292,1,1,NaN,NaN,,mid
pAF,8145,m,1,214,197.266579359333,206,79.5454545454545,14,14,5.615234375,1.4013,5.5-6.0,mid
pAF,8167,m,0,NaN,210.136811466771,228,83.7765957446808,2,2,NaN,NaN,,mid
pAF,8196,m,1,204,192.85018891986,200,83.3333333333333,8,8,6.7138671875,1.188,6.5-7.3,high
pAF,8201,m,1,217,177.016192128889,204,71.2669683257919,22,20,5.126953125,1.1979,5.0-5.5,mid
pAF,8206,m,0,NaN,219.574337800019,259,68.7022900763359,18,0,NaN,NaN,,
pAF,8217,m,0,NaN,192.355208477267,223,66.4556962025316,1,1,NaN,NaN,,low
pAF,8225,m,1,229,190.547925631079,213,74.0305522914218,24,22,5.126953125,1.1061,5.0-5.5,mid
pAF,8238,m,1,232,202.914858785043,219,75.9951749095295,19,19,5.126953125,1.0575,5.0-5.5,mid
pAF,8258,m,0,NaN,188.661593876182,205,69.2307692307692,2,2,NaN,NaN,,mid
pAF,8266,m,1,250,194.621492589038,228,68.0345572354212,37,7,4.39453125,1.1232,4.1-4.5,low
pAF,8287,m,1,219,160.278425367316,207,85.8310626702997,20,20,5.0048828125,1.0179,5.0-5.5,mid
pAF,8296,m,1,234,173.063345943432,215,72.3306544202066,30,13,4.638671875,0.9927,4.5-5.0,low
pAF,8299,m,0,NaN,201.05513846314,217,80.4597701149425,12,0,NaN,NaN,,
pAF,8307,m,1,230,203.806717061678,219,69.6132596685082,17,17,5.615234375,1.0548,5.5-6.0,mid
pAF,8314,m,1,196,187.27832733831,193,80.1526717557252,8,8,6.591796875,1.1736,6.5-7.3,high
pAF,8326,m,1,198,206.56102274025,197,84.1121495327103,4,4,6.7138671875,1.1196,6.5-7.3,high
pAF,8332,m,0,NaN,229.879526364581,267,69.3069306930693,14,0,NaN,NaN,,
pAF,8346,m,1,203,189.789710357407,200,81.0810810810811,6,6,6.34765625,1.1961,6.0-6.5,mid
pAF,8384,m,1,211,182.668248768226,197,66.3856691253951,23,23,5.859375,1.1898,5.5-6.0,mid
pAF,8401,m,1,200,172.266062536371,187,80.8729139922978,21,21,6.103515625,1.0638,6.0-6.5,mid
pAF,8402,m,0,NaN,203.847315027262,236,88.7323943661972,11,0,NaN,NaN,,
pAF,8406,m,1,201,184.667051874269,191,82.6771653543307,16,16,5.9814453125,1.1799,5.5-6.0,mid
pAF,8434,m,1,247,223.765797037013,240,67.524115755627,11,11,5.126953125,1.161,5.0-5.5,mid
pAF,8440,m,0,NaN,234.569757977624,296,74.3801652892562,7,0,NaN,NaN,,
pAF,8442,m,1,231,191.020277248041,218,65.8995815899581,31,9,4.7607421875,1.2492,4.5-5.0,low
pAF,8449,m,0,NaN,199.433688472556,262,83.6653386454183,26,0,NaN,NaN,,
pAF,8454,m,1,227,190.765032452669,211,70.2341137123746,23,23,5.2490234375,1.1709,5.0-5.5,mid
pAF,8458,m,0,NaN,168.430538056797,196,82.6771653543307,20,1,NaN,NaN,,
pAF,8459,m,0,NaN,191.678703995545,218,88.6075949367088,19,0,NaN,NaN,,
pAF,8468,m,0,NaN,233.114144645217,257,64.7482014388489,2,0,NaN,NaN,,
pAF,8469,m,1,205,190.33125290295,196,80.0508259212198,16,16,7.2021484375,1.08,6.5-7.3,high
pAF,8470,m,0,NaN,181.186875219937,236,78.75,23,1,NaN,NaN,,mid
pAF,8497,m,1,227,224.615331044479,223,78.9473684210526,6,6,5.615234375,1.2303,5.5-6.0,mid
pAF,8509,m,1,250,181.565398815386,232,74.4680851063829,26,17,4.2724609375,0.8946,4.1-4.5,low
pAF,8531,m,0,NaN,214.052620892842,246,79.3450881612091,17,0,NaN,NaN,,
pAF,8557,m,0,NaN,242.823155917533,253,87.6216968011126,0,0,NaN,NaN,,
pAF,8566,m,1,199,180.269872703058,189,83.223249669749,15,15,6.2255859375,1.1205,6.0-6.5,mid
pAF,8593,m,0,NaN,219.15702708649,232,83.6653386454183,5,1,NaN,NaN,,mid
pAF,8614,m,1,195,176.085519513646,179,82.5688073394495,26,26,6.7138671875,1.116,6.5-7.3,high
pAF,8630,m,1,228,208.108383732855,223,70.9459459459459,8,8,5.2490234375,1.1961,5.0-5.5,mid
pAF,8639,m,1,218,176.132331448905,198,67.8879310344827,33,33,5.615234375,1.1844,5.5-6.0,mid
pAF,8647,m,0,NaN,191.990173976927,225,77.7777777777777,26,0,NaN,NaN,,
pAF,8650,m,1,195,184.751209426613,192,72.8323699421966,6,6,6.4697265625,1.0863,6.0-6.5,mid
pAF,8654,m,0,NaN,206.893983405476,232,85.1351351351351,16,0,NaN,NaN,,
pAF,8665,m,1,202,175.15286079589,190,74.2924528301887,20,20,6.2255859375,1.1547,6.0-6.5,mid
pAF,8666,m,0,NaN,173.090939607355,189,67.4518201284796,26,23,NaN,NaN,,
pAF,8700,m,0,NaN,217.192952694568,238,87.1369294605809,10,0,NaN,NaN,,
pAF,8701,m,1,185,169.156679022068,177,80.2547770700637,15,15,7.080078125,1.0854,6.5-7.3,high
pAF,8725,m,1,238,179.268737921098,214,60.6936416184971,35,35,4.7607421875,0.8073,4.5-5.0,low
pAF,8730,m,1,246,173.765664690101,230,79.6460176991151,28,13,4.39453125,0.9909,4.1-4.5,low
pAF,8763,m,1,200,173.767777459565,188,76.271186440678,19,19,6.2255859375,1.1349,6.0-6.5,mid
pAF,8770,m,1,182,164.798010331033,171,75.1789976133651,19,19,6.7138671875,1.1349,6.5-7.3,high
pAF,8790,m,0,NaN,222.927035902423,248,78.4557907845579,11,0,NaN,NaN,,
pAF,8799,m,1,181,160.31439005609,170,83.1134564643799,18,18,6.9580078125,0.9711,6.5-7.3,high
pAF,8802,m,1,207,178.901455556399,199,74.2049469964664,12,12,5.4931640625,1.35,5.0-5.5,mid
pAF,8841,m,1,216,177.903726817618,200,86.4197530864198,23,21,5.859375,1.188,5.5-6.0,mid
pAF,8847,m,0,NaN,205.346784348971,270,69.7674418604651,7,0,NaN,NaN,,
pAF,8853,m,1,191,175.195684071274,183,78.9473684210526,13,13,6.7138671875,1.1934,6.5-7.3,high
pAF,8909,m,1,186,161.631576390719,174,73.4265734265734,19,19,6.4697265625,0.9576,6.0-6.5,mid
pAF,8925,m,1,203,178.001971779944,184,85.3658536585366,26,20,5.9814453125,1.1646,5.5-6.0,mid
pAF,8930,m,0,NaN,192.350396604568,213,85.5978260869565,21,0,NaN,NaN,,
pAF,8938,m,0,NaN,235.34687398377,280,83.7765957446808,1,0,NaN,NaN,,
pAF,8949,m,0,NaN,217.656986130634,263,58.8785046728972,3,0,NaN,NaN,,
pAF,8967,m,1,195,170.997552283479,182,82.2454308093995,21,21,6.103515625,1.1781,6.0-6.5,mid
pAF,8968,m,1,232,184.393856349765,210,62.6865671641791,35,35,5.126953125,1.0008,5.0-5.5,mid
pAF,8974,m,1,213,168.949256220534,192,63.7651821862348,32,32,5.4931640625,0.9693,5.0-5.5,mid
pAF,8976,m,0,NaN,212.133384895584,216,83.5543766578249,1,1,NaN,NaN,,
pAF,8994,m,0,NaN,205.299371243374,222,81.0810810810811,6,0,NaN,NaN,,
pAF,9013,m,0,NaN,225.225982473246,231,77.1113831089351,0,0,NaN,NaN,,
pAF,9020,m,1,228,202.622295032088,218,73.943661971831,16,16,5.4931640625,1.2024,5.0-5.5,mid
pAF,9027,m,1,203,188.511551507145,193,85.7142857142857,14,14,6.103515625,1.2204,6.0-6.5,mid
pAF,9038,m,0,NaN,202.028528872863,220,81.6062176165803,3,3,NaN,NaN,,mid
pAF,9064,m,0,NaN,226.963389431039,246,75.4491017964072,0,0,NaN,NaN,,
pAF,9123,m,0,NaN,201.319836590759,221,74.2924528301887,14,1,NaN,NaN,,mid
pAF,9125,m,0,NaN,197.44256338734,207,85.7142857142857,16,0,NaN,NaN,,
pAF,9137,m,1,211,177.034202657422,203,89.7435897435897,11,11,5.37109375,1.0854,5.0-5.5,mid
pAF,9141,m,0,NaN,204.637183055333,220,80.6658130601793,12,1,NaN,NaN,,mid
pAF,9142,m,1,209,198.17555550301,201,81.1855670103093,15,15,6.8359375,1.197,6.5-7.3,high
pAF,9154,m,1,196,170.38083315402,181,80.8729139922978,24,24,6.4697265625,1.089,6.0-6.5,high
pAF,9172,m,1,240,187.660292856977,224,66.8080593849417,32,11,4.638671875,1.1223,4.5-5.0,low
pAF,9183,m,1,225,197.335043063649,215,65.8995815899581,17,17,5.2490234375,1.2897,5.0-5.5,mid
pAF,9184,m,1,195,179.477976410082,189,78.8485607008761,12,12,6.34765625,1.107,6.0-6.5,mid
pAF,9185,m,0,NaN,194.459676856364,233,58.933582787652,31,0,NaN,NaN,,
pAF,9211,m,1,216,185.746644307015,206,72.0823798627002,25,5,5.2490234375,1.1988,5.0-5.5,mid
pAF,9218,m,1,220,208.029224601938,210,75.3588516746411,15,13,5.859375,1.3428,5.5-6.0,mid
pAF,9231,m,1,179,168.027988545429,172,84,13,13,7.2021484375,1.08,6.5-7.3,high
pAF,9235,m,1,208,174.347217038281,187,69.6132596685082,34,34,5.859375,1.143,5.5-6.0,mid
pAF,9256,m,1,222,180.319078848588,205,70.7070707070707,27,27,5.7373046875,0.9063,5.5-6.0,mid
pAF,9260,m,1,211,186.172686798513,203,74.1176470588235,11,11,5.37109375,1.2573,5.0-5.5,mid
pAF,9269,m,1,190,163.482837348623,176,71.5909090909091,24,24,6.7138671875,1.0314,6.5-7.3,high
pAF,9271,m,1,237,178.732374630963,218,67.6691729323308,32,32,5.0048828125,1.0512,5.0-5.5,mid
pAF,9273,m,0,NaN,212.140326179528,275,72.3306544202067,21,0,NaN,NaN,,
pAF,9280,m,1,200,174.613126007782,193,79.3450881612091,12,12,5.859375,1.0674,5.5-6.0,mid
pAF,9294,m,1,208,175.97875422427,195,72.4137931034483,21,21,5.7373046875,1.0386,5.5-6.0,mid
pAF,9338,m,1,219,212.123209185127,216,82.4607329842932,6,6,6.103515625,1.3293,6.0-6.5,mid
pAF,9344,m,1,194,174.009961049691,180,74.5562130177515,23,23,6.7138671875,0.9504,6.5-7.3,high
pAF,9353,m,1,205,166.31604170327,191,76.73568818514,21,21,5.615234375,1.0044,5.5-6.0,mid
pAF,9359,m,0,NaN,174.663010810102,240,78.5536159600997,29,0,NaN,NaN,,
pAF,9365,m,1,183,161.61601865515,172,80.2547770700637,20,20,7.080078125,1.062,6.5-7.3,high
pAF,9366,m,0,NaN,219.408683207374,267,84.2245989304813,1,0,NaN,NaN,,
pAF,9378,m,1,207,198.987336349848,201,72.6643598615917,11,11,6.2255859375,1.1601,6.0-6.5,mid
pAF,9380,m,1,210,175.740722896793,193,82.3529411764706,21,13,5.2490234375,1.2231,5.0-5.5,mid
pAF,9381,m,0,NaN,232.296680114698,246,76.271186440678,1,1,NaN,NaN,,
pAF,9416,m,1,226,194.874490077062,217,61.1650485436893,32,7,5.126953125,1.2267,5.0-5.5,mid
pAF,9419,m,1,224,203.377337605714,214,65.6934306569343,19,19,5.859375,0.9918,5.5-6.0,mid
pAF,9427,m,1,210,171.402080417633,194,74.8218527315914,33,11,5.37109375,1.2987,5.0-5.5,mid
pAF,9430,m,0,NaN,179.935255854813,227,87.0165745856353,29,0,NaN,NaN,,
pAF,9454,m,1,226,166.147816635064,207,69.7674418604651,31,31,5.0048828125,0.738,5.0-5.5,mid
pAF,9476,m,1,234,201.066567646521,222,80.4597701149425,22,11,5.0048828125,1.152,5.0-5.5,mid
pAF,9507,m,1,269,192.144663427556,249,64.8815653964984,35,25,5.0048828125,0.6831,5.0-5.5,mid
pAF,9510,m,1,203,181.518118291599,193,65.015479876161,19,19,6.103515625,1.098,6.0-6.5,mid
pAF,9532,m,0,NaN,201.636624434832,241,87.2576177285319,16,0,NaN,NaN,,
pAF,9533,m,0,NaN,172.708976366142,222,84.3373493975903,30,1,NaN,NaN,,low
pAF,9543,m,0,NaN,226.852406684025,219,82.03125,1,1,NaN,NaN,,mid
pAF,9554,m,0,NaN,236.105091006983,303,71.1864406779661,3,0,NaN,NaN,,
pAF,9576,m,1,184,178.210053510913,184,80.0508259212198,4,4,7.2021484375,1.1637,6.5-7.3,high
pAF,9581,m,0,NaN,218.139404764217,244,81.8181818181818,15,0,NaN,NaN,,
pAF,9585,m,1,220,202.013955310278,210,80.2547770700637,15,15,5.859375,1.3473,5.5-6.0,mid
pAF,9594,m,1,210,164.89063014261,196,79.646017699115,24,24,5.7373046875,1.0593,5.5-6.0,mid
pAF,9611,m,1,224,189.758088840434,217,82.5688073394495,12,12,5.2490234375,1.0458,5.0-5.5,mid
pAF,9633,m,0,NaN,207.606540140609,234,85.5978260869565,17,0,NaN,NaN,,
pAF,9634,m,0,NaN,216.041849758934,250,59.1549295774648,8,0,NaN,NaN,,
pAF,9635,m,0,NaN,239.635317510467,263,79.1457286432161,0,0,NaN,NaN,,
pAF,9678,m,0,NaN,222.842047214901,246,73.3410942956927,17,0,NaN,NaN,,
pAF,9686,m,0,NaN,232.962093448397,320,70.2341137123746,13,0,NaN,NaN,,
pAF,9730,m,1,209,199.715949152793,202,83.3333333333333,13,13,6.4697265625,1.3104,6.0-6.5,high
pAF,9735,m,1,243,187.94681417285,221,55.9006211180124,37,37,4.638671875,0.9747,4.5-5.0,low
pAF,9780,m,1,247,177.255408373763,227,60,37,23,4.2724609375,0.819,4.1-4.5,low
pAF,9782,m,1,298,202.521857807296,279,69.8447893569845,25,25,4.5166015625,0.6615,4.5-5.0,low
pAF,9783,m,1,183,169.912985774536,173,77.3006134969325,18,18,7.080078125,1.0674,6.5-7.3,high
pAF,9791,m,0,NaN,243.496375790826,297,59.3220338983051,5,0,NaN,NaN,,
pAF,9818,m,1,195,181.00009337331,187,67.1641791044776,17,17,6.2255859375,1.1313,6.0-6.5,mid
pAF,9821,m,1,204,178.243844244607,189,81.7120622568093,22,20,5.9814453125,1.2663,5.5-6.0,mid
pAF,9837,m,0,NaN,189.22638149331,215,83.223249669749,23,0,NaN,NaN,,
pAF,9854,m,1,195,191.069478025995,187,81.0810810810811,15,15,6.8359375,1.2879,6.5-7.3,high
pAF,9864,m,0,NaN,196.162340802213,244,59.37794533459,39,0,NaN,NaN,,
pAF,9865,m,0,NaN,214.396281306879,224,74.0305522914218,18,1,NaN,NaN,,mid
pAF,9894,m,0,NaN,222.150297750748,278,83.3333333333333,2,0,NaN,NaN,,
pAF,9900,m,1,220,182.426084302511,205,85.8310626702997,21,19,5.615234375,1.2861,5.5-6.0,mid
pAF,9907,m,0,NaN,220.488660434683,255,85.4816824966079,15,0,NaN,NaN,,
pAF,9914,m,0,NaN,217.052461522224,210,84.5637583892617,3,3,NaN,NaN,,mid
pAF,9921,m,1,216,192.015991993605,204,65.4205607476635,21,21,5.9814453125,1.0449,5.5-6.0,mid
pAF,9931,m,1,212,169.018113862083,190,65.7620041753653,38,38,5.4931640625,0.9531,5.0-5.5,mid
pAF,9934,m,0,NaN,196.353604301257,227,71.4285714285714,23,0,NaN,NaN,,
pAF,9938,m,1,201,178.662979510911,191,66.6666666666667,15,15,5.9814453125,1.053,5.5-6.0,mid
pAF,9947,m,0,NaN,240.967553325048,271,82.03125,1,0,NaN,NaN,,
pAF,9959,m,0,NaN,241.47388132738,261,82.3529411764706,2,0,NaN,NaN,,
pAF,9986,m,1,204,208.002914656019,203,82.8947368421052,5,5,7.080078125,1.125,6.5-7.3,high
pAF,9988,m,1,198,178.314775854516,183,77.3955773955774,25,25,6.2255859375,1.2546,6.0-6.5,mid
pAF,11,f,1,230,167.914761979424,198,70.9459459459459,28,26,5.2490234375,1.0611,5.0-5.5,mid
pAF,19,f,0,NaN,232.869563272674,236,77.7777777777778,0,0,NaN,NaN,,
pAF,23,f,1,285,177.351908240176,245,64.3513789581205,36,36,5.126953125,0.8955,5.0-5.5,mid
pAF,37,f,1,206,179.330224472258,189,85.8310626702997,15,15,5.7373046875,1.3788,5.5-6.0,mid
pAF,49,f,0,NaN,244.853919152731,282,77.8739184177997,0,0,NaN,NaN,,
pAF,73,f,1,205,178.737184183236,189,78.1637717121588,14,14,5.859375,1.3086,5.5-6.0,mid
pAF,85,f,1,194,168.690775783412,176,83.1134564643799,17,17,6.7138671875,1.1736,6.5-7.3,high
pAF,99,f,0,NaN,209.190639863438,256,79.2452830188679,2,0,NaN,NaN,,
pAF,117,f,0,NaN,214.879282947542,241,87.0165745856354,12,0,NaN,NaN,,
pAF,119,f,0,NaN,240.047028689616,272,86.1833105335157,2,0,NaN,NaN,,
pAF,127,f,0,NaN,225.16790045044,264,60.1145038167939,17,0,NaN,NaN,,
pAF,137,f,1,219,188.635144389154,195,69.3832599118943,22,22,6.34765625,1.1889,6.0-6.5,mid
pAF,151,f,1,235,168.4576654599,195,64.8815653964984,35,33,5.37109375,1.0413,5.0-5.5,mid
pAF,184,f,0,NaN,234.625842909714,261,80.1526717557252,14,0,NaN,NaN,,
pAF,205,f,0,NaN,182.913023072055,203,68.4782608695652,33,15,NaN,NaN,,mid
pAF,209,f,1,201,170.603070962199,184,74.2924528301887,15,15,6.34765625,1.2303,6.0-6.5,mid
pAF,212,f,0,NaN,181.36520834994,197,77.9702970297029,23,1,NaN,NaN,,mid
pAF,229,f,0,NaN,221.266460574581,227,84.6774193548387,2,0,NaN,NaN,,
pAF,232,f,1,202,170.923202975224,178,68.3297180043384,24,24,7.080078125,0.8784,6.5-7.3,high
pAF,236,f,0,NaN,197.065376250532,237,69.5364238410596,11,0,NaN,NaN,,
pAF,241,f,1,228,213.792275961641,222,71.6723549488055,7,7,5.859375,1.2186,5.5-6.0,mid
pAF,250,f,0,NaN,227.41721117877,238,78.5536159600997,7,0,NaN,NaN,,
pAF,258,f,0,NaN,233.640431329652,248,79.9492385786802,9,0,NaN,NaN,,
pAF,267,f,1,213,190.599863206786,191,83.5543766578249,19,19,6.2255859375,1.1664,6.0-6.5,mid
pAF,277,f,0,NaN,210.44714933075,231,85.2503382949932,14,0,NaN,NaN,,
pAF,280,f,0,NaN,205.845039386484,236,77.2058823529411,25,0,NaN,NaN,,
pAF,289,f,1,201,169.210952478323,185,87.9888268156424,22,9,5.7373046875,1.161,5.5-6.0,mid
pAF,299,f,0,NaN,236.850602716797,289,70.7070707070707,1,0,NaN,NaN,,
pAF,309,f,1,211,163.110013951991,172,66.8789808917197,36,36,7.080078125,1.0035,6.5-7.3,high
pAF,312,f,1,202,183.45784454274,191,78.0669144981413,10,10,7.2021484375,1.143,6.5-7.3,high
pAF,333,f,0,NaN,229.589761944371,246,83.00395256917,1,0,NaN,NaN,,
pAF,367,f,0,NaN,204.801079408484,209,79.8479087452472,8,3,NaN,NaN,,
pAF,377,f,1,193,164.772360662566,180,86.3013698630137,12,12,6.4697265625,1.1088,6.0-6.5,mid
pAF,380,f,0,NaN,221.2083409279,236,78.6516853932584,5,0,NaN,NaN,,
pAF,383,f,1,253,169.39802079332,223,80.4597701149425,31,27,6.2255859375,0.7749,6.0-6.5,mid
pAF,384,f,0,NaN,227.301112218382,298,65.0826446280992,1,0,NaN,NaN,,
pAF,387,f,0,NaN,212.488870963127,269,65.8995815899581,24,0,NaN,NaN,,
pAF,464,f,1,211,168.107657613124,190,84.9056603773585,18,18,5.7373046875,1.0224,5.5-6.0,mid
pAF,469,f,0,NaN,218.92443632373,238,88.6075949367088,11,0,NaN,NaN,,
pAF,475,f,1,259,218.950309064647,250,64.8815653964984,7,7,4.2724609375,0.9135,4.1-4.5,low
pAF,476,f,1,208,172.10074129729,190,80.9768637532134,25,7,5.615234375,1.1313,5.5-6.0,mid
pAF,508,f,0,NaN,177.750749415245,217,81.6062176165803,16,0,NaN,NaN,,
pAF,509,f,1,234,184.036849569988,211,60.9874152952566,21,21,5.126953125,1.062,5.0-5.5,mid
pAF,516,f,0,NaN,227.465982155016,301,73.3410942956927,10,0,NaN,NaN,,
pAF,522,f,1,199,166.215734422112,177,80.8729139922978,20,20,6.4697265625,1.152,6.0-6.5,mid
pAF,526,f,1,232,220.574804260585,218,77.5862068965517,11,11,5.615234375,1.1844,5.5-6.0,mid
pAF,527,f,1,200,180.932722244266,184,80.1526717557252,16,16,7.080078125,1.2177,6.5-7.3,high
pAF,531,f,0,NaN,221.613576714299,222,82.4607329842932,6,1,NaN,NaN,,mid
pAF,542,f,0,NaN,216.129435835792,231,85.5978260869565,12,0,NaN,NaN,,
pAF,575,f,0,NaN,207.044687000729,234,69.1547749725576,20,0,NaN,NaN,,
pAF,581,f,0,NaN,212.874959464054,218,85.3658536585366,8,0,NaN,NaN,,
pAF,599,f,1,229,204.499183475084,212,71.753986332574,16,16,6.2255859375,1.2051,6.0-6.5,mid
pAF,609,f,1,206,176.49247188431,184,76.6423357664233,20,20,6.4697265625,1.2942,6.0-6.5,mid
pAF,613,f,0,NaN,240.801432571468,234,83.8881491344873,2,0,NaN,NaN,,
pAF,631,f,0,NaN,237.841649003974,274,72.1649484536082,3,0,NaN,NaN,,
pAF,633,f,0,NaN,219.695476841523,253,77.970297029703,2,0,NaN,NaN,,
pAF,666,f,1,221,194.378677692759,203,76.4563106796116,16,16,5.7373046875,1.3194,5.5-6.0,mid
pAF,682,f,0,NaN,199.443114022455,231,84.6774193548387,12,0,NaN,NaN,,
pAF,683,f,1,224,165.130121357506,186,64.7482014388489,34,34,5.7373046875,1.0107,5.5-6.0,mid
pAF,702,f,1,235,160.6728247848,195,66.5258711721225,38,37,5.37109375,1.1682,5.0-5.5,mid
pAF,726,f,0,NaN,239.394175844187,295,62.3762376237624,7,0,NaN,NaN,,
pAF,738,f,1,190,184.452100212009,184,85.5978260869565,6,6,6.7138671875,1.4706,6.5-7.3,high
pAF,747,f,1,243,219.020072398533,229,79.145728643216,19,3,5.2490234375,1.413,5.0-5.5,mid
pAF,752,f,1,196,177.170434401814,179,85.3658536585366,16,16,6.7138671875,1.2312,6.5-7.3,high
pAF,754,f,0,NaN,224.352420641437,250,85.2503382949932,14,0,NaN,NaN,,
pAF,760,f,1,225,177.426468148151,193,75.9951749095295,29,29,5.859375,1.2915,5.5-6.0,mid
pAF,779,f,0,NaN,211.031998350169,223,80.7692307692307,5,1,NaN,NaN,,mid
pAF,786,f,1,221,176.575671852464,192,86.1833105335157,25,23,5.9814453125,1.3221,5.5-6.0,mid
pAF,789,f,0,NaN,202.161443790996,210,82.03125,11,1,NaN,NaN,,mid
pAF,796,f,1,188,174.247089300305,178,83.8881491344873,10,10,7.080078125,1.1376,6.5-7.3,high
pAF,807,f,1,217,188.306424187016,201,75.4491017964072,29,11,5.615234375,1.3716,5.5-6.0,mid
pAF,814,f,0,NaN,192.034402550278,197,85.9481582537517,16,1,NaN,NaN,,
pAF,820,f,0,NaN,232.224874024658,239,86.6574965612104,3,0,NaN,NaN,,
pAF,821,f,1,245,172.076549504302,218,59.6590909090909,25,25,4.638671875,1.017,4.5-5.0,low
pAF,826,f,1,212,164.859050767736,180,72.8323699421966,29,29,6.34765625,1.0332,6.0-6.5,mid
pAF,829,f,1,215,194.168363806435,208,85.7142857142857,7,7,5.615234375,1.1844,5.5-6.0,mid
pAF,841,f,0,NaN,205.100829556693,208,79.4451450189156,1,1,NaN,NaN,,mid
pAF,848,f,1,257,190.331571007526,233,84.7913862718708,22,15,4.5166015625,0.9792,4.5-5.0,low
pAF,850,f,1,255,178.905320333324,233,73.943661971831,23,15,4.39453125,0.9216,4.1-4.5,low
pAF,856,f,1,215,186.644768196107,189,65.0826446280992,26,26,6.7138671875,1.0494,6.5-7.3,high
pAF,865,f,1,235,178.786315304882,211,79.746835443038,32,17,5.0048828125,1.0926,5.0-5.5,mid
pAF,874,f,1,195,186.397865192434,193,78.0669144981412,2,2,6.34765625,1.2213,6.0-6.5,mid
pAF,875,f,0,NaN,163.070825246432,200,62.5,30,28,NaN,NaN,,
pAF,877,f,0,NaN,192.500034269142,201,86.8965517241379,13,5,NaN,NaN,,
pAF,884,f,1,196,192.493484778948,192,76.0869565217391,7,7,7.2021484375,1.2465,6.5-7.3,high
pAF,889,f,1,245,176.313667807663,225,83.5543766578249,25,13,4.638671875,0.9522,4.5-5.0,low
pAF,907,f,0,NaN,210.779840101641,215,86.1833105335157,6,1,NaN,NaN,,
pAF,923,f,0,NaN,211.965888417355,272,59.0994371482176,7,0,NaN,NaN,,
pAF,937,f,1,248,204.008316693908,230,63.1895687061183,16,16,4.7607421875,1.0404,4.5-5.0,low
pAF,972,f,1,225,196.07581528039,210,67.4518201284796,14,14,5.2490234375,1.053,5.0-5.5,mid
pAF,974,f,1,205,177.871793378028,185,81.2903225806451,18,18,6.4697265625,1.1637,6.0-6.5,mid
pAF,975,f,0,NaN,237.416265868473,256,75.7211538461538,0,0,NaN,NaN,,
pAF,988,f,1,196,164.15947095133,177,79.646017699115,18,18,6.8359375,1.1457,6.5-7.3,high
pAF,1003,f,1,215,174.737608074698,189,86.3013698630137,23,23,5.7373046875,1.2168,5.5-6.0,mid
pAF,1017,f,1,208,176.713842390702,190,79.9492385786802,18,13,5.9814453125,1.2861,5.5-6.0,mid
pAF,1037,f,1,229,217.514996776816,227,65.6934306569343,3,3,5.4931640625,1.1097,5.0-5.5,mid
pAF,1038,f,1,201,179.771896525504,183,82.03125,17,17,6.7138671875,1.1367,6.5-7.3,high
pAF,1040,f,0,NaN,219.698918544316,288,84.4504021447721,28,0,NaN,NaN,,
pAF,1059,f,0,NaN,234.060845519984,234,82.4607329842932,3,0,NaN,NaN,,
pAF,1089,f,0,NaN,216.775488812527,246,86.896551724138,3,0,NaN,NaN,,
pAF,1109,f,0,NaN,163.917816645167,205,83.554376657825,31,0,NaN,NaN,,
pAF,1110,f,1,251,198.851260728334,233,76.0869565217391,16,12,4.8828125,1.1682,4.5-5.0,low
pAF,1125,f,0,NaN,185.340771250485,234,76.0869565217391,18,0,NaN,NaN,,
pAF,1135,f,1,217,191.039507566005,201,75.8122743682311,15,15,6.34765625,1.3275,6.0-6.5,mid
pAF,1137,f,1,238,188.72955789906,215,75.1789976133652,21,21,5.37109375,1.3608,5.0-5.5,mid
pAF,1140,f,1,237,162.804375267515,201,71.3476783691959,35,33,5.4931640625,1.116,5.0-5.5,mid
pAF,1141,f,1,216,178.808036225193,201,71.4285714285714,32,7,5.2490234375,1.3455,5.0-5.5,mid
pAF,1147,f,1,231,183.777109008442,200,78.9473684210526,27,25,5.37109375,1.2141,5.0-5.5,mid
pAF,1173,f,0,NaN,189.436115059609,223,79.2452830188679,17,1,NaN,NaN,,low
pAF,1176,f,1,215,161.215743792884,181,80.7692307692308,31,31,6.103515625,1.2771,6.0-6.5,mid
pAF,1182,f,0,NaN,236.298584956479,295,85.9481582537517,17,0,NaN,NaN,,
pAF,1184,f,1,236,227.067937728942,232,74.5562130177515,4,4,5.2490234375,1.3248,5.0-5.5,mid
pAF,1198,f,1,217,163.226797826959,184,63.12625250501,31,31,5.859375,0.9693,5.5-6.0,mid
pAF,1210,f,1,239,170.16951278635,192,57.6923076923077,41,41,5.2490234375,1.1628,5.0-5.5,mid
pAF,1213,f,1,207,203.211399122869,203,83.5543766578249,17,3,5.9814453125,1.4166,5.5-6.0,mid
pAF,1226,f,0,NaN,230.547504680384,256,88.2352941176471,11,0,NaN,NaN,,
pAF,1241,f,0,NaN,212.546354602113,225,82.1382007822686,10,3,NaN,NaN,,
pAF,1246,f,1,199,164.597771638124,172,85.3658536585366,25,23,6.8359375,1.2897,6.5-7.3,high
pAF,1255,f,0,NaN,235.537404389681,258,62.3762376237624,5,1,NaN,NaN,,low
pAF,1260,f,1,224,181.337033036478,197,78.9473684210526,24,24,5.7373046875,1.3968,5.5-6.0,mid
pAF,1273,f,0,NaN,234.103182244406,251,88.35904628331,7,0,NaN,NaN,,
pAF,1278,f,0,NaN,234.574485233985,281,81.0810810810811,23,0,NaN,NaN,,
pAF,1282,f,1,201,185.625420388191,186,80.0508259212198,15,15,7.080078125,0.9945,6.5-7.3,high
pAF,1324,f,1,209,188.988272264593,194,77.7777777777778,14,14,6.34765625,1.2186,6.0-6.5,mid
pAF,1325,f,0,NaN,233.748360914433,278,64.2857142857142,11,0,NaN,NaN,,
pAF,1336,f,0,NaN,197.830746301915,243,68.7022900763359,29,0,NaN,NaN,,
pAF,1342,f,1,220,167.655658641212,208,75.7211538461538,30,7,5.859375,0.6273,5.5-6.0,mid
pAF,1345,f,0,NaN,206.880223900946,240,79.3450881612091,17,0,NaN,NaN,,
pAF,1346,f,1,236,206.745859913761,219,79.746835443038,16,14,5.37109375,1.305,5.0-5.5,mid
pAF,1350,f,1,204,194.460195570769,199,72.3306544202067,6,6,6.4697265625,1.0089,6.0-6.5,mid
pAF,1356,f,1,223,180.242733435342,204,85.4816824966079,29,11,5.2490234375,1.1664,5.0-5.5,mid
pAF,1450,f,1,252,207.36275829807,240,84.4504021447721,15,3,4.638671875,1.2663,4.5-5.0,low
pAF,1461,f,0,NaN,230.203355450329,241,72.0823798627002,0,0,NaN,NaN,,
pAF,1466,f,0,NaN,230.45830288437,245,82.8947368421053,5,0,NaN,NaN,,
pAF,1476,f,1,199,163.7437475837,174,77.5862068965517,21,19,6.103515625,1.1943,6.0-6.5,mid
pAF,1510,f,1,206,171.918640463402,184,81.1855670103093,20,20,6.34765625,1.3077,6.0-6.5,mid
pAF,1523,f,0,NaN,233.910030742256,252,89.2351274787536,10,0,NaN,NaN,,
pAF,1527,f,1,228,215.37304394535,225,77.2058823529412,3,3,5.37109375,1.3032,5.0-5.5,mid
pAF,1532,f,0,NaN,201.942262819859,259,84.6774193548387,12,0,NaN,NaN,,
pAF,1544,f,1,195,175.565998396509,184,77.9702970297029,10,10,6.591796875,1.0278,6.5-7.3,high
pAF,1551,f,1,216,172.658388965807,193,72.9166666666667,21,21,5.859375,1.1448,5.5-6.0,mid
pAF,1557,f,0,NaN,231.601545070196,266,85.3658536585366,4,0,NaN,NaN,,
pAF,1561,f,0,NaN,164.255768536808,175,76.3636363636364,0,0,NaN,NaN,,
pAF,1604,f,0,NaN,190.576548749879,198,86.8965517241379,19,1,NaN,NaN,,mid
pAF,1609,f,1,233,171.11409005164,214,68.1818181818182,30,15,4.638671875,1.0647,4.5-5.0,low
pAF,1612,f,0,NaN,243.500127957937,260,83.5543766578249,0,0,NaN,NaN,,
pAF,1628,f,0,NaN,228.595006265736,250,79.9492385786802,1,0,NaN,NaN,,
pAF,1643,f,1,228,219.41465692909,222,74.6445497630332,6,6,5.9814453125,1.2123,5.5-6.0,mid
pAF,1655,f,1,198,163.070323620792,173,77.7777777777778,24,24,6.9580078125,1.1313,6.5-7.3,high
pAF,1660,f,1,233,193.059217861482,221,83.223249669749,10,10,5.0048828125,1.1925,5.0-5.5,mid
pAF,1672,f,0,NaN,240.140078618264,247,80.1526717557252,7,0,NaN,NaN,,
pAF,1674,f,0,NaN,218.324749659027,236,79.2452830188679,0,0,NaN,NaN,,
pAF,1696,f,0,NaN,235.614753315815,234,81.0810810810811,0,0,NaN,NaN,,
pAF,1708,f,0,NaN,235.11191596857,249,86.1833105335157,4,0,NaN,NaN,,
pAF,1709,f,0,NaN,212.231416547351,233,85.5978260869565,6,0,NaN,NaN,,
pAF,1710,f,1,243,188.196595984089,218,74.3801652892562,22,22,5.0048828125,1.0908,5.0-5.5,mid
pAF,1713,f,1,242,194.50322934935,215,71.4285714285714,24,24,5.4931640625,1.2231,5.0-5.5,mid
pAF,1715,f,0,NaN,197.923696133272,216,85.1351351351351,4,4,NaN,NaN,,mid
pAF,1721,f,0,NaN,229.573134314582,251,84.3373493975904,1,0,NaN,NaN,,
pAF,1722,f,0,NaN,221.406675287006,234,78.5536159600997,7,0,NaN,NaN,,
pAF,1733,f,0,NaN,228.981612905118,233,83.223249669749,5,1,NaN,NaN,,mid
pAF,1747,f,0,NaN,164.053317589322,175,78.1637717121588,0,0,NaN,NaN,,
pAF,1760,f,0,NaN,221.584002876261,240,85.5978260869565,0,0,NaN,NaN,,
pAF,1766,f,1,211,177.78510774544,186,74.468085106383,23,23,6.2255859375,1.2726,6.0-6.5,mid
pAF,1774,f,1,213,174.603709911295,188,81.6062176165803,23,21,5.859375,1.2726,5.5-6.0,mid
pAF,1783,f,0,NaN,232.148362365071,295,82.2454308093995,10,0,NaN,NaN,,
pAF,1789,f,0,NaN,196.298413426521,207,86.3013698630137,1,1,NaN,NaN,,mid
pAF,1795,f,1,225,186.259984068893,200,82.6771653543307,22,20,5.615234375,1.2906,5.5-6.0,mid
pAF,1800,f,1,220,162.193206947624,179,65.5567117585848,37,37,5.9814453125,1.1376,5.5-6.0,mid
pAF,1810,f,1,208,167.746487514312,189,84.1121495327103,17,17,6.103515625,1.2033,6.0-6.5,mid
pAF,1811,f,1,240,173.347077379396,204,75.1789976133651,33,31,5.37109375,1.1556,5.0-5.5,mid
pAF,1824,f,1,206,201.82402354123,200,76.73568818514,7,7,6.4697265625,1.4697,6.0-6.5,mid
pAF,1831,f,0,NaN,213.710939883262,274,74.910820451843,20,0,NaN,NaN,,
pAF,1840,f,1,232,178.607372152605,196,63,34,34,5.859375,1.26,5.5-6.0,mid
pAF,1862,f,0,NaN,178.276006051317,198,81.924577373212,13,11,NaN,NaN,,
pAF,1870,f,0,NaN,216.372193604861,255,73.8569753810082,9,0,NaN,NaN,,
pAF,1872,f,1,208,184.871990549327,188,80.4597701149425,18,18,6.34765625,1.1043,6.0-6.5,mid
pAF,1873,f,0,NaN,215.542598512955,253,59.4900849858357,15,0,NaN,NaN,,
pAF,1881,f,1,228,168.447117117226,184,59.6026490066225,40,40,5.859375,1.1439,5.5-6.0,mid
pAF,1886,f,1,223,188.162116606822,204,82.7858081471747,16,14,5.7373046875,1.2573,5.5-6.0,mid
pAF,1892,f,0,NaN,203.530735424269,220,80.2547770700637,20,0,NaN,NaN,,
pAF,1919,f,0,NaN,241.114163252707,240,85.0202429149798,0,0,NaN,NaN,,
pAF,1937,f,0,NaN,222.416625879407,231,76.2711864406779,1,0,NaN,NaN,,
pAF,1957,f,1,220,164.343994031566,182,71.0259301014656,35,35,5.9814453125,1.2051,5.5-6.0,mid
pAF,1960,f,1,205,177.998134267844,187,67.0926517571885,17,17,6.103515625,1.1475,6.0-6.5,mid
pAF,1982,f,1,221,175.895715011757,189,81.1855670103093,28,26,5.7373046875,1.2708,5.5-6.0,mid
pAF,1986,f,1,214,182.943100699275,190,85.5978260869565,22,22,6.34765625,1.2384,6.0-6.5,mid
pAF,1988,f,1,285,175.017887860617,248,66.9500531349628,32,31,4.638671875,0.5985,4.5-5.0,low
pAF,1992,f,0,NaN,222.821278020099,227,83.3333333333333,3,1,NaN,NaN,,mid
pAF,2036,f,1,200,173.934817713503,189,70.1559020044544,16,9,5.9814453125,1.0296,5.5-6.0,mid
pAF,2054,f,0,NaN,208.9793203917,211,82.5688073394495,1,1,NaN,NaN,,mid
pAF,2062,f,0,NaN,196.881854821273,220,78.1637717121588,24,1,NaN,NaN,,low
pAF,2070,f,1,254,164.1072261546,206,54.3572044866264,45,45,4.7607421875,1.0413,4.5-5.0,low
pAF,2079,f,1,257,213.922434413384,233,57.9044117647058,22,22,4.638671875,1.125,4.5-5.0,low
pAF,2080,f,1,220,177.981612991942,196,87.0165745856353,21,21,5.859375,1.0404,5.5-6.0,mid
pAF,2110,f,1,200,167.286776393281,178,73.0858468677494,22,22,6.9580078125,1.0476,6.5-7.3,high
pAF,2116,f,1,213,160.940868582627,180,78.3582089552238,28,26,5.859375,1.2663,5.5-6.0,mid
pAF,2125,f,1,273,210.894512833314,259,65.4205607476635,11,11,5.0048828125,0.9,5.0-5.5,mid
pAF,2128,f,1,207,183.402806225444,188,76.3636363636363,18,18,6.7138671875,1.1637,6.5-7.3,high
pAF,2155,f,0,NaN,221.08167161551,286,60.6936416184971,19,0,NaN,NaN,,
pAF,2163,f,0,NaN,187.393992488287,224,80.6658130601792,24,0,NaN,NaN,,
pAF,2178,f,1,201,180.667970166709,191,81.3953488372093,10,10,6.34765625,1.2465,6.0-6.5,mid
pAF,2184,f,1,224,191.620007190933,214,81.2903225806452,20,3,5.0048828125,1.2681,5.0-5.5,mid
pAF,2198,f,1,225,175.159516474931,194,75.7211538461538,28,28,5.9814453125,1.2564,5.5-6.0,mid
pAF,2200,f,0,NaN,241.207096429112,290,67.0212765957447,0,0,NaN,NaN,,
pAF,2274,f,0,NaN,182.472890324614,238,86.0655737704918,31,0,NaN,NaN,,
pAF,2275,f,0,NaN,231.479571852578,255,84.9056603773585,0,0,NaN,NaN,,
pAF,2280,f,0,NaN,182.289120730937,216,53.3898305084746,36,1,NaN,NaN,,
pAF,2288,f,1,203,179.467561952442,189,84.9056603773585,14,14,6.34765625,1.3833,6.0-6.5,mid
pAF,2305,f,0,NaN,221.851663253328,258,67.2358591248666,4,0,NaN,NaN,,
pAF,2306,f,1,211,205.617876594202,209,79.0464240903388,4,4,6.103515625,1.2564,6.0-6.5,mid
pAF,2313,f,1,205,181.320959907142,187,72.7482678983833,18,18,6.591796875,1.206,6.5-7.3,high
pAF,2321,f,0,NaN,189.523051457014,263,79.646017699115,27,0,NaN,NaN,,
pAF,2327,f,1,217,178.25251685339,199,83.7765957446808,17,17,6.103515625,1.2879,6.0-6.5,mid
pAF,2329,f,1,227,209.844230915856,220,81.3953488372093,10,5,5.4931640625,1.2699,5.0-5.5,mid
pAF,2360,f,1,195,172.349175523486,186,83.6653386454183,8,8,6.2255859375,1.1646,6.0-6.5,mid
pAF,2385,f,1,213,211.874639775204,209,82.6771653543307,4,4,6.103515625,1.4274,6.0-6.5,mid
pAF,2396,f,0,NaN,241.913177875074,311,54.9738219895288,0,0,NaN,NaN,,
pAF,2400,f,1,235,220.846359315219,233,70.548712206047,2,2,5.126953125,1.3158,5.0-5.5,mid
pAF,2421,f,0,NaN,164.164253680538,192,82.3529411764706,26,1,NaN,NaN,,mid
pAF,2433,f,0,NaN,232.515940560108,251,69.6902654867257,13,0,NaN,NaN,,
pAF,2450,f,0,NaN,203.25214073719,252,66.2460567823343,25,0,NaN,NaN,,
pAF,2481,f,1,216,185.918449029567,192,77.6818742293465,21,21,5.859375,1.2744,5.5-6.0,mid
pAF,2487,f,1,224,161.692730821953,186,70.548712206047,34,34,5.859375,1.1151,5.5-6.0,mid
pAF,2497,f,0,NaN,221.114773532172,252,85.1351351351351,14,0,NaN,NaN,,
pAF,2512,f,1,233,174.235026591115,204,58.933582787652,27,27,5.126953125,1.0593,5.0-5.5,mid
pAF,2515,f,0,NaN,207.945536244406,266,83.3333333333333,31,0,NaN,NaN,,
pAF,2536,f,1,248,204.303006620154,239,74.3801652892562,11,3,4.39453125,1.0053,4.1-4.5,low
pAF,2552,f,1,222,162.621575091121,191,86.3013698630137,28,26,5.859375,1.0998,5.5-6.0,mid
pAF,2582,f,1,223,172.051200217451,191,72,29,29,5.9814453125,1.3005,5.5-6.0,mid
pAF,2599,f,0,NaN,231.577897266332,281,84.4504021447721,15,0,NaN,NaN,,
pAF,2603,f,0,NaN,209.479688698164,224,80.2547770700637,10,1,NaN,NaN,,mid
pAF,2605,f,1,215,161.229916205535,178,64.8148148148148,36,36,6.34765625,1.2897,6.0-6.5,mid
pAF,2634,f,0,NaN,219.987616742779,269,77.6818742293465,0,0,NaN,NaN,,
pAF,2642,f,0,NaN,208.256266141965,213,83.223249669749,9,5,NaN,NaN,,mid
pAF,2643,f,0,NaN,239.797724475924,263,88.35904628331,6,0,NaN,NaN,,
pAF,2672,f,0,NaN,225.154543416429,229,86.3013698630136,0,0,NaN,NaN,,
pAF,2697,f,1,236,206.755746144438,216,71.6723549488055,18,18,5.37109375,1.1187,5.0-5.5,mid
pAF,2699,f,1,213,209.191346593158,210,82.1382007822686,3,3,5.859375,1.3905,5.5-6.0,mid
pAF,2726,f,1,194,170.038555084204,180,84,14,14,7.080078125,1.3167,6.5-7.3,high
pAF,2727,f,1,207,160.390649555309,174,83.223249669749,30,30,6.4697265625,1.1376,6.0-6.5,mid
pAF,2742,f,1,196,174.941367067382,179,82.6771653543307,16,16,6.8359375,1.1889,6.5-7.3,high
pAF,2758,f,1,210,168.698353042186,186,72,22,22,5.859375,1.1394,5.5-6.0,mid
pAF,2763,f,0,NaN,242.93603226744,312,66.5258711721225,1,0,NaN,NaN,,
pAF,2765,f,1,197,166.761714505228,177,81.1855670103092,18,18,6.591796875,1.0359,6.5-7.3,high
pAF,2766,f,0,NaN,232.106707348663,249,75.0893921334922,1,0,NaN,NaN,,
pAF,2775,f,1,214,213.120272067092,209,65.8307210031348,8,8,6.4697265625,1.0674,6.0-6.5,mid
pAF,2792,f,0,NaN,230.13132015337,279,84.4504021447721,14,0,NaN,NaN,,
pAF,2803,f,1,206,176.382858512407,184,67.0926517571885,22,22,6.9580078125,0.9414,6.5-7.3,high
pAF,2805,f,0,NaN,225.111617005692,270,81.9245773732119,10,0,NaN,NaN,,
pAF,2824,f,0,NaN,235.327384408847,286,62.0689655172414,1,0,NaN,NaN,,
pAF,2825,f,1,260,199.589838229353,224,60.2294455066921,31,31,4.7607421875,1.089,4.5-5.0,low
pAF,2866,f,0,NaN,238.88331240783,239,77.4907749077491,10,0,NaN,NaN,,
pAF,2872,f,1,264,187.327215169957,231,60,29,29,4.2724609375,0.9792,4.1-4.5,low
pAF,2910,f,1,211,192.156329976184,194,79.8479087452471,16,16,6.4697265625,1.2645,6.0-6.5,mid
pAF,2911,f,0,NaN,232.837937679142,258,81.3953488372093,0,0,NaN,NaN,,
pAF,2923,f,0,NaN,236.418131324164,250,71.5096481271282,1,0,NaN,NaN,,
pAF,2933,f,0,NaN,212.154609254401,225,88.1118881118881,12,0,NaN,NaN,,
pAF,2939,f,1,220,196.952057564013,207,63.508064516129,14,14,5.859375,1.2465,5.5-6.0,mid
pAF,2947,f,1,206,179.015899677586,191,83.4437086092715,13,13,6.103515625,1.3113,6.0-6.5,mid
pAF,2979,f,0,NaN,228.420746505835,239,66.4556962025316,7,1,NaN,NaN,,low
pAF,2992,f,0,NaN,235.17099356254,260,79.5454545454545,1,0,NaN,NaN,,
pAF,3007,f,0,NaN,223.140534260325,221,84,0,0,NaN,NaN,,
pAF,3015,f,1,214,182.065034752159,198,84.7913862718708,14,14,5.4931640625,1.422,5.0-5.5,mid
pAF,3016,f,0,NaN,244.705565374068,293,79.2452830188679,1,0,NaN,NaN,,
pAF,3018,f,1,186,180.962124799895,183,78.0669144981413,5,5,6.9580078125,1.035,6.5-7.3,high
pAF,3038,f,1,188,168.843751319189,181,80.7692307692307,17,3,5.9814453125,1.2492,5.5-6.0,mid
pAF,3055,f,0,NaN,223.806240708909,283,63.9593908629442,19,0,NaN,NaN,,
pAF,3064,f,1,221,183.831808900737,209,83.3333333333333,11,11,5.2490234375,1.2366,5.0-5.5,mid
pAF,3082,f,1,213,173.287718384221,186,74.468085106383,24,24,7.080078125,1.2366,6.5-7.3,high
pAF,3090,f,0,NaN,195.726289199018,200,80.5626598465473,0,0,NaN,NaN,,
pAF,3094,f,0,NaN,206.3382327902,209,85.2503382949932,14,1,NaN,NaN,,
pAF,3104,f,1,221,183.56108308777,197,81.7120622568093,21,21,5.859375,1.2033,5.5-6.0,mid
pAF,3108,f,1,199,165.547006154928,181,77.2058823529412,17,17,6.34765625,1.179,6.0-6.5,mid
pAF,3130,f,0,NaN,233.150879853027,260,71.9178082191781,7,0,NaN,NaN,,
pAF,3135,f,1,196,185.852244525508,191,87.1369294605809,5,5,6.34765625,1.1511,6.0-6.5,mid
pAF,3136,f,1,246,189.78100302659,227,65.2173913043478,27,3,4.39453125,1.0521,4.1-4.5,low
pAF,3151,f,1,196,169.193127049642,186,87.378640776699,9,9,6.2255859375,1.1664,6.0-6.5,mid
pAF,3153,f,0,NaN,227.350515819242,242,87.5,9,0,NaN,NaN,,
pAF,3155,f,1,249,169.952260196413,211,68.3297180043384,33,31,4.7607421875,0.9558,4.5-5.0,low
pAF,3170,f,0,NaN,210.314989547747,242,74.6445497630332,7,0,NaN,NaN,,
pAF,3175,f,1,224,217.338397181171,216,73.512252042007,8,8,6.103515625,1.3968,6.0-6.5,mid
pAF,3183,f,0,NaN,177.821726884256,225,75.4491017964072,31,0,NaN,NaN,,
pAF,3189,f,1,216,161.977356089868,183,74.6445497630332,31,31,5.9814453125,1.3356,5.5-6.0,mid
pAF,3192,f,0,NaN,192.754760114272,227,83.4437086092715,21,0,NaN,NaN,,
pAF,3199,f,1,238,205.317873517182,224,76.271186440678,12,12,5.37109375,1.2906,5.0-5.5,mid
pAF,3211,f,1,213,160.068468287362,180,80.9768637532134,29,25,5.615234375,1.1295,5.5-6.0,mid
pAF,3212,f,0,NaN,220.942648689903,234,87.1369294605809,17,0,NaN,NaN,,
pAF,3239,f,1,183,165.7434979877,167,83.5543766578249,16,16,6.8359375,1.1133,6.5-7.3,high
pAF,3245,f,0,NaN,203.094347644444,260,57.9576816927323,34,0,NaN,NaN,,
pAF,3246,f,1,262,237.352477909779,248,61.046511627907,12,2,4.7607421875,1.2096,4.5-5.0,low
pAF,3250,f,0,NaN,213.955143128587,248,75.0893921334922,17,0,NaN,NaN,,
pAF,3258,f,0,NaN,237.960788995952,276,81.5006468305304,13,0,NaN,NaN,,
pAF,3307,f,1,237,162.690533726411,190,53.2994923857868,44,44,5.4931640625,0.9549,5.0-5.5,mid
pAF,3320,f,0,NaN,224.901027996224,225,83.223249669749,7,1,NaN,NaN,,mid
pAF,3329,f,0,NaN,201.423412258082,243,74.0305522914218,23,0,NaN,NaN,,
pAF,3336,f,1,204,165.70898334447,168,75.3588516746411,33,33,6.7138671875,1.3149,6.5-7.3,high
pAF,3341,f,0,NaN,238.543686886267,262,85.7142857142857,6,0,NaN,NaN,,
pAF,3346,f,1,208,174.1002308854,186,81.8181818181818,20,20,6.103515625,1.2591,6.0-6.5,mid
pAF,3367,f,1,207,161.983068797192,179,75.4491017964072,24,24,6.103515625,1.0386,6.0-6.5,mid
pAF,3382,f,1,193,175.254681015926,174,80.0508259212198,18,18,7.2021484375,1.1988,6.5-7.3,high
pAF,3395,f,0,NaN,175.503009460772,223,84.2245989304813,28,0,NaN,NaN,,
pAF,3396,f,0,NaN,236.900240335075,254,84.2245989304813,1,0,NaN,NaN,,
pAF,3413,f,1,237,199.09302306045,213,71.6723549488055,21,21,5.37109375,1.1124,5.0-5.5,mid
pAF,3414,f,0,NaN,194.445917741272,225,73.5981308411215,25,0,NaN,NaN,,
pAF,3424,f,0,NaN,189.689317916505,200,80.7692307692308,1,1,NaN,NaN,,mid
pAF,3426,f,0,NaN,227.120543325582,281,85.7142857142857,18,0,NaN,NaN,,
pAF,3435,f,1,204,171.33436165491,182,84.4504021447721,21,21,6.4697265625,1.5264,6.0-6.5,mid
pAF,3444,f,1,259,174.431144630806,218,61.105722599418,38,37,4.7607421875,1.0773,4.5-5.0,low
pAF,3451,f,0,NaN,240.779856768095,255,82.8947368421052,1,0,NaN,NaN,,
pAF,3456,f,1,212,189.398485519429,196,80.7692307692308,15,15,6.34765625,1.2393,6.0-6.5,mid
pAF,3470,f,1,214,186.406193486895,196,74.4680851063829,16,16,5.9814453125,1.1178,5.5-6.0,mid
pAF,3471,f,1,225,189.789831171678,204,79.746835443038,19,17,5.2490234375,1.1898,5.0-5.5,mid
pAF,3482,f,0,NaN,195.530878512713,211,88.2352941176471,16,0,NaN,NaN,,
pAF,3491,f,1,202,195.527124800057,191,81.7120622568093,12,12,6.8359375,1.3608,6.5-7.3,high
pAF,3492,f,1,237,206.015065648971,230,81.3953488372093,6,2,5.0048828125,1.2033,5.0-5.5,mid
pAF,3494,f,0,NaN,227.608192184656,303,54.4511668107174,31,0,NaN,NaN,,
pAF,3502,f,0,NaN,210.78528549333,226,88.4831460674157,12,0,NaN,NaN,,
pAF,3515,f,1,232,168.808603264762,204,66.1070304302204,25,25,5.126953125,1.0557,5.0-5.5,mid
pAF,3525,f,1,235,198.377045879199,217,84.7913862718708,15,15,5.126953125,1.2447,5.0-5.5,mid
pAF,3528,f,0,NaN,220.063314998755,265,79.9492385786802,16,0,NaN,NaN,,
pAF,3534,f,1,198,175.624439581785,179,84.5637583892617,18,18,6.9580078125,1.3437,6.5-7.3,high
pAF,3562,f,0,NaN,235.044649854106,267,54.735013032146,2,0,NaN,NaN,,
pAF,3566,f,1,232,178.796844485012,198,72.3306544202067,31,31,5.7373046875,1.2699,5.5-6.0,mid
pAF,3575,f,0,NaN,201.19227851188,212,86.7768595041322,16,0,NaN,NaN,,
pAF,3576,f,0,NaN,229.207047792712,243,67.3076923076923,0,0,NaN,NaN,,
pAF,3583,f,1,237,213.599949767769,222,69.4597574421168,13,13,5.4931640625,1.2906,5.0-5.5,mid
pAF,3588,f,0,NaN,221.194049044068,222,82.1382007822686,10,0,NaN,NaN,,
pAF,3601,f,0,NaN,179.747948569071,216,84.3373493975904,28,1,NaN,NaN,,low
pAF,3645,f,1,205,161.920315311851,175,65.2173913043478,30,30,6.4697265625,1.2519,6.0-6.5,mid
pAF,3677,f,0,NaN,228.593398637371,241,87.6216968011127,6,0,NaN,NaN,,
pAF,3692,f,0,NaN,225.356066110377,239,84.3373493975904,10,0,NaN,NaN,,
pAF,3708,f,1,217,183.256886387935,207,85.4816824966079,16,5,5.37109375,1.1844,5.0-5.5,mid
pAF,3717,f,1,250,180.655185995041,227,81.5006468305304,26,13,4.5166015625,0.9882,4.5-5.0,low
pAF,3730,f,1,218,201.922183284958,202,81.3953488372093,14,14,6.103515625,1.1682,6.0-6.5,mid
pAF,3747,f,1,211,192.017127452673,193,84.9056603773585,18,18,6.8359375,1.2087,6.5-7.3,high
pAF,3759,f,0,NaN,244.917546516939,255,79.345088161209,0,0,NaN,NaN,,
pAF,3768,f,1,223,172.503174775629,195,73.512252042007,25,25,5.4931640625,1.0539,5.0-5.5,mid
pAF,3780,f,1,236,196.356757378169,215,77.0171149144254,25,9,4.8828125,1.1565,4.5-5.0,low
pAF,3811,f,0,NaN,180.570483394411,231,75.1789976133652,22,1,NaN,NaN,,mid
pAF,3818,f,1,239,212.597447786655,219,74.6445497630332,25,3,5.0048828125,1.3446,5.0-5.5,mid
pAF,3864,f,1,228,169.124061745388,187,64.0243902439025,38,38,5.859375,1.1259,5.5-6.0,mid
pAF,3876,f,1,215,170.123088134991,183,86.1833105335157,28,22,6.103515625,1.3149,6.0-6.5,mid
pAF,3899,f,0,NaN,224.499047041005,288,75.6302521008403,23,0,NaN,NaN,,
pAF,3926,f,1,215,174.248977730873,188,80.1526717557252,23,23,5.9814453125,0.963,5.5-6.0,mid
pAF,3929,f,0,NaN,221.599993642281,244,84,15,0,NaN,NaN,,
pAF,3932,f,0,NaN,171.994763033021,194,67.379679144385,25,23,NaN,NaN,,mid
pAF,3935,f,1,221,173.281380496221,207,80.8729139922978,23,11,5.126953125,1.1961,5.0-5.5,mid
pAF,3937,f,1,205,169.053193133186,178,78.4557907845579,26,26,6.8359375,1.3608,6.5-7.3,high
pAF,3938,f,0,NaN,239.982045068813,268,70.8661417322835,18,0,NaN,NaN,,
pAF,3953,f,1,221,174.908211412607,188,62.5620655412115,31,31,6.34765625,0.9819,6.0-6.5,mid
pAF,3958,f,0,NaN,204.050991086828,211,86.4197530864198,9,1,NaN,NaN,,mid
pAF,3961,f,0,NaN,239.409353432849,249,82.2454308093995,0,0,NaN,NaN,,
pAF,3964,f,1,249,215.768486052562,239,77.8739184177997,8,8,4.7607421875,1.0602,4.5-5.0,low
pAF,3980,f,1,221,181.69687728415,200,76.1789600967352,19,17,5.4931640625,1.2798,5.0-5.5,mid
pAF,3981,f,1,219,185.323258240227,198,75.1789976133651,17,17,5.7373046875,1.2096,5.5-6.0,mid
pAF,3993,f,1,199,173.977923531871,182,85.3658536585366,27,3,6.103515625,1.3698,6.0-6.5,mid
pAF,3998,f,1,201,187.708934569127,194,86.6574965612104,6,6,5.9814453125,1.1673,5.5-6.0,mid
pAF,4005,f,1,205,177.306654479682,190,83.5543766578249,14,14,6.7138671875,1.2303,6.5-7.3,high
pAF,4022,f,1,246,174.668399776754,202,56.4010743061773,43,43,5.37109375,1.1619,5.0-5.5,mid
pAF,4037,f,0,NaN,215.059708865687,250,77.3955773955774,19,0,NaN,NaN,,
pAF,4047,f,0,NaN,197.392753063526,224,86.7768595041322,21,1,NaN,NaN,,mid
pAF,4052,f,0,NaN,199.993834299181,233,85.8310626702997,16,0,NaN,NaN,,
pAF,4053,f,0,NaN,239.72215743702,237,81.7120622568093,0,0,NaN,NaN,,
pAF,4063,f,1,201,183.214140055745,184,82.5688073394495,16,16,6.4697265625,1.1628,6.0-6.5,mid
pAF,4066,f,0,NaN,232.680838746943,288,85.8310626702997,13,0,NaN,NaN,,
pAF,4074,f,1,231,200.793279813603,209,65.8995815899581,20,20,5.615234375,1.3023,5.5-6.0,mid
pAF,4085,f,0,NaN,235.303805793199,241,85.9481582537517,0,0,NaN,NaN,,
pAF,4086,f,0,NaN,232.721482724664,244,73.512252042007,4,0,NaN,NaN,,
pAF,4100,f,1,214,173.090911541702,187,85.3658536585366,24,22,6.103515625,1.3968,6.0-6.5,mid
pAF,4106,f,0,NaN,183.284792695726,237,75.5395683453237,24,0,NaN,NaN,,
pAF,4119,f,0,NaN,232.681187042363,277,85.5978260869565,3,0,NaN,NaN,,
pAF,4166,f,1,218,175.409976919109,192,80.6658130601792,23,23,6.2255859375,1.17,6.0-6.5,mid
pAF,4174,f,1,215,175.908587805403,187,85.0202429149798,25,21,5.9814453125,1.0305,5.5-6.0,mid
pAF,4181,f,0,NaN,228.06346778947,236,75.1789976133651,1,1,NaN,NaN,,
pAF,4231,f,1,221,206.398884048409,209,87.8661087866109,10,10,5.7373046875,1.1268,5.5-6.0,mid
pAF,4238,f,1,229,216.978430948286,228,75.7211538461538,2,2,5.7373046875,1.3275,5.5-6.0,mid
pAF,4243,f,1,249,174.977128909486,235,80.0508259212198,29,5,4.39453125,1.1178,4.1-4.5,low
pAF,4246,f,1,202,160.777127784917,180,82.1382007822686,21,21,5.9814453125,1.2663,5.5-6.0,mid
pAF,4257,f,0,NaN,235.734793318254,307,81.2903225806452,19,0,NaN,NaN,,
pAF,4273,f,1,221,198.861082832998,207,74.0305522914218,12,12,6.103515625,1.152,6.0-6.5,mid
pAF,4312,f,0,NaN,244.447358038626,272,84.4504021447721,4,0,NaN,NaN,,
pAF,4334,f,1,225,203.620905525961,220,78.5536159600997,5,5,5.4931640625,1.3113,5.0-5.5,mid
pAF,4342,f,0,NaN,240.215766072157,297,85.1351351351351,10,0,NaN,NaN,,
pAF,4360,f,1,204,180.88960700039,188,68.7022900763359,16,16,6.591796875,1.0512,6.5-7.3,high
pAF,4387,f,0,NaN,220.805879651991,236,82.7858081471747,8,0,NaN,NaN,,
pAF,4403,f,0,NaN,183.4985183307,184,81.7120622568093,19,19,NaN,NaN,,mid
pAF,4431,f,1,223,164.444831144057,184,56.910569105691,36,36,5.615234375,1.0422,5.5-6.0,mid
pAF,4452,f,1,216,178.581869055939,191,69.078947368421,23,23,5.615234375,1.2933,5.5-6.0,mid
pAF,4471,f,0,NaN,241.602276071106,239,81.924577373212,2,0,NaN,NaN,,
pAF,4482,f,0,NaN,238.672482859212,283,78.1637717121588,8,0,NaN,NaN,,
pAF,4484,f,0,NaN,235.519140628516,264,83.223249669749,4,0,NaN,NaN,,
pAF,4488,f,1,214,175.08716254279,185,80.3571428571428,26,24,6.2255859375,1.3788,6.0-6.5,mid
pAF,4519,f,1,223,183.757103260381,206,71.6723549488054,16,16,5.7373046875,1.1664,5.5-6.0,mid
pAF,4548,f,0,NaN,189.502009397642,197,81.5006468305304,0,0,NaN,NaN,,
pAF,4562,f,1,207,178.813573956155,191,64.1547861507128,16,16,6.34765625,1.0143,6.0-6.5,mid
pAF,4564,f,1,206,177.899504621979,179,77.490774907749,25,25,6.9580078125,1.1205,6.5-7.3,high
pAF,4575,f,1,224,177.972191918816,200,87.0165745856354,21,19,5.37109375,1.017,5.0-5.5,mid
pAF,4576,f,1,220,196.664395525433,198,80.8729139922978,20,20,6.591796875,1.395,6.5-7.3,high
pAF,4581,f,1,190,162.561758851756,169,78.8485607008761,18,18,6.591796875,1.1412,6.5-7.3,high
pAF,4582,f,0,NaN,209.338284011501,228,83.4437086092715,8,0,NaN,NaN,,
pAF,4634,f,0,NaN,208.393267392632,246,85.9481582537517,12,0,NaN,NaN,,
pAF,4653,f,1,232,182.988604888837,209,76.9230769230769,25,5,4.7607421875,1.0782,4.5-5.0,low
pAF,4657,f,1,206,186.858100753576,196,83.223249669749,9,9,6.2255859375,1.2798,6.0-6.5,mid
pAF,4661,f,0,NaN,205.616708856418,235,55.0699300699301,18,0,NaN,NaN,,
pAF,4671,f,1,211,178.000236727217,184,68.6274509803921,26,26,6.591796875,1.3644,6.5-7.3,high
pAF,4674,f,1,226,191.981913378761,207,70.4697986577181,35,11,5.37109375,1.2987,5.0-5.5,mid
pAF,4713,f,1,197,163.766193094532,180,77.8739184177997,23,9,5.859375,0.927,5.5-6.0,mid
pAF,4716,f,1,229,215.358236109059,220,74.1176470588236,8,8,5.615234375,1.3509,5.5-6.0,mid
pAF,4720,f,1,216,169.468932808581,194,72.5806451612903,20,20,5.4931640625,0.5499,5.0-5.5,mid
pAF,4730,f,1,250,178.39875110126,234,78.1637717121588,27,7,4.39453125,0.9918,4.1-4.5,low
pAF,4769,f,0,NaN,230.173382615045,272,86.4197530864198,11,0,NaN,NaN,,
pAF,4772,f,0,NaN,200.67061640774,248,76.8292682926829,11,0,NaN,NaN,,
pAF,4791,f,0,NaN,201.089811875769,233,75.0893921334922,16,0,NaN,NaN,,
pAF,4799,f,0,NaN,242.004413472896,272,84.9056603773585,5,0,NaN,NaN,,
pAF,4854,f,1,222,201.821590114021,218,86.5384615384615,4,2,5.7373046875,1.2744,5.5-6.0,mid
pAF,4859,f,0,NaN,167.364835215827,215,60.5769230769231,38,0,NaN,NaN,,
pAF,4860,f,1,211,187.68536870915,194,79.746835443038,16,16,6.4697265625,1.2573,6.0-6.5,mid
pAF,4862,f,1,195,165.094333183173,171,85.0202429149798,22,22,7.2021484375,1.3815,6.5-7.3,high
pAF,4884,f,0,NaN,191.122171742638,241,82.5688073394495,18,0,NaN,NaN,,
pAF,4891,f,0,NaN,219.379269455152,250,78.3582089552239,19,0,NaN,NaN,,
pAF,4914,f,1,214,188.865992641091,196,78.9473684210526,17,17,6.7138671875,1.1754,6.5-7.3,high
pAF,4916,f,0,NaN,232.451664340959,261,71.3476783691959,0,0,NaN,NaN,,
pAF,4926,f,1,217,161.217663046438,189,72.2477064220183,24,24,5.4931640625,1.2114,5.0-5.5,mid
pAF,4935,f,0,NaN,221.698311511718,242,73.9436619718309,7,0,NaN,NaN,,
pAF,4937,f,1,217,168.897647717109,208,82.6771653543307,8,8,5.126953125,1.0629,5.0-5.5,mid
pAF,4942,f,0,NaN,238.367773507722,277,79.4451450189155,1,0,NaN,NaN,,
pAF,4945,f,1,222,162.979306265785,198,55.6537102473498,43,19,4.8828125,1.0188,4.5-5.0,mid
pAF,4948,f,0,NaN,222.483311725322,233,84.4504021447721,14,0,NaN,NaN,,
pAF,4960,f,0,NaN,200.512287919642,228,79.9492385786802,21,0,NaN,NaN,,
pAF,4962,f,1,228,185.092309345535,208,84.2245989304813,23,13,5.2490234375,1.1214,5.0-5.5,mid
pAF,4964,f,1,205,171.498706005274,180,83.3333333333333,23,23,7.080078125,1.2267,6.5-7.3,high
pAF,4970,f,0,NaN,238.587923383304,279,83.1134564643799,5,0,NaN,NaN,,
pAF,4971,f,0,NaN,242.185050586464,254,71.1864406779661,3,0,NaN,NaN,,
pAF,4986,f,0,NaN,175.350263733839,225,82.5688073394495,24,1,NaN,NaN,,mid
pAF,5063,f,0,NaN,236.473765886738,278,69.0032858707557,8,0,NaN,NaN,,
pAF,5071,f,1,206,164.540906139307,176,75.9036144578313,28,28,6.4697265625,1.1412,6.0-6.5,mid
pAF,5075,f,1,221,181.861888722997,204,84.9056603773585,25,3,5.37109375,1.3905,5.0-5.5,mid
pAF,5082,f,0,NaN,244.667245197626,258,73.170731707317,0,0,NaN,NaN,,
pAF,5088,f,1,210,185.609350330553,197,82.2454308093995,12,12,6.2255859375,1.0278,6.0-6.5,mid
pAF,5099,f,0,NaN,240.745438930993,284,66.4556962025316,9,0,NaN,NaN,,
pAF,5114,f,1,216,186.781731485833,194,81.7120622568093,19,19,5.859375,1.1682,5.5-6.0,mid
pAF,5139,f,0,NaN,237.263680391414,252,79.4451450189155,1,0,NaN,NaN,,
pAF,5153,f,1,230,160.783467738998,204,79.4451450189155,31,19,5.0048828125,0.9891,5.0-5.5,mid
pAF,5169,f,1,198,160.899981834424,175,81.1855670103093,21,19,6.2255859375,1.2024,6.0-6.5,mid
pAF,5182,f,0,NaN,204.586342355055,208,85.8310626702997,4,3,NaN,NaN,,mid
pAF,5189,f,0,NaN,218.493545443715,224,84.2245989304813,7,0,NaN,NaN,,
pAF,5192,f,0,NaN,218.972293664243,258,83.6653386454183,12,0,NaN,NaN,,
pAF,5199,f,1,237,219.965849118693,235,84.6774193548387,2,2,5.126953125,1.2114,5.0-5.5,mid
pAF,5211,f,1,197,167.338041031697,169,83.0039525691699,26,26,6.9580078125,1.206,6.5-7.3,high
pAF,5215,f,0,NaN,211.647338843475,216,86.5384615384615,9,0,NaN,NaN,,
pAF,5224,f,0,NaN,219.886885191467,258,83.7765957446808,12,0,NaN,NaN,,
pAF,5228,f,0,NaN,229.356772443782,230,74.8218527315914,13,0,NaN,NaN,,
pAF,5231,f,1,232,192.00588172827,219,84.7913862718708,16,5,4.8828125,1.1817,4.5-5.0,low
pAF,5248,f,0,NaN,218.199709197783,309,55.4577464788733,2,0,NaN,NaN,,
pAF,5260,f,1,208,164.983715056871,177,77.970297029703,27,27,6.9580078125,1.1214,6.5-7.3,high
pAF,5291,f,0,NaN,211.157703766192,236,85.4816824966078,17,0,NaN,NaN,,
pAF,5314,f,0,NaN,238.29645498922,245,75.6302521008403,1,1,NaN,NaN,,low
pAF,5315,f,1,219,175.081651286717,198,75.9951749095295,19,19,5.7373046875,1.1961,5.5-6.0,mid
pAF,5350,f,0,NaN,225.902502019781,260,75.0893921334922,13,0,NaN,NaN,,
pAF,5358,f,0,NaN,234.533422497851,274,59.1549295774648,31,0,NaN,NaN,,
pAF,5393,f,0,NaN,201.700281500547,266,65.625,24,0,NaN,NaN,,
pAF,5413,f,1,250,234.354410888387,242,73.8569753810082,5,5,4.8828125,1.2231,4.5-5.0,mid
pAF,5420,f,1,243,198.032144255252,225,79.5454545454545,16,16,5.0048828125,1.0521,5.0-5.5,mid
pAF,5436,f,0,NaN,228.085734372245,279,84.3373493975903,2,0,NaN,NaN,,
pAF,5441,f,1,217,163.343700987716,185,86.5384615384615,29,29,6.103515625,1.2096,6.0-6.5,mid
pAF,5448,f,0,NaN,228.607493395109,225,78.1637717121588,0,0,NaN,NaN,,
pAF,5463,f,1,201,178.78682180067,191,85.3658536585366,9,9,5.859375,1.4049,5.5-6.0,mid
pAF,5466,f,0,NaN,232.184475140602,230,82.2454308093995,1,1,NaN,NaN,,mid
pAF,5472,f,0,NaN,221.942512434602,224,87.0165745856354,8,0,NaN,NaN,,
pAF,5488,f,0,NaN,221.556176845537,229,83.4437086092715,0,0,NaN,NaN,,
pAF,5517,f,0,NaN,193.723993766427,227,84.3373493975904,7,0,NaN,NaN,,
pAF,5521,f,1,203,174.107355848668,183,73.0858468677494,19,19,6.4697265625,1.1565,6.0-6.5,mid
pAF,5526,f,0,NaN,186.034600157327,237,77.1113831089351,32,0,NaN,NaN,,
pAF,5538,f,0,NaN,206.185634632639,229,85.2503382949932,15,0,NaN,NaN,,
pAF,5549,f,1,224,197.486228026413,202,69.1547749725576,20,20,6.103515625,1.1862,6.0-6.5,mid
pAF,5551,f,0,NaN,242.961466528744,285,63.12625250501,7,0,NaN,NaN,,
pAF,5568,f,1,212,178.649997166911,195,82.8947368421053,15,15,5.7373046875,1.2528,5.5-6.0,mid
pAF,5577,f,1,243,168.593096310098,207,73.6842105263158,32,32,6.591796875,0.7182,6.5-7.3,high
pAF,5591,f,1,243,200.972798062263,219,63.894523326572,23,23,5.126953125,1.2033,5.0-5.5,mid
pAF,5623,f,0,NaN,237.892284996204,249,83.3333333333333,1,0,NaN,NaN,,
pAF,5635,f,1,229,192.420040849596,214,70.0778642936596,14,14,5.2490234375,1.1241,5.0-5.5,mid
pAF,5641,f,0,NaN,243.681717648724,259,70.7865168539325,0,0,NaN,NaN,,
pAF,5649,f,1,210,189.240027127242,192,80.8729139922978,17,17,6.4697265625,1.422,6.0-6.5,mid
pAF,5659,f,1,220,204.957889995341,213,81.6062176165803,10,5,5.859375,1.3266,5.5-6.0,mid
pAF,5671,f,1,225,220.637981090622,217,83.1134564643799,11,7,6.2255859375,1.332,6.0-6.5,mid
pAF,5674,f,1,241,204.315611032143,212,69.2307692307692,25,23,5.126953125,1.2051,5.0-5.5,mid
pAF,5713,f,0,NaN,219.275712953779,265,83.223249669749,28,0,NaN,NaN,,
pAF,5716,f,1,248,182.624380744106,217,70.1559020044544,27,19,4.638671875,0.8865,4.5-5.0,low
pAF,5727,f,0,NaN,220.88789905548,224,74.2924528301887,1,1,NaN,NaN,,mid
pAF,5737,f,0,NaN,216.573565492647,243,79.145728643216,5,1,NaN,NaN,,
pAF,5739,f,0,NaN,198.56505408114,263,74.0305522914218,12,0,NaN,NaN,,
pAF,5763,f,0,NaN,223.565709161325,249,68.8524590163934,15,0,NaN,NaN,,
pAF,5776,f,0,NaN,200.841428299238,240,86.6574965612105,14,0,NaN,NaN,,
pAF,5779,f,0,NaN,203.894052710464,236,64.4171779141104,22,0,NaN,NaN,,
pAF,5780,f,1,263,186.048994051576,223,57.0652173913043,34,34,4.5166015625,0.9225,4.5-5.0,low
pAF,5781,f,0,NaN,220.378521557075,245,73.512252042007,20,0,NaN,NaN,,
pAF,5782,f,0,NaN,168.947658941877,220,80.6658130601792,30,0,NaN,NaN,,
pAF,5795,f,0,NaN,204.541570291498,254,69.078947368421,33,0,NaN,NaN,,
pAF,5806,f,0,NaN,214.544585853138,236,70.3125,18,0,NaN,NaN,,
pAF,5822,f,0,NaN,224.702912646848,232,83.6653386454183,12,0,NaN,NaN,,
pAF,5826,f,1,239,201.799615043237,219,75.7211538461538,22,9,4.8828125,1.1682,4.5-5.0,low
pAF,5853,f,1,228,189.57877703516,212,75.6302521008403,14,14,5.2490234375,1.2294,5.0-5.5,mid
pAF,5859,f,0,NaN,167.7117936574,174,82.7858081471748,0,0,NaN,NaN,,
pAF,5871,f,1,223,209.469880484459,209,76.271186440678,13,7,6.4697265625,1.2339,6.0-6.5,mid
pAF,5882,f,1,221,200.853576568014,207,84.6774193548387,12,12,5.9814453125,1.3239,5.5-6.0,mid
pAF,5893,f,1,192,169.393255332798,180,84.3373493975904,12,12,6.591796875,1.1259,6.5-7.3,high
pAF,5901,f,1,210,171.239089227645,189,68.0345572354212,20,20,6.103515625,1.0521,6.0-6.5,mid
pAF,5907,f,0,NaN,217.305542871283,256,82.4607329842932,13,0,NaN,NaN,,
pAF,5909,f,0,NaN,224.613761896566,305,53.4351145038168,32,0,NaN,NaN,,
pAF,5923,f,0,NaN,224.569797827506,235,85.2503382949932,0,0,NaN,NaN,,
pAF,5925,f,0,NaN,204.424200169626,229,75.2688172043011,29,0,NaN,NaN,,
pAF,5952,f,1,218,201.736454128426,208,74.6445497630332,10,4,5.859375,1.3482,5.5-6.0,mid
pAF,5959,f,1,223,167.066675432157,199,75.2688172043011,34,15,5.2490234375,1.1511,5.0-5.5,mid
pAF,5991,f,1,195,172.802849129097,174,78.3582089552238,20,20,7.2021484375,1.0998,6.5-7.3,high
pAF,6009,f,0,NaN,182.99617487182,218,87.0165745856354,22,1,NaN,NaN,,low
pAF,6017,f,0,NaN,241.527890365491,250,71.8358038768529,4,0,NaN,NaN,,
pAF,6030,f,0,NaN,231.152985615576,275,61.7042115572968,1,0,NaN,NaN,,
pAF,6034,f,1,241,192.028810730582,230,64.4171779141104,27,7,4.638671875,1.1106,4.5-5.0,low
pAF,6068,f,0,NaN,227.21573572643,279,78.2608695652174,23,0,NaN,NaN,,
pAF,6087,f,0,NaN,164.42713393359,230,81.8181818181818,27,0,NaN,NaN,,
pAF,6091,f,0,NaN,203.58107431548,209,80.8729139922978,0,0,NaN,NaN,,
pAF,6127,f,1,202,164.961683014022,178,74.8218527315914,22,22,6.7138671875,1.1952,6.5-7.3,high
pAF,6161,f,0,NaN,242.779597046043,260,84.9056603773585,4,0,NaN,NaN,,
pAF,6182,f,0,NaN,212.867061512938,216,80.2547770700637,0,0,NaN,NaN,,
pAF,6197,f,0,NaN,232.035438667124,235,85.8310626702997,10,0,NaN,NaN,,
pAF,6205,f,1,232,204.588589074985,216,77.6818742293465,14,14,5.615234375,1.3356,5.5-6.0,mid
pAF,6219,f,0,NaN,173.892448905463,195,84.2245989304812,23,0,NaN,NaN,,
pAF,6244,f,1,225,206.628389461919,215,81.2903225806451,8,8,5.4931640625,1.2519,5.0-5.5,mid
pAF,6259,f,1,209,191.117780761284,200,73.8569753810082,8,8,5.615234375,1.0431,5.5-6.0,mid
pAF,6265,f,1,242,206.506455933144,234,74.910820451843,12,5,4.7607421875,1.1205,4.5-5.0,low
pAF,6267,f,0,NaN,220.834287811907,296,75.9036144578313,1,0,NaN,NaN,,
pAF,6270,f,0,NaN,201.969744013324,244,71.753986332574,22,0,NaN,NaN,,
pAF,6279,f,1,253,205.702344989135,243,61.046511627907,23,5,4.2724609375,1.1133,4.1-4.5,low
pAF,6284,f,1,205,210.403910569468,204,80.4597701149425,2,2,6.34765625,1.3302,6.0-6.5,mid
pAF,6295,f,0,NaN,211.203035144776,231,83.3333333333333,2,1,NaN,NaN,,mid
pAF,6299,f,0,NaN,228.271096293123,246,78.9473684210526,15,0,NaN,NaN,,
pAF,6304,f,1,239,174.656299273258,202,62.624254473161,34,34,5.2490234375,1.3221,5.0-5.5,mid
pAF,6324,f,0,NaN,219.320990037202,246,89.3617021276596,3,0,NaN,NaN,,
pAF,6364,f,0,NaN,182.044717604607,192,84.2245989304813,0,0,NaN,NaN,,
pAF,6368,f,0,NaN,234.733867345305,234,84.5637583892617,0,0,NaN,NaN,,
pAF,6374,f,0,NaN,199.569900887946,229,85.2503382949932,12,1,NaN,NaN,,low
pAF,6377,f,1,215,169.990653615547,185,79.8479087452472,26,24,5.859375,0.8172,5.5-6.0,mid
pAF,6378,f,1,227,198.666735287516,215,59.4900849858357,12,12,5.37109375,1.1178,5.0-5.5,mid
pAF,6402,f,1,209,163.121660716213,171,65.4205607476635,37,37,7.2021484375,0.9018,6.5-7.3,high
pAF,6413,f,0,NaN,241.324350925235,256,68.7772925764192,1,1,NaN,NaN,,low
pAF,6445,f,1,224,202.335953914117,219,86.1833105335157,14,3,5.2490234375,1.1817,5.0-5.5,mid
pAF,6456,f,1,228,160.174934536612,186,60.4606525911708,39,39,5.859375,1.044,5.5-6.0,mid
pAF,6488,f,0,NaN,180.626540166115,244,69.1547749725576,34,0,NaN,NaN,,
pAF,6494,f,1,217,160.226485544328,180,75.3588516746411,33,29,5.9814453125,1.3113,5.5-6.0,mid
pAF,6506,f,0,NaN,218.471381810443,222,77.7777777777778,14,1,NaN,NaN,,
pAF,6518,f,1,206,169.258218938921,180,86.1833105335157,23,23,6.8359375,1.0611,6.5-7.3,high
pAF,6522,f,0,NaN,241.781738096484,301,73.3410942956927,1,0,NaN,NaN,,
pAF,6562,f,1,211,173.70848203107,189,76.4563106796117,21,21,6.4697265625,1.2384,6.0-6.5,mid
pAF,6563,f,0,NaN,196.969636174843,200,83.3333333333333,16,16,NaN,NaN,,mid
pAF,6571,f,1,234,186.984076951536,205,67.3076923076923,26,26,6.103515625,1.1592,6.0-6.5,mid
pAF,6577,f,0,NaN,230.062799532519,277,72,16,0,NaN,NaN,,
pAF,6583,f,1,185,161.690410441974,174,82.1382007822686,9,5,6.7138671875,0.9612,6.5-7.3,high
pAF,6638,f,0,NaN,198.310902684054,259,78.0669144981412,30,0,NaN,NaN,,
pAF,6639,f,1,203,183.02692527639,198,87.1369294605809,4,4,5.859375,1.2033,5.5-6.0,mid
pAF,6648,f,0,NaN,223.684754544396,224,75.9036144578313,2,2,NaN,NaN,,
pAF,6660,f,1,228,200.648770424872,211,81.7120622568093,15,15,5.615234375,1.3527,5.5-6.0,mid
pAF,6665,f,0,NaN,169.818131778331,175,81.6062176165803,23,21,NaN,NaN,,high
pAF,6672,f,0,NaN,193.757241417792,230,81.3953488372093,13,1,NaN,NaN,,low
pAF,6690,f,1,205,165.85328770709,174,81.0810810810811,27,21,6.34765625,1.0962,6.0-6.5,mid
pAF,6713,f,1,245,177.617509047734,205,60.5187319884726,35,35,4.8828125,1.278,4.5-5.0,low
pAF,6718,f,0,NaN,188.817005015808,202,80.0508259212198,22,0,NaN,NaN,,
pAF,6768,f,1,229,169.719042148725,190,68.7772925764192,35,35,5.615234375,1.1547,5.5-6.0,mid
pAF,6775,f,0,NaN,184.665265660471,217,88.9830508474576,19,0,NaN,NaN,,
pAF,6776,f,1,224,200.098927864768,220,79.5454545454545,3,3,5.37109375,1.1727,5.0-5.5,mid
pAF,6787,f,0,NaN,240.28794163448,246,83.00395256917,0,0,NaN,NaN,,
pAF,6795,f,1,183,170.358166027232,180,87.0165745856353,2,2,6.7138671875,1.1007,6.5-7.3,high
pAF,6803,f,1,206,163.577857166943,176,76.7356881851401,28,28,6.34765625,1.386,6.0-6.5,mid
pAF,6811,f,1,263,206.472293043553,247,72.2477064220183,15,13,4.2724609375,1.0287,4.1-4.5,low
pAF,6817,f,0,NaN,237.448487257527,268,69.8447893569845,9,0,NaN,NaN,,
pAF,6828,f,1,230,166.464115574527,186,59.4900849858357,41,41,5.7373046875,1.1943,5.5-6.0,mid
pAF,6831,f,0,NaN,191.154742925144,200,86.0655737704918,11,11,NaN,NaN,,mid
pAF,6851,f,0,NaN,238.679986142233,313,58.3873957367933,0,0,NaN,NaN,,
pAF,6880,f,1,233,191.410835412724,217,80.6658130601792,12,12,5.0048828125,1.0638,5.0-5.5,mid
pAF,6886,f,0,NaN,210.745299869341,228,85.2503382949932,7,0,NaN,NaN,,
pAF,6890,f,1,201,190.680649367379,192,85.5978260869565,10,10,6.8359375,1.1943,6.5-7.3,high
pAF,6892,f,0,NaN,227.742291592898,232,78.0669144981413,1,0,NaN,NaN,,
pAF,6906,f,1,185,170.648537560075,175,87.0165745856353,10,10,6.9580078125,1.1376,6.5-7.3,high
pAF,6909,f,0,NaN,227.607469507326,280,63.9593908629442,0,0,NaN,NaN,,
pAF,6918,f,1,229,192.497912073137,204,83.3333333333333,22,22,5.7373046875,1.2933,5.5-6.0,mid
pAF,6924,f,0,NaN,218.818085459359,260,82.6771653543307,17,0,NaN,NaN,,
pAF,6926,f,1,237,191.031836209833,207,65.625,27,27,5.615234375,1.2015,5.5-6.0,mid
pAF,6933,f,1,213,165.985475327216,184,72.8323699421965,26,26,5.859375,1.2222,5.5-6.0,mid
pAF,6977,f,0,NaN,209.335056300457,255,81.5006468305304,14,0,NaN,NaN,,
pAF,6992,f,1,218,205.987205991827,207,78.5536159600997,12,12,6.7138671875,1.3257,6.5-7.3,high
pAF,6993,f,0,NaN,232.045437940476,256,81.6062176165803,19,0,NaN,NaN,,
pAF,7018,f,1,252,212.700493903903,237,70.7865168539326,13,13,4.8828125,1.1151,4.5-5.0,low
pAF,7028,f,0,NaN,219.561091832693,252,71.4285714285714,17,0,NaN,NaN,,
pAF,7033,f,1,224,174.29341117492,191,84.3373493975904,29,27,5.615234375,1.1133,5.5-6.0,mid
pAF,7038,f,1,243,165.006610682052,208,58.2255083179297,33,33,4.8828125,1.1223,4.5-5.0,low
pAF,7039,f,0,NaN,204.664273810798,238,77.1113831089351,25,0,NaN,NaN,,
pAF,7050,f,1,273,182.060106028897,253,69.6902654867257,32,9,4.7607421875,0.7173,4.5-5.0,low
pAF,7073,f,0,NaN,243.157803513524,269,78.0669144981412,0,0,NaN,NaN,,
pAF,7092,f,0,NaN,229.171179595753,228,81.6062176165803,0,0,NaN,NaN,,
pAF,7099,f,1,203,174.994163919473,179,83.1134564643799,21,21,6.4697265625,1.3419,6.0-6.5,mid
pAF,7101,f,0,NaN,186.502347065711,229,77.4907749077491,17,0,NaN,NaN,,
pAF,7115,f,1,193,165.013596320736,182,81.2903225806451,10,10,5.9814453125,1.2177,5.5-6.0,mid
pAF,7136,f,1,224,198.366400827334,208,66.8080593849417,16,16,6.2255859375,1.0728,6.0-6.5,mid
pAF,7142,f,1,216,183.62207192491,201,79.646017699115,14,14,5.615234375,1.2141,5.5-6.0,mid
pAF,7154,f,1,191,162.96925841146,179,86.5384615384615,12,12,6.591796875,1.0944,6.5-7.3,high
pAF,7162,f,0,NaN,238.505027131112,258,86.6574965612104,0,0,NaN,NaN,,
pAF,7164,f,0,NaN,233.277510302207,257,70,11,0,NaN,NaN,,
pAF,7166,f,1,204,163.502878649073,181,86.1833105335157,21,19,6.2255859375,1.1313,6.0-6.5,mid
pAF,7198,f,1,262,186.243348347212,226,65.6934306569343,30,30,4.39453125,0.9522,4.1-4.5,low
pAF,7204,f,0,NaN,235.158267845065,274,79.0464240903388,5,0,NaN,NaN,,
pAF,7209,f,0,NaN,234.697168827755,246,79.4451450189155,0,0,NaN,NaN,,
pAF,7210,f,0,NaN,213.923989946699,228,78.2608695652174,19,1,NaN,NaN,,
pAF,7232,f,0,NaN,213.828430188943,227,88.6075949367088,0,0,NaN,NaN,,
pAF,7254,f,1,251,189.614910074859,219,63.7651821862348,29,29,5.126953125,1.0764,5.0-5.5,mid
pAF,7257,f,1,219,192.504883300877,202,68.4782608695652,17,17,5.9814453125,1.2726,5.5-6.0,mid
pAF,7263,f,0,NaN,206.217813793432,269,77.9702970297029,20,0,NaN,NaN,,
pAF,7291,f,1,202,172.841658910555,180,86.0655737704918,19,19,6.9580078125,1.0926,6.5-7.3,high
pAF,7322,f,0,NaN,237.52567270663,263,73.6842105263158,3,0,NaN,NaN,,
pAF,7327,f,1,203,194.393860082018,197,74.4680851063829,7,7,6.8359375,1.0431,6.5-7.3,high
pAF,7337,f,1,226,188.649758519859,208,83.7765957446808,15,13,5.2490234375,1.1133,5.0-5.5,mid
pAF,7340,f,0,NaN,199.605622790441,223,85.2503382949932,23,0,NaN,NaN,,
pAF,7355,f,1,219,177.972685121022,192,86.5384615384615,24,24,5.9814453125,1.3284,5.5-6.0,mid
pAF,7362,f,0,NaN,203.927046108307,207,84.9056603773585,17,0,NaN,NaN,,
pAF,7363,f,1,209,184.429967164797,189,86.8965517241379,18,18,6.2255859375,1.1619,6.0-6.5,mid
pAF,7368,f,0,NaN,216.436912371857,224,77.970297029703,5,0,NaN,NaN,,
pAF,7371,f,0,NaN,212.159649415655,234,73.0858468677494,17,0,NaN,NaN,,
pAF,7391,f,0,NaN,213.090272755602,217,82.7858081471747,9,1,NaN,NaN,,mid
pAF,7394,f,1,263,210.084562511198,246,64.8815653964984,25,3,4.2724609375,1.1133,4.1-4.5,low
pAF,7404,f,0,NaN,193.416877567543,229,77.2058823529412,27,3,NaN,NaN,,
pAF,7422,f,0,NaN,169.39932760084,209,67.2358591248666,21,21,NaN,NaN,,low
pAF,7428,f,1,223,216.52317820202,219,77.9702970297029,3,3,5.615234375,1.2087,5.5-6.0,mid
pAF,7435,f,1,210,197.866524765901,193,84.9056603773585,16,16,6.103515625,1.5552,6.0-6.5,mid
pAF,7458,f,0,NaN,197.199633158023,242,80.4597701149425,25,0,NaN,NaN,,
pAF,7473,f,0,NaN,222.030731103659,223,86.5384615384615,0,0,NaN,NaN,,
pAF,7488,f,1,191,162.752001524896,172,73.4265734265734,20,20,7.2021484375,1.0116,6.5-7.3,high
pAF,7490,f,0,NaN,203.65758234539,240,84,3,0,NaN,NaN,,
pAF,7493,f,0,NaN,233.418714889704,282,73.7704918032787,13,0,NaN,NaN,,
pAF,7498,f,1,254,220.567837249262,249,59.5463137996219,5,3,4.638671875,1.1295,4.5-5.0,low
pAF,7523,f,0,NaN,199.959553725064,224,87.1369294605809,19,0,NaN,NaN,,
pAF,7525,f,0,NaN,174.428193854459,193,82.5688073394495,17,0,NaN,NaN,,
pAF,7541,f,0,NaN,215.755239718477,253,66.9500531349628,14,0,NaN,NaN,,
pAF,7560,f,1,194,160.82855136157,175,80.6658130601792,18,18,6.7138671875,1.0143,6.5-7.3,high
pAF,7572,f,0,NaN,235.082512511297,263,68.0345572354212,2,0,NaN,NaN,,
pAF,7592,f,0,NaN,187.538948418471,190,84.6774193548387,9,9,NaN,NaN,,
pAF,7597,f,1,210,170.848287722532,188,83.8881491344873,20,18,6.103515625,1.1952,6.0-6.5,mid
pAF,7600,f,1,199,166.402907720701,174,76.6423357664233,22,22,7.080078125,1.17,6.5-7.3,high
pAF,7608,f,1,232,187.087551292316,205,56.099732858415,27,27,5.37109375,1.2123,5.0-5.5,mid
pAF,7613,f,1,225,188.032272505785,209,84.3373493975904,15,15,5.7373046875,1.2888,5.5-6.0,mid
pAF,7623,f,1,260,198.256987103312,240,78.8485607008761,17,17,4.7607421875,1.0746,4.5-5.0,low
pAF,7641,f,0,NaN,202.261598893267,219,85.7142857142857,13,1,NaN,NaN,,mid
pAF,7644,f,0,NaN,242.131725490333,262,85.9481582537517,0,0,NaN,NaN,,
pAF,7651,f,1,222,203.523335167236,210,72.1649484536082,12,12,5.859375,1.2375,5.5-6.0,mid
pAF,7672,f,1,231,200.409084771338,220,68.8524590163934,11,5,5.37109375,1.215,5.0-5.5,mid
pAF,7674,f,0,NaN,206.087877169761,240,80.6658130601792,14,0,NaN,NaN,,
pAF,7696,f,0,NaN,228.284944136372,293,78.9473684210526,6,0,NaN,NaN,,
pAF,7708,f,0,NaN,235.791392256127,287,84,6,0,NaN,NaN,,
pAF,7709,f,0,NaN,242.767746156773,255,84.9056603773585,6,0,NaN,NaN,,
pAF,7719,f,0,NaN,231.828011315993,269,66.7372881355932,7,0,NaN,NaN,,
pAF,7730,f,0,NaN,224.096369591898,287,72.2477064220184,2,0,NaN,NaN,,
pAF,7740,f,1,222,167.038765453901,188,66.0377358490566,32,32,6.103515625,1.0494,6.0-6.5,mid
pAF,7742,f,1,201,174.36495875565,181,78.0669144981413,18,18,6.591796875,1.1259,6.5-7.3,high
pAF,7749,f,0,NaN,225.728680798122,298,70.3125,1,0,NaN,NaN,,
pAF,7757,f,0,NaN,210.930979177698,239,80.3571428571428,8,1,NaN,NaN,,low
pAF,7758,f,1,189,168.414035170012,176,80.8729139922978,13,13,7.2021484375,1.0656,6.5-7.3,high
pAF,7775,f,0,NaN,227.114312802754,250,60.1719197707736,4,1,NaN,NaN,,low
pAF,7787,f,1,219,180.386846285495,203,86.3013698630137,14,14,5.37109375,1.1151,5.0-5.5,mid
pAF,7792,f,1,218,172.315584448457,194,64.5491803278688,35,17,5.2490234375,0.9972,5.0-5.5,mid
pAF,7815,f,1,204,178.351357271604,189,69.7674418604651,15,15,6.7138671875,1.0728,6.5-7.3,high
pAF,7823,f,0,NaN,222.359724697148,292,82.8947368421053,5,0,NaN,NaN,,
pAF,7827,f,1,224,163.492937529038,181,60.6936416184971,39,39,5.859375,0.999,5.5-6.0,mid
pAF,7847,f,0,NaN,173.493647655087,225,68.2556879739978,36,0,NaN,NaN,,
pAF,7884,f,1,205,162.679271793837,172,73.0011587485515,30,30,6.8359375,1.2231,6.5-7.3,high
pAF,7891,f,1,228,185.996285695473,212,82.8947368421053,14,11,4.7607421875,1.1547,4.5-5.0,low
pAF,7892,f,0,NaN,187.600072477915,226,87.378640776699,26,0,NaN,NaN,,
pAF,7895,f,0,NaN,212.542726249689,227,74.3801652892562,0,0,NaN,NaN,,
pAF,7915,f,0,NaN,240.031471685143,243,78.2608695652174,5,0,NaN,NaN,,
pAF,7917,f,0,NaN,216.217562177342,252,89.3617021276596,11,0,NaN,NaN,,
pAF,7940,f,0,NaN,218.047702192322,299,59.9429115128449,22,0,NaN,NaN,,
pAF,7946,f,1,238,203.138692581291,214,70.2341137123746,22,22,5.37109375,1.2375,5.0-5.5,mid
pAF,7955,f,0,NaN,235.600013679774,292,80.2547770700637,13,0,NaN,NaN,,
pAF,7958,f,1,232,171.417225442732,199,74.1176470588235,29,29,5.37109375,1.0665,5.0-5.5,mid
pAF,7959,f,0,NaN,187.182787240308,218,71.4285714285714,15,0,NaN,NaN,,
pAF,7960,f,0,NaN,184.019782148658,202,80.4597701149425,22,14,NaN,NaN,,mid
pAF,7966,f,1,230,188.174528119911,205,70.8661417322835,23,23,5.9814453125,1.1844,5.5-6.0,mid
pAF,7967,f,0,NaN,202.677127439019,236,76.1789600967352,18,0,NaN,NaN,,
pAF,7969,f,1,211,188.656002397234,190,83.1134564643799,20,20,6.7138671875,1.2861,6.5-7.3,high
pAF,7973,f,1,220,199.267656092547,206,79.0464240903388,13,13,6.34765625,1.2114,6.0-6.5,mid
pAF,7983,f,0,NaN,227.572063331158,269,84.9056603773585,18,0,NaN,NaN,,
pAF,7994,f,1,221,189.269503466814,201,79.646017699115,18,18,5.7373046875,1.4157,5.5-6.0,mid
pAF,8000,f,1,216,168.30917336329,200,83.1134564643799,14,14,5.37109375,1.2447,5.0-5.5,mid
pAF,8007,f,1,216,187.313990372873,207,87.2576177285319,24,5,5.615234375,1.2834,5.5-6.0,mid
pAF,8031,f,0,NaN,212.010259247909,245,70.8661417322835,20,0,NaN,NaN,,
pAF,8033,f,0,NaN,206.487661589716,281,65.5567117585848,15,0,NaN,NaN,,
pAF,8043,f,0,NaN,229.596119967406,244,87.8661087866109,7,0,NaN,NaN,,
pAF,8044,f,0,NaN,189.691649144785,256,62.1301775147929,39,0,NaN,NaN,,
pAF,8047,f,0,NaN,217.462920349353,237,77.7777777777777,17,0,NaN,NaN,,
pAF,8048,f,0,NaN,213.495170926108,238,81.0810810810811,7,0,NaN,NaN,,
pAF,8050,f,0,NaN,239.124317619935,278,74.8218527315914,15,0,NaN,NaN,,
pAF,8075,f,1,220,178.484632266838,199,79.5454545454545,18,16,5.7373046875,1.2051,5.5-6.0,mid
pAF,8077,f,0,NaN,202.997104250884,228,77.9702970297029,20,0,NaN,NaN,,
pAF,8078,f,0,NaN,220.605345584823,233,80.5626598465473,14,1,NaN,NaN,,low
pAF,8110,f,0,NaN,241.615690673163,246,77.6818742293465,4,0,NaN,NaN,,
pAF,8112,f,1,228,177.527971985182,204,63.7651821862348,23,23,5.37109375,1.1394,5.0-5.5,mid
pAF,8132,f,0,NaN,198.418481116169,220,87.7437325905292,1,1,NaN,NaN,,mid
pAF,8145,f,1,221,197.266579359333,206,79.5454545454545,14,14,5.615234375,1.4526,5.5-6.0,mid
pAF,8167,f,1,231,210.136811466771,228,83.7765957446808,2,2,5.2490234375,1.2672,5.0-5.5,mid
pAF,8196,f,1,208,192.85018891986,200,83.3333333333333,8,8,6.8359375,1.2231,6.5-7.3,high
pAF,8201,f,1,227,177.016192128889,204,71.2669683257919,22,20,5.2490234375,1.251,5.0-5.5,mid
pAF,8206,f,0,NaN,219.574337800019,259,68.7022900763359,18,0,NaN,NaN,,
pAF,8217,f,0,NaN,192.355208477267,223,66.4556962025316,1,1,NaN,NaN,,low
pAF,8225,f,1,240,190.547925631079,213,74.0305522914218,24,22,5.126953125,1.1286,5.0-5.5,mid
pAF,8238,f,1,241,202.914858785043,219,75.9951749095295,19,19,5.126953125,0.9684,5.0-5.5,mid
pAF,8258,f,1,209,188.661593876182,205,69.2307692307692,2,2,5.859375,1.1934,5.5-6.0,mid
pAF,8266,f,1,253,194.621492589038,228,68.0345572354212,37,7,4.39453125,1.0584,4.1-4.5,low
pAF,8287,f,1,229,160.278425367316,207,85.8310626702997,20,20,5.126953125,1.1448,5.0-5.5,mid
pAF,8296,f,1,240,173.063345943432,215,72.3306544202066,30,13,4.638671875,0.9936,4.5-5.0,low
pAF,8299,f,0,NaN,201.05513846314,217,80.4597701149425,12,0,NaN,NaN,,
pAF,8307,f,1,238,203.806717061678,219,69.6132596685082,17,17,5.615234375,1.1835,5.5-6.0,mid
pAF,8314,f,1,200,187.27832733831,193,80.1526717557252,8,8,6.591796875,1.1709,6.5-7.3,high
pAF,8326,f,1,200,206.56102274025,197,84.1121495327103,4,4,6.7138671875,1.1718,6.5-7.3,high
pAF,8332,f,0,NaN,229.879526364581,267,69.3069306930693,14,0,NaN,NaN,,
pAF,8346,f,1,206,189.789710357407,200,81.0810810810811,6,6,6.34765625,1.2042,6.0-6.5,mid
pAF,8384,f,1,222,182.668248768226,197,66.3856691253951,23,23,5.859375,1.2636,5.5-6.0,mid
pAF,8401,f,1,210,172.266062536371,187,80.8729139922978,21,21,6.103515625,1.116,6.0-6.5,mid
pAF,8402,f,0,NaN,203.847315027262,236,88.7323943661972,11,0,NaN,NaN,,
pAF,8406,f,1,209,184.667051874269,191,82.6771653543307,16,16,5.9814453125,1.3176,5.5-6.0,mid
pAF,8434,f,1,252,223.765797037013,240,67.524115755627,11,11,5.126953125,1.1106,5.0-5.5,mid
pAF,8440,f,0,NaN,234.569757977624,296,74.3801652892562,7,0,NaN,NaN,,
pAF,8442,f,1,235,191.020277248041,218,65.8995815899581,31,9,4.7607421875,1.2078,4.5-5.0,low
pAF,8449,f,0,NaN,199.433688472556,262,83.6653386454183,26,0,NaN,NaN,,
pAF,8454,f,1,238,190.765032452669,211,70.2341137123746,23,23,5.2490234375,1.1799,5.0-5.5,mid
pAF,8458,f,0,NaN,168.430538056797,196,82.6771653543307,20,1,NaN,NaN,,
pAF,8459,f,0,NaN,191.678703995545,218,88.6075949367088,19,0,NaN,NaN,,
pAF,8468,f,0,NaN,233.114144645217,257,64.7482014388489,2,0,NaN,NaN,,
pAF,8469,f,1,213,190.33125290295,196,80.0508259212198,16,16,7.2021484375,1.1484,6.5-7.3,high
pAF,8470,f,0,NaN,181.186875219937,236,78.75,23,1,NaN,NaN,,mid
pAF,8497,f,1,230,224.615331044479,223,78.9473684210526,6,6,5.615234375,1.1178,5.5-6.0,mid
pAF,8509,f,1,258,181.565398815386,232,74.4680851063829,26,17,4.2724609375,0.9027,4.1-4.5,low
pAF,8531,f,0,NaN,214.052620892842,246,79.3450881612091,17,0,NaN,NaN,,
pAF,8557,f,0,NaN,242.823155917533,253,87.6216968011126,0,0,NaN,NaN,,
pAF,8566,f,1,206,180.269872703058,189,83.223249669749,15,15,6.2255859375,1.1385,6.0-6.5,mid
pAF,8593,f,0,NaN,219.15702708649,232,83.6653386454183,5,1,NaN,NaN,,mid
pAF,8614,f,1,208,176.085519513646,179,82.5688073394495,26,26,6.8359375,1.3662,6.5-7.3,high
pAF,8630,f,1,232,208.108383732855,223,70.9459459459459,8,8,5.2490234375,1.233,5.0-5.5,mid
pAF,8639,f,1,234,176.132331448905,198,67.8879310344827,33,33,5.615234375,1.3401,5.5-6.0,mid
pAF,8647,f,0,NaN,191.990173976927,225,77.7777777777777,26,0,NaN,NaN,,
pAF,8650,f,1,198,184.751209426613,192,72.8323699421966,6,6,6.4697265625,1.1196,6.0-6.5,mid
pAF,8654,f,0,NaN,206.893983405476,232,85.1351351351351,16,0,NaN,NaN,,
pAF,8665,f,1,212,175.15286079589,190,74.2924528301887,20,20,6.2255859375,1.2078,6.0-6.5,mid
pAF,8666,f,0,NaN,173.090939607355,189,67.4518201284796,26,23,NaN,NaN,,
pAF,8700,f,0,NaN,217.192952694568,238,87.1369294605809,10,0,NaN,NaN,,
pAF,8701,f,1,192,169.156679022068,177,80.2547770700637,15,15,7.2021484375,1.2132,6.5-7.3,high
pAF,8725,f,1,255,179.268737921098,214,60.6936416184971,35,35,4.7607421875,0.9612,4.5-5.0,low
pAF,8730,f,1,252,173.765664690101,230,79.6460176991151,28,13,4.39453125,1.0413,4.1-4.5,low
pAF,8763,f,1,209,173.767777459565,188,76.271186440678,19,19,6.2255859375,1.2465,6.0-6.5,mid
pAF,8770,f,1,191,164.798010331033,171,75.1789976133651,19,19,6.8359375,1.1133,6.5-7.3,high
pAF,8790,f,0,NaN,222.927035902423,248,78.4557907845579,11,0,NaN,NaN,,
pAF,8799,f,1,190,160.31439005609,170,83.1134564643799,18,18,6.9580078125,1.0233,6.5-7.3,high
pAF,8802,f,1,213,178.901455556399,199,74.2049469964664,12,12,5.4931640625,1.2159,5.0-5.5,mid
pAF,8841,f,1,226,177.903726817618,200,86.4197530864198,23,21,5.859375,1.0827,5.5-6.0,mid
pAF,8847,f,0,NaN,205.346784348971,270,69.7674418604651,7,0,NaN,NaN,,
pAF,8853,f,1,197,175.195684071274,183,78.9473684210526,13,13,6.7138671875,1.2537,6.5-7.3,high
pAF,8909,f,1,195,161.631576390719,174,73.4265734265734,19,19,6.4697265625,1.0386,6.0-6.5,mid
pAF,8925,f,1,213,178.001971779944,184,85.3658536585366,26,20,5.9814453125,1.2042,5.5-6.0,mid
pAF,8930,f,0,NaN,192.350396604568,213,85.5978260869565,21,0,NaN,NaN,,
pAF,8938,f,0,NaN,235.34687398377,280,83.7765957446808,1,0,NaN,NaN,,
pAF,8949,f,0,NaN,217.656986130634,263,58.8785046728972,3,0,NaN,NaN,,
pAF,8967,f,1,205,170.997552283479,182,82.2454308093995,21,21,6.103515625,1.2006,6.0-6.5,mid
pAF,8968,f,1,249,184.393856349765,210,62.6865671641791,35,35,5.126953125,1.1835,5.0-5.5,mid
pAF,8974,f,1,229,168.949256220534,192,63.7651821862348,32,32,5.4931640625,0.9621,5.0-5.5,mid
pAF,8976,f,0,NaN,212.133384895584,216,83.5543766578249,1,1,NaN,NaN,,
pAF,8994,f,0,NaN,205.299371243374,222,81.0810810810811,6,0,NaN,NaN,,
pAF,9013,f,0,NaN,225.225982473246,231,77.1113831089351,0,0,NaN,NaN,,
pAF,9020,f,1,236,202.622295032088,218,73.943661971831,16,16,5.4931640625,1.3014,5.0-5.5,mid
pAF,9027,f,1,210,188.511551507145,193,85.7142857142857,14,14,5.9814453125,1.2636,5.5-6.0,mid
pAF,9038,f,1,223,202.028528872863,220,81.6062176165803,3,3,5.2490234375,1.1124,5.0-5.5,mid
pAF,9064,f,0,NaN,226.963389431039,246,75.4491017964072,0,0,NaN,NaN,,
pAF,9123,f,0,NaN,201.319836590759,221,74.2924528301887,14,1,NaN,NaN,,mid
pAF,9125,f,0,NaN,197.44256338734,207,85.7142857142857,16,0,NaN,NaN,,
pAF,9137,f,1,216,177.034202657422,203,89.7435897435897,11,11,5.37109375,1.1637,5.0-5.5,mid
pAF,9141,f,0,NaN,204.637183055333,220,80.6658130601793,12,1,NaN,NaN,,mid
pAF,9142,f,1,216,198.17555550301,201,81.1855670103093,15,15,6.8359375,1.2501,6.5-7.3,high
pAF,9154,f,1,208,170.38083315402,181,80.8729139922978,24,24,6.591796875,1.3005,6.5-7.3,high
pAF,9172,f,1,245,187.660292856977,224,66.8080593849417,32,11,4.638671875,1.1043,4.5-5.0,low
pAF,9183,f,1,233,197.335043063649,215,65.8995815899581,17,17,5.37109375,1.2717,5.0-5.5,mid
pAF,9184,f,1,201,179.477976410082,189,78.8485607008761,12,12,6.4697265625,1.2006,6.0-6.5,mid
pAF,9185,f,0,NaN,194.459676856364,233,58.933582787652,31,0,NaN,NaN,,
pAF,9211,f,1,218,185.746644307015,206,72.0823798627002,25,5,5.2490234375,1.2051,5.0-5.5,mid
pAF,9218,f,1,226,208.029224601938,210,75.3588516746411,15,13,5.7373046875,1.3383,5.5-6.0,mid
pAF,9231,f,1,185,168.027988545429,172,84,13,13,7.2021484375,1.1439,6.5-7.3,high
pAF,9235,f,1,225,174.347217038281,187,69.6132596685082,34,34,5.859375,1.2825,5.5-6.0,mid
pAF,9256,f,1,235,180.319078848588,205,70.7070707070707,27,27,5.859375,1.1565,5.5-6.0,mid
pAF,9260,f,1,216,186.172686798513,203,74.1176470588235,11,11,5.37109375,1.3842,5.0-5.5,mid
pAF,9269,f,1,202,163.482837348623,176,71.5909090909091,24,24,6.7138671875,1.1232,6.5-7.3,high
pAF,9271,f,1,253,178.732374630963,218,67.6691729323308,32,32,5.126953125,1.0818,5.0-5.5,mid
pAF,9273,f,0,NaN,212.140326179528,275,72.3306544202067,21,0,NaN,NaN,,
pAF,9280,f,1,206,174.613126007782,193,79.3450881612091,12,12,5.859375,1.0989,5.5-6.0,mid
pAF,9294,f,1,218,175.97875422427,195,72.4137931034483,21,21,5.859375,1.2321,5.5-6.0,mid
pAF,9338,f,1,222,212.123209185127,216,82.4607329842932,6,6,6.103515625,1.4121,6.0-6.5,mid
pAF,9344,f,1,205,174.009961049691,180,74.5562130177515,23,23,6.7138671875,1.278,6.5-7.3,high
pAF,9353,f,1,215,166.31604170327,191,76.73568818514,21,21,5.615234375,1.0359,5.5-6.0,mid
pAF,9359,f,0,NaN,174.663010810102,240,78.5536159600997,29,0,NaN,NaN,,
pAF,9365,f,1,193,161.61601865515,172,80.2547770700637,20,20,7.080078125,1.0971,6.5-7.3,high
pAF,9366,f,0,NaN,219.408683207374,267,84.2245989304813,1,0,NaN,NaN,,
pAF,9378,f,1,212,198.987336349848,201,72.6643598615917,11,11,6.2255859375,1.1583,6.0-6.5,mid
pAF,9380,f,1,216,175.740722896793,193,82.3529411764706,21,13,5.2490234375,0.972,5.0-5.5,mid
pAF,9381,f,0,NaN,232.296680114698,246,76.271186440678,1,1,NaN,NaN,,
pAF,9416,f,1,229,194.874490077062,217,61.1650485436893,32,7,5.126953125,1.287,5.0-5.5,mid
pAF,9419,f,1,233,203.377337605714,214,65.6934306569343,19,19,5.859375,1.1403,5.5-6.0,mid
pAF,9427,f,1,215,171.402080417633,194,74.8218527315914,33,11,5.37109375,1.2384,5.0-5.5,mid
pAF,9430,f,0,NaN,179.935255854813,227,87.0165745856353,29,0,NaN,NaN,,
pAF,9454,f,1,241,166.147816635064,207,69.7674418604651,31,31,5.126953125,1.0575,5.0-5.5,mid
pAF,9476,f,1,239,201.066567646521,222,80.4597701149425,22,11,5.0048828125,1.1079,5.0-5.5,mid
pAF,9507,f,1,281,192.144663427556,249,64.8815653964984,35,25,5.0048828125,0.7164,5.0-5.5,mid
pAF,9510,f,1,212,181.518118291599,193,65.015479876161,19,19,6.103515625,1.1619,6.0-6.5,mid
pAF,9532,f,0,NaN,201.636624434832,241,87.2576177285319,16,0,NaN,NaN,,
pAF,9533,f,0,NaN,172.708976366142,222,84.3373493975903,30,1,NaN,NaN,,low
pAF,9543,f,0,NaN,226.852406684025,219,82.03125,1,1,NaN,NaN,,mid
pAF,9554,f,0,NaN,236.105091006983,303,71.1864406779661,3,0,NaN,NaN,,
pAF,9576,f,1,186,178.210053510913,184,80.0508259212198,4,4,7.2021484375,1.1709,6.5-7.3,high
pAF,9581,f,0,NaN,218.139404764217,244,81.8181818181818,15,0,NaN,NaN,,
pAF,9585,f,1,227,202.013955310278,210,80.2547770700637,15,15,5.859375,1.3284,5.5-6.0,mid
pAF,9594,f,1,222,164.89063014261,196,79.646017699115,24,24,5.859375,1.1133,5.5-6.0,mid
pAF,9611,f,1,230,189.758088840434,217,82.5688073394495,12,12,5.2490234375,1.1619,5.0-5.5,mid
pAF,9633,f,0,NaN,207.606540140609,234,85.5978260869565,17,0,NaN,NaN,,
pAF,9634,f,0,NaN,216.041849758934,250,59.1549295774648,8,0,NaN,NaN,,
pAF,9635,f,0,NaN,239.635317510467,263,79.1457286432161,0,0,NaN,NaN,,
pAF,9678,f,0,NaN,222.842047214901,246,73.3410942956927,17,0,NaN,NaN,,
pAF,9686,f,0,NaN,232.962093448397,320,70.2341137123746,13,0,NaN,NaN,,
pAF,9730,f,1,215,199.715949152793,202,83.3333333333333,13,13,6.591796875,1.3959,6.5-7.3,high
pAF,9735,f,1,261,187.94681417285,221,55.9006211180124,37,37,4.7607421875,1.0791,4.5-5.0,low
pAF,9780,f,1,258,177.255408373763,227,60,37,23,4.2724609375,0.8334,4.1-4.5,low
pAF,9782,f,1,310,202.521857807296,279,69.8447893569845,25,25,4.638671875,0.7974,4.5-5.0,low
pAF,9783,f,1,192,169.912985774536,173,77.3006134969325,18,18,7.080078125,1.1709,6.5-7.3,high
pAF,9791,f,0,NaN,243.496375790826,297,59.3220338983051,5,0,NaN,NaN,,
pAF,9818,f,1,203,181.00009337331,187,67.1641791044776,17,17,6.34765625,1.1943,6.0-6.5,mid
pAF,9821,f,1,214,178.243844244607,189,81.7120622568093,22,20,5.9814453125,1.2249,5.5-6.0,mid
pAF,9837,f,0,NaN,189.22638149331,215,83.223249669749,23,0,NaN,NaN,,
pAF,9854,f,1,202,191.069478025995,187,81.0810810810811,15,15,6.8359375,1.3491,6.5-7.3,high
pAF,9864,f,0,NaN,196.162340802213,244,59.37794533459,39,0,NaN,NaN,,
pAF,9865,f,0,NaN,214.396281306879,224,74.0305522914218,18,1,NaN,NaN,,mid
pAF,9894,f,0,NaN,222.150297750748,278,83.3333333333333,2,0,NaN,NaN,,
pAF,9900,f,1,229,182.426084302511,205,85.8310626702997,21,19,5.4931640625,1.2096,5.0-5.5,mid
pAF,9907,f,0,NaN,220.488660434683,255,85.4816824966079,15,0,NaN,NaN,,
pAF,9914,f,1,210,217.052461522224,210,84.5637583892617,3,3,6.34765625,1.4445,6.0-6.5,mid
pAF,9921,f,1,226,192.015991993605,204,65.4205607476635,21,21,5.9814453125,1.1403,5.5-6.0,mid
pAF,9931,f,1,231,169.018113862083,190,65.7620041753653,38,38,5.4931640625,1.1457,5.0-5.5,mid
pAF,9934,f,0,NaN,196.353604301257,227,71.4285714285714,23,0,NaN,NaN,,
pAF,9938,f,1,208,178.662979510911,191,66.6666666666667,15,15,6.103515625,1.1115,6.0-6.5,mid
pAF,9947,f,0,NaN,240.967553325048,271,82.03125,1,0,NaN,NaN,,
pAF,9959,f,0,NaN,241.47388132738,261,82.3529411764706,2,0,NaN,NaN,,
pAF,9986,f,1,206,208.002914656019,203,82.8947368421052,5,5,7.080078125,1.1565,6.5-7.3,high
pAF,9988,f,1,210,178.314775854516,183,77.3955773955774,25,25,6.2255859375,1.3815,6.0-6.5,mid
IREpAF,2,i,1,190,190.44060884256,190,75.7211538461538,12,12,6.8359375,1.0953,6.5-7.3,high
IREpAF,122,i,1,190,195.855673700877,188,81.6062176165803,17,17,7.080078125,1.1925,6.5-7.3,high
IREpAF,181,i,1,184,187.885901443478,182,84.6774193548387,15,15,6.9580078125,1.017,6.5-7.3,high
IREpAF,197,i,1,174,169.705321734698,173,74.1176470588236,18,18,7.2021484375,1.1214,6.5-7.3,high
IREpAF,261,i,1,171,175.822907914633,170,84.2245989304812,12,12,7.080078125,1.3932,6.5-7.3,high
IREpAF,339,i,1,194,194.563442218321,195,82.7858081471747,10,10,6.8359375,1.3509,6.5-7.3,high
IREpAF,360,i,1,198,202.59769255155,197,73.2558139534883,14,14,6.591796875,0.9963,6.5-7.3,high
IREpAF,371,i,1,202,208.195142388176,202,82.6771653543307,2,2,6.4697265625,1.053,6.0-6.5,mid
IREpAF,507,i,1,192,190.70864439867,190,83.7765957446808,17,17,6.8359375,1.0422,6.5-7.3,high
IREpAF,648,i,1,204,207.872500062251,204,76.3636363636363,14,14,6.7138671875,1.1295,6.5-7.3,high
IREpAF,762,i,1,180,177.963386101888,177,78.2608695652174,25,25,6.9580078125,0.9783,6.5-7.3,high
IREpAF,1116,i,1,175,169.373060784063,173,77.3955773955774,28,28,6.9580078125,1.0125,6.5-7.3,high
IREpAF,1157,i,1,183,186.652470753193,181,80.3571428571428,20,20,6.8359375,1.1088,6.5-7.3,high
IREpAF,1170,i,1,197,191.127381500206,196,77.6818742293465,15,15,5.9814453125,1.404,5.5-6.0,mid
IREpAF,1208,i,1,239,223.767827577445,226,75.4491017964072,12,1,5.126953125,1.35,5.0-5.5,mid
IREpAF,1217,i,1,175,172.131715839831,174,75.3588516746411,18,18,6.8359375,0.8883,6.5-7.3,high
IREpAF,1373,i,1,203,206.144610639472,200,79.145728643216,12,12,6.103515625,1.0971,6.0-6.5,mid
IREpAF,1426,i,1,197,192.943014805904,194,75.4491017964072,21,21,6.2255859375,1.3059,6.0-6.5,mid
IREpAF,1464,i,1,175,166.130587676373,174,86.0655737704918,11,11,6.591796875,1.107,6.5-7.3,high
IREpAF,1505,i,0,NaN,213.612397842786,209,86.4197530864198,7,0,NaN,NaN,,
IREpAF,1555,i,1,188,184.688197003437,185,81.924577373212,20,20,6.7138671875,1.0719,6.5-7.3,high
IREpAF,1582,i,1,191,199.932941670115,191,75.6302521008403,9,9,7.080078125,0.9855,6.5-7.3,high
IREpAF,1658,i,1,207,211.331011749797,207,82.6771653543307,1,1,6.2255859375,1.1808,6.0-6.5,mid
IREpAF,1663,i,1,203,216.556293743553,205,80.7692307692308,5,5,7.2021484375,1.0485,6.5-7.3,high
IREpAF,1847,i,1,193,196.402403280299,192,77.7777777777778,11,11,6.591796875,0.8568,6.5-7.3,high
IREpAF,1913,i,1,181,177.897931014268,178,77.7777777777778,25,25,7.080078125,1.0071,6.5-7.3,high
IREpAF,2250,i,1,179,166.827620161137,176,77.8739184177997,29,29,6.8359375,1.0116,6.5-7.3,high
IREpAF,2379,i,1,176,171.436946168957,173,80.2547770700637,22,22,6.8359375,1.2249,6.5-7.3,high
IREpAF,2417,i,1,195,190.934202388409,193,73.6842105263158,19,19,6.34765625,1.2942,6.0-6.5,mid
IREpAF,2496,i,1,210,208.50237020613,208,74.1176470588235,16,16,6.4697265625,1.0944,6.0-6.5,mid
IREpAF,2677,i,1,179,171.238696318527,175,83.7765957446808,23,22,6.34765625,0.9828,6.0-6.5,mid
IREpAF,2818,i,1,214,214.149481604538,213,82.3529411764706,6,6,6.34765625,1.1952,6.0-6.5,mid
IREpAF,2890,i,1,179,181.751984387993,176,77.0171149144254,27,27,6.591796875,1.2195,6.5-7.3,high
IREpAF,2906,i,1,194,196.409095458468,194,80.4597701149425,11,11,6.591796875,1.0944,6.5-7.3,high
IREpAF,2967,i,1,253,244.74471778905,249,76.271186440678,4,3,5.4931640625,1.3392,5.0-5.5,mid
IREpAF,2984,i,1,197,196.788404236984,196,87.5,5,5,5.9814453125,1.215,5.5-6.0,mid
IREpAF,3032,i,1,183,183.060273165123,183,79.2452830188679,13,13,7.080078125,0.8856,6.5-7.3,high
IREpAF,3062,i,1,176,173.170965829609,174,73.3410942956927,24,24,6.9580078125,0.7965,6.5-7.3,high
IREpAF,3255,i,1,190,191.665039759035,189,73.4265734265734,19,19,7.080078125,0.8937,6.5-7.3,high
IREpAF,3269,i,1,191,195.175092244652,190,79.746835443038,13,13,6.7138671875,1.0791,6.5-7.3,high
IREpAF,3375,i,0,NaN,249.116759170385,246,87.2576177285318,4,0,NaN,NaN,,
IREpAF,3385,i,1,206,196.137267514045,201,87.1369294605809,16,10,5.615234375,1.449,5.5-6.0,mid
IREpAF,3410,i,1,218,225.142144815072,213,84.9056603773585,9,5,6.103515625,1.215,6.0-6.5,mid
IREpAF,3514,i,1,184,174.444785284642,181,80.4597701149425,31,31,6.34765625,1.0323,6.0-6.5,mid
IREpAF,3607,i,1,186,188.088814463074,184,84.3373493975904,18,18,6.4697265625,1.2213,6.0-6.5,mid
IREpAF,3621,i,1,203,208.11091015429,203,76.271186440678,7,7,6.7138671875,1.1466,6.5-7.3,high
IREpAF,3632,i,1,211,221.695315311372,211,79.8479087452471,2,2,6.103515625,1.2798,6.0-6.5,mid
IREpAF,3709,i,1,213,217.939808662661,211,77.4907749077491,9,7,6.34765625,0.9216,6.0-6.5,mid
IREpAF,3800,i,0,NaN,248.05530962487,236,79.5454545454545,0,0,NaN,NaN,,
IREpAF,3948,i,1,192,187.929170738753,191,78.0669144981412,15,15,6.34765625,1.2321,6.0-6.5,mid
IREpAF,4055,i,1,220,228.093080919461,217,73.512252042007,8,6,5.9814453125,1.2078,5.5-6.0,mid
IREpAF,4097,i,1,175,172.171500352124,175,75.0893921334922,13,13,7.080078125,0.8721,6.5-7.3,high
IREpAF,4157,i,1,184,183.821824588878,182,84.1121495327103,13,13,7.080078125,1.0233,6.5-7.3,high
IREpAF,4162,i,1,188,188.909681474142,184,86.8965517241379,21,21,6.103515625,1.3752,6.0-6.5,mid
IREpAF,4284,i,1,178,170.137513981521,175,76.5492102065613,33,33,6.9580078125,1.161,6.5-7.3,high
IREpAF,4314,i,1,202,193.349596802916,198,79.8479087452472,19,19,6.591796875,1.1862,6.5-7.3,high
IREpAF,4444,i,1,188,187.821401927526,189,77.3955773955774,4,4,6.8359375,1.0764,6.5-7.3,high
IREpAF,4449,i,1,212,205.131216511247,211,76.7356881851401,14,14,5.859375,1.2375,5.5-6.0,mid
IREpAF,4547,i,1,219,227.871627715518,219,86.4197530864198,1,1,5.7373046875,1.4346,5.5-6.0,mid
IREpAF,4608,i,1,182,176.602239600979,181,79.8479087452471,11,11,6.34765625,0.9513,6.0-6.5,mid
IREpAF,4899,i,1,169,167.011692652683,165,82.3529411764706,27,27,6.9580078125,1.1394,6.5-7.3,high
IREpAF,5067,i,1,173,171.294344485803,173,76.7356881851401,17,17,7.080078125,1.0809,6.5-7.3,high
IREpAF,5074,i,1,175,165.765983457437,173,78.0669144981412,19,19,6.9580078125,0.9594,6.5-7.3,high
IREpAF,5103,i,1,200,194.277322993206,198,82.5688073394495,13,13,6.103515625,1.0557,6.0-6.5,mid
IREpAF,5552,i,1,193,186.761785960101,191,83.5543766578249,13,13,6.4697265625,1.1196,6.0-6.5,mid
IREpAF,5860,i,1,176,172.678130392727,175,76.7356881851401,14,14,6.9580078125,1.1286,6.5-7.3,high
IREpAF,5947,i,1,188,183.132171426041,187,78.4557907845579,16,16,6.591796875,1.242,6.5-7.3,high
IREpAF,6006,i,0,NaN,180.974576422741,183,84.7913862718708,0,0,NaN,NaN,,
IREpAF,6010,i,1,177,167.937400348637,174,80.9768637532134,31,31,6.9580078125,1.2789,6.5-7.3,high
IREpAF,6048,i,1,191,192.051165023287,190,84.4504021447721,13,13,6.8359375,1.1646,6.5-7.3,high
IREpAF,6140,i,1,176,177.899323138081,174,84.5637583892617,21,21,7.2021484375,1.1628,6.5-7.3,high
IREpAF,6235,i,0,NaN,241.07759039972,236,86.5384615384615,0,0,NaN,NaN,,
IREpAF,6646,i,1,192,185.315032799997,188,80.7692307692307,12,8,6.591796875,1.3554,6.5-7.3,high
IREpAF,6666,i,1,213,226.949309689735,216,84.3373493975904,1,1,6.34765625,1.3887,6.0-6.5,mid
IREpAF,6900,i,1,196,192.067832874709,193,83.00395256917,17,16,5.9814453125,1.4769,5.5-6.0,mid
IREpAF,6914,i,1,208,203.010426864843,208,76.5492102065613,11,11,5.9814453125,1.1502,5.5-6.0,mid
IREpAF,7144,i,1,171,170.826486037768,169,82.8947368421052,20,20,7.080078125,1.1943,6.5-7.3,high
IREpAF,7192,i,1,197,202.056207637768,195,80.8729139922978,16,16,5.9814453125,1.3725,5.5-6.0,mid
IREpAF,7366,i,1,196,200.467804341846,194,80.8729139922978,15,15,6.2255859375,1.2564,6.0-6.5,mid
IREpAF,7431,i,1,199,202.1094505156,200,85.2503382949932,4,4,7.080078125,1.1781,6.5-7.3,high
IREpAF,7438,i,1,220,214.353959976143,217,78.5536159600998,8,8,5.4931640625,1.2834,5.0-5.5,mid
IREpAF,7466,i,1,182,178.686984186112,179,72.7482678983833,27,27,6.7138671875,1.0116,6.5-7.3,high
IREpAF,7476,i,1,200,191.228228731212,197,76.271186440678,14,14,6.2255859375,1.1313,6.0-6.5,mid
IREpAF,7489,i,1,192,190.024623937876,193,80.9768637532134,7,7,6.9580078125,0.9477,6.5-7.3,high
IREpAF,7745,i,1,212,213.510854028282,208,82.5688073394495,7,5,6.103515625,1.2906,6.0-6.5,mid
IREpAF,7756,i,0,NaN,232.616054869744,231,76.0869565217391,10,1,NaN,NaN,,
IREpAF,7812,i,1,201,195.245355974148,199,79.9492385786802,15,15,5.859375,1.2501,5.5-6.0,mid
IREpAF,7841,i,1,214,213.679933511557,213,86.4197530864198,2,2,5.859375,1.3698,5.5-6.0,mid
IREpAF,7890,i,1,183,181.991146580251,180,74.910820451843,28,28,6.591796875,0.8262,6.5-7.3,high
IREpAF,7912,i,1,182,192.587902212566,182,78.1637717121588,13,13,7.2021484375,0.9045,6.5-7.3,high
IREpAF,7935,i,0,NaN,239.098664317644,236,76.9230769230769,7,0,NaN,NaN,,
IREpAF,8038,i,1,171,165.756473373491,169,80.1526717557252,20,20,7.2021484375,0.882,6.5-7.3,high
IREpAF,8204,i,1,186,186.974091507422,184,84.4504021447721,16,16,6.7138671875,0.8667,6.5-7.3,high
IREpAF,8214,i,1,179,173.713095261242,176,73.6842105263158,22,22,6.591796875,1.386,6.5-7.3,high
IREpAF,8338,i,1,190,200.424262392386,189,76.4563106796116,12,12,6.8359375,0.6561,6.5-7.3,high
IREpAF,8508,i,1,172,169.380980317794,171,74.3801652892562,15,15,7.2021484375,0.8982,6.5-7.3,high
IREpAF,8533,i,1,211,213.950454058802,209,86.6574965612105,8,1,5.4931640625,1.512,5.0-5.5,mid
IREpAF,8567,i,1,210,204.657181752249,205,86.1833105335157,7,4,5.9814453125,1.1475,5.5-6.0,mid
IREpAF,8688,i,1,177,172.51043321388,175,77.3006134969325,23,23,6.7138671875,1.3356,6.5-7.3,high
IREpAF,8792,i,1,187,175.322386398257,182,76.9230769230769,30,29,5.9814453125,1.1079,5.5-6.0,mid
IREpAF,8864,i,0,NaN,225.752952011899,209,78.5536159600997,0,0,NaN,NaN,,
IREpAF,8947,i,1,210,219.737563271374,211,78.4557907845579,1,1,5.9814453125,1.287,5.5-6.0,mid
IREpAF,9284,i,0,NaN,191.577483096524,195,78.0669144981412,0,0,NaN,NaN,,
IREpAF,9400,i,0,NaN,206.55096578713,201,77.490774907749,0,0,NaN,NaN,,
IREpAF,9415,i,1,183,179.487940190003,180,79.8479087452472,23,23,7.080078125,1.1151,6.5-7.3,high
IREpAF,9522,i,1,179,177.654635149564,176,77.1113831089351,27,27,6.7138671875,0.9936,6.5-7.3,high
IREpAF,9565,i,1,195,194.201671446055,194,77.9702970297029,15,15,6.4697265625,0.8847,6.0-6.5,high
IREpAF,9567,i,1,179,178.318315451739,177,78.75,22,22,6.7138671875,1.2213,6.5-7.3,high
IREpAF,9615,i,1,174,169.54895227417,171,78.5536159600998,27,27,6.7138671875,1.0512,6.5-7.3,high
IREpAF,9902,i,0,NaN,226.989912291312,232,86.1833105335157,0,0,NaN,NaN,,
IREpAF,120,i,0,NaN,229.879955204407,232,80.5626598465473,2,0,NaN,NaN,,
IREpAF,153,i,1,227,220.006528669619,221,77.6818742293465,8,4,5.7373046875,1.2159,5.5-6.0,mid
IREpAF,438,i,0,NaN,236.690474960909,245,73.943661971831,0,0,NaN,NaN,,
IREpAF,465,i,0,NaN,197.790000826921,210,86.8965517241379,18,0,NaN,NaN,,
IREpAF,493,i,1,202,191.973594076917,200,65.9685863874346,24,24,5.7373046875,1.3698,5.5-6.0,mid
IREpAF,617,i,0,NaN,236.812825857363,269,72.0823798627002,4,0,NaN,NaN,,
IREpAF,635,i,1,247,215.251017571914,225,59.4900849858357,22,2,5.126953125,1.125,5.0-5.5,mid
IREpAF,714,i,1,204,189.64192711591,203,67.9611650485437,18,18,5.615234375,1.2168,5.5-6.0,mid
IREpAF,740,i,0,NaN,226.262143150714,229,86.4197530864198,0,0,NaN,NaN,,
IREpAF,788,i,1,179,171.786422803911,178,70.0778642936596,19,19,6.7138671875,1.1322,6.5-7.3,high
IREpAF,938,i,0,NaN,247.623284706933,248,85.4816824966079,0,0,NaN,NaN,,
IREpAF,955,i,1,195,191.452868318651,193,70.8661417322834,22,22,6.7138671875,0.9639,6.5-7.3,high
IREpAF,969,i,1,228,199.730114117381,225,77.3006134969325,16,16,5.126953125,1.2168,5.0-5.5,mid
IREpAF,979,i,0,NaN,245.072105943502,254,79.2452830188679,0,0,NaN,NaN,,
IREpAF,1078,i,0,NaN,215.544428555862,220,72.4971231300345,0,0,NaN,NaN,,
IREpAF,1080,i,0,NaN,215.125135738315,223,79.5454545454545,14,0,NaN,NaN,,
IREpAF,1132,i,1,184,176.40367702987,184,68.1818181818182,20,20,6.4697265625,1.1196,6.0-6.5,mid
IREpAF,1133,i,0,NaN,254.947957532102,254,70.6278026905829,9,0,NaN,NaN,,
IREpAF,1152,i,1,217,197.767595548779,210,76.1789600967352,24,1,5.2490234375,1.2447,5.0-5.5,mid
IREpAF,1175,i,0,NaN,225.293605297767,277,58.1180811808118,21,0,NaN,NaN,,
IREpAF,1202,i,0,NaN,198.649078983552,221,63,40,0,NaN,NaN,,
IREpAF,1291,i,0,NaN,204.031867086298,226,74.1176470588235,32,0,NaN,NaN,,
IREpAF,1403,i,1,220,201.855691147422,209,60.8108108108108,19,9,5.7373046875,1.2123,5.5-6.0,mid
IREpAF,1444,i,0,NaN,218.237674873511,255,85.7142857142857,24,0,NaN,NaN,,
IREpAF,1485,i,0,NaN,183.202844874759,245,70.8661417322835,35,0,NaN,NaN,,
IREpAF,1522,i,1,205,205.930571702702,204,58.1717451523546,28,28,5.859375,1.035,5.5-6.0,mid
IREpAF,1590,i,1,196,184.471846927358,193,72.4971231300345,32,32,5.859375,1.2168,5.5-6.0,mid
IREpAF,1603,i,1,214,202.538633662451,210,70,20,20,5.37109375,1.1286,5.0-5.5,mid
IREpAF,1608,i,1,189,169.60134247534,186,75.3588516746411,34,13,5.859375,1.3608,5.5-6.0,mid
IREpAF,1752,i,1,233,205.687144840522,220,80.7692307692308,12,2,5.4931640625,1.2564,5.0-5.5,mid
IREpAF,1841,i,0,NaN,192.234358742811,227,68.6274509803922,36,0,NaN,NaN,,
IREpAF,1858,i,1,180,174.552694630576,177,84.6774193548387,23,23,6.9580078125,0.9315,6.5-7.3,high
IREpAF,1972,i,0,NaN,219.169238494156,264,64.0243902439024,24,0,NaN,NaN,,
IREpAF,2026,i,1,216,204.360136891613,208,72.5806451612903,13,7,5.9814453125,1.1907,5.5-6.0,mid
IREpAF,2066,i,1,186,186.110942876447,186,66.1764705882353,19,19,6.591796875,0.6642,6.5-7.3,high
IREpAF,2109,i,1,200,182.099985177927,193,68.4039087947883,29,29,5.37109375,1.0881,5.0-5.5,mid
IREpAF,2156,i,1,228,230.458273137716,227,68.0345572354211,3,3,5.4931640625,1.2879,5.0-5.5,mid
IREpAF,2195,i,0,NaN,234.60047986509,271,66.7372881355932,1,0,NaN,NaN,,
IREpAF,2347,i,1,227,200.26005804028,207,86.0655737704918,26,1,5.2490234375,1.3923,5.0-5.5,mid
IREpAF,2382,i,1,217,197.800409265605,215,72.9166666666666,11,1,5.2490234375,1.251,5.0-5.5,mid
IREpAF,2384,i,0,NaN,241.25958512909,238,79.9492385786802,0,0,NaN,NaN,,
IREpAF,2430,i,0,NaN,221.159340437043,252,68.7022900763359,22,0,NaN,NaN,,
IREpAF,2466,i,1,204,193.590369470483,204,85.8310626702997,4,4,5.9814453125,1.1538,5.5-6.0,mid
IREpAF,2488,i,1,188,171.786054390985,184,70.6278026905829,32,32,5.7373046875,0.9783,5.5-6.0,mid
IREpAF,2503,i,1,212,208.272832011578,213,67.5965665236051,5,5,5.9814453125,0.9855,5.5-6.0,mid
IREpAF,2533,i,1,198,188.878282718673,196,65.2173913043478,27,27,5.9814453125,1.233,5.5-6.0,mid
IREpAF,2555,i,0,NaN,200.66153741187,229,75,9,0,NaN,NaN,,
IREpAF,2568,i,1,244,236.056914388551,233,69.7674418604651,10,2,5.126953125,1.2348,5.0-5.5,mid
IREpAF,2581,i,1,234,205.921042649046,226,67.0212765957447,9,3,5.126953125,1.1655,5.0-5.5,mid
IREpAF,2674,i,1,213,208.118703418913,212,81.6062176165803,8,8,5.7373046875,1.2258,5.5-6.0,mid
IREpAF,2721,i,1,227,205.070890513176,221,76.1789600967352,19,17,5.126953125,1.3824,5.0-5.5,mid
IREpAF,2804,i,1,245,197.827021198362,229,83.223249669749,26,1,4.7607421875,1.2717,4.5-5.0,low
IREpAF,2820,i,1,174,168.001020728218,172,66.1070304302204,27,27,7.080078125,0.7371,6.5-7.3,high
IREpAF,2860,i,1,208,195.482556861927,205,70.3125,23,23,5.7373046875,1.0611,5.5-6.0,mid
IREpAF,2869,i,0,NaN,212.006428672888,221,87.6216968011127,20,0,NaN,NaN,,
IREpAF,2966,i,1,216,205.25377289961,213,76.8292682926829,20,20,5.4931640625,1.2069,5.0-5.5,mid
IREpAF,3001,i,1,203,201.712533388396,203,64.8148148148148,15,15,6.4697265625,0.9666,6.0-6.5,mid
IREpAF,3023,i,1,217,199.859829581663,214,69.1547749725576,21,21,5.615234375,0.9261,5.5-6.0,mid
IREpAF,3198,i,1,230,223.486904896759,227,69.4597574421169,8,6,5.7373046875,1.1115,5.5-6.0,mid
IREpAF,3278,i,0,NaN,245.323920209245,252,85.7142857142857,1,0,NaN,NaN,,
IREpAF,3285,i,1,177,170.077026897299,174,72.4137931034483,31,31,7.2021484375,1.1151,6.5-7.3,high
IREpAF,3294,i,1,204,184.281474552794,201,68.1081081081081,24,24,5.4931640625,1.242,5.0-5.5,mid
IREpAF,3371,i,0,NaN,226.452752920595,259,82.5688073394495,12,0,NaN,NaN,,
IREpAF,3442,i,1,185,169.035436345795,179,81.0810810810811,30,28,6.2255859375,1.4184,6.0-6.5,mid
IREpAF,3521,i,1,227,195.998654701747,213,80.5626598465473,28,3,5.0048828125,1.3743,5.0-5.5,mid
IREpAF,3558,i,1,203,171.741073844307,200,84.7913862718708,30,3,5.615234375,1.2699,5.5-6.0,mid
IREpAF,3587,i,0,NaN,201.288005312665,234,78.5536159600997,18,0,NaN,NaN,,
IREpAF,3651,i,1,194,183.625448954983,193,71.7539863325741,14,14,5.9814453125,1.179,5.5-6.0,mid
IREpAF,3718,i,0,NaN,220.092389356454,237,80.8729139922978,1,0,NaN,NaN,,
IREpAF,3802,i,1,214,192.787534162206,207,80.7692307692308,20,16,5.37109375,1.3455,5.0-5.5,mid
IREpAF,3810,i,1,253,214.394435092974,232,66.8080593849417,19,1,4.8828125,1.3131,4.5-5.0,low
IREpAF,3821,i,0,NaN,243.787456347636,244,70,13,0,NaN,NaN,,
IREpAF,3843,i,1,218,213.775630912387,215,80.8729139922978,7,5,5.9814453125,1.2186,5.5-6.0,mid
IREpAF,3855,i,1,206,198.222651944161,203,84.2245989304813,16,16,5.9814453125,1.1052,5.5-6.0,mid
IREpAF,3984,i,0,NaN,220.079762775895,225,77.490774907749,21,0,NaN,NaN,,
IREpAF,4093,i,1,186,174.228772832845,185,81.1855670103093,16,16,6.34765625,1.2375,6.0-6.5,mid
IREpAF,4131,i,1,191,178.610876465747,190,61.4634146341463,27,27,5.9814453125,1.098,5.5-6.0,mid
IREpAF,4185,i,0,NaN,238.481454098554,254,71.2669683257919,2,0,NaN,NaN,,
IREpAF,4290,i,0,NaN,226.546021031689,229,81.6062176165803,8,0,NaN,NaN,,
IREpAF,4358,i,1,193,180.127620566789,191,70.3125,20,20,5.9814453125,0.9657,5.5-6.0,mid
IREpAF,4469,i,0,NaN,229.500040513376,281,62.1301775147929,24,0,NaN,NaN,,
IREpAF,4583,i,0,NaN,238.458277822603,250,88.1118881118881,0,0,NaN,NaN,,
IREpAF,4676,i,1,173,169.625568806543,171,66.0377358490566,37,37,7.2021484375,0.8856,6.5-7.3,high
IREpAF,4773,i,1,199,187.101919368179,196,63.12625250501,31,31,5.7373046875,1.08,5.5-6.0,mid
IREpAF,4841,i,1,188,174.463175143661,186,70.3125,22,22,6.103515625,0.99,6.0-6.5,mid
IREpAF,4898,i,0,NaN,242.163042873311,258,81.7120622568093,0,0,NaN,NaN,,
IREpAF,4955,i,0,NaN,216.411102621452,240,84.6774193548387,8,0,NaN,NaN,,
IREpAF,4978,i,0,NaN,237.207694832636,293,64.1547861507128,0,0,NaN,NaN,,
IREpAF,5147,i,1,215,187.333140544215,210,77.8739184177998,18,16,5.126953125,1.1817,5.0-5.5,mid
IREpAF,5242,i,1,230,229.592635053661,228,79.8479087452472,2,2,5.4931640625,1.0656,5.0-5.5,mid
IREpAF,5263,i,1,216,200.515187462021,212,84.7913862718708,17,17,5.4931640625,1.1358,5.0-5.5,mid
IREpAF,5270,i,1,193,190.09607937804,193,64.4171779141104,18,18,6.34765625,1.044,6.0-6.5,mid
IREpAF,5283,i,1,256,207.950060367359,250,78.9473684210526,19,13,4.39453125,1.1259,4.1-4.5,low
IREpAF,5382,i,1,192,184.230342763964,190,71.8358038768529,28,28,6.103515625,1.3059,6.0-6.5,mid
IREpAF,5495,i,1,187,170.009560247971,182,72.5806451612903,34,34,5.859375,1.3815,5.5-6.0,mid
IREpAF,5597,i,0,NaN,249.410203822634,285,64.1547861507128,6,0,NaN,NaN,,
IREpAF,5598,i,1,190,170.460773319443,187,67.7419354838709,29,29,5.859375,1.2087,5.5-6.0,mid
IREpAF,5745,i,1,248,225.979302584361,236,64.5491803278688,13,3,5.126953125,1.197,5.0-5.5,mid
IREpAF,5767,i,0,NaN,232.687877310884,297,58.8785046728972,21,0,NaN,NaN,,
IREpAF,5843,i,1,197,174.73868859675,192,70.9459459459459,34,34,5.7373046875,1.0845,5.5-6.0,mid
IREpAF,5874,i,1,234,228.905563783708,232,73.5981308411215,3,3,4.8828125,1.2627,4.5-5.0,low
IREpAF,5931,i,1,206,201.984415386076,204,84.4504021447721,10,10,6.2255859375,1.1007,6.0-6.5,mid
IREpAF,5995,i,1,208,187.138661556135,205,54.8302872062663,38,38,5.2490234375,1.2006,5.0-5.5,mid
IREpAF,6004,i,0,NaN,216.273486317412,240,86.0655737704918,1,0,NaN,NaN,,
IREpAF,6043,i,1,184,178.892346108645,182,72.8323699421965,23,23,6.7138671875,1.1601,6.5-7.3,high
IREpAF,6301,i,1,199,187.789156650419,197,85.3658536585366,13,13,5.9814453125,1.206,5.5-6.0,mid
IREpAF,6333,i,1,202,180.25348965195,199,69.6902654867257,30,30,5.7373046875,1.0305,5.5-6.0,mid
IREpAF,6448,i,0,NaN,213.019156824172,273,66.5961945031712,32,0,NaN,NaN,,
IREpAF,6468,i,1,240,216.583005105167,235,69.078947368421,17,15,4.7607421875,1.1016,4.5-5.0,low
IREpAF,6532,i,1,221,219.433461243541,219,66.8789808917197,14,14,5.4931640625,1.035,5.0-5.5,mid
IREpAF,6538,i,0,NaN,196.987254839209,226,81.8181818181818,24,0,NaN,NaN,,
IREpAF,6572,i,1,225,211.402745138526,223,77.2058823529412,9,9,5.2490234375,1.1916,5.0-5.5,mid
IREpAF,6677,i,0,NaN,250.37611456724,259,79.0464240903388,3,0,NaN,NaN,,
IREpAF,6714,i,1,207,195.944614556123,203,84.6774193548387,17,17,6.34765625,1.1025,6.0-6.5,mid
IREpAF,6719,i,0,NaN,190.304003414305,242,77.7777777777778,33,0,NaN,NaN,,
IREpAF,6733,i,0,NaN,232.257537523852,255,71.1864406779661,0,0,NaN,NaN,,
IREpAF,6864,i,1,223,192.899795537887,217,63.3802816901408,32,30,4.8828125,1.3023,4.5-5.0,low
IREpAF,6887,i,0,NaN,175.166759690306,221,67.0926517571885,38,0,NaN,NaN,,
IREpAF,6948,i,0,NaN,241.257420301066,252,83.554376657825,0,0,NaN,NaN,,
IREpAF,6951,i,0,NaN,202.973457871973,212,85.0202429149797,20,0,NaN,NaN,,
IREpAF,6959,i,1,200,167.851151056653,197,60.1719197707736,30,30,5.9814453125,0.5688,5.5-6.0,mid
IREpAF,6962,i,0,NaN,238.720580996334,240,84.3373493975904,8,0,NaN,NaN,,
IREpAF,7083,i,1,189,173.839379966928,184,80.8729139922978,29,29,6.103515625,1.2717,6.0-6.5,mid
IREpAF,7167,i,0,NaN,224.366568898404,266,56.7056705670567,15,0,NaN,NaN,,
IREpAF,7187,i,0,NaN,170.454179428183,197,73.2558139534883,30,0,NaN,NaN,,
IREpAF,7352,i,0,NaN,208.133925952294,226,82.6771653543307,17,0,NaN,NaN,,
IREpAF,7514,i,0,NaN,240.858676449374,239,73.7704918032787,4,0,NaN,NaN,,
IREpAF,7532,i,1,194,177.121472400162,192,60.0571973307912,38,38,5.859375,0.9036,5.5-6.0,mid
IREpAF,7547,i,0,NaN,241.376717335108,307,56.25,3,0,NaN,NaN,,
IREpAF,7616,i,0,NaN,239.825434669161,252,78.8485607008761,0,0,NaN,NaN,,
IREpAF,7729,i,1,213,185.322530997015,209,58.8235294117647,41,41,5.0048828125,1.0368,5.0-5.5,mid
IREpAF,7802,i,0,NaN,244.184130142632,254,63.894523326572,0,0,NaN,NaN,,
IREpAF,7835,i,0,NaN,240.653107093414,273,81.1855670103093,20,0,NaN,NaN,,
IREpAF,7861,i,1,188,170.911176217385,184,87.6216968011126,20,20,6.103515625,1.1799,6.0-6.5,mid
IREpAF,7931,i,1,205,192.844630208136,203,75.8122743682311,21,21,5.615234375,1.3491,5.5-6.0,mid
IREpAF,7949,i,0,NaN,233.375233690735,254,87.5,1,0,NaN,NaN,,
IREpAF,8009,i,0,NaN,253.165504539153,295,61.7042115572968,0,0,NaN,NaN,,
IREpAF,8016,i,1,210,198.772831759736,207,87.1369294605809,15,15,5.7373046875,1.1358,5.5-6.0,mid
IREpAF,8017,i,1,220,189.565971519267,218,66.3157894736842,23,23,5.126953125,1.0953,5.0-5.5,mid
IREpAF,8034,i,1,247,192.31169492966,230,78.0669144981413,23,1,4.638671875,0.9918,4.5-5.0,low
IREpAF,8134,i,0,NaN,247.63412462554,300,75.9951749095295,2,0,NaN,NaN,,
IREpAF,8262,i,1,184,184.021362444611,184,71.2669683257919,17,17,6.591796875,1.3527,6.5-7.3,high
IREpAF,8362,i,1,207,195.308265184831,206,64.9484536082474,16,16,5.859375,1.0143,5.5-6.0,mid
IREpAF,8431,i,0,NaN,229.934309109085,229,73.2558139534884,0,0,NaN,NaN,,
IREpAF,8539,i,0,NaN,191.130179980908,217,59.9429115128449,27,0,NaN,NaN,,
IREpAF,8555,i,0,NaN,228.916934176232,236,86.6574965612105,1,0,NaN,NaN,,
IREpAF,8670,i,1,188,176.779857892361,184,73.1707317073171,34,34,6.2255859375,1.2501,6.0-6.5,mid
IREpAF,8691,i,0,NaN,253.511015293465,271,82.6771653543307,0,0,NaN,NaN,,
IREpAF,8703,i,1,191,167.174078646596,187,70.4697986577181,34,34,5.9814453125,1.1943,5.5-6.0,mid
IREpAF,8735,i,1,263,233.11343261649,246,60.6936416184971,16,1,4.7607421875,1.1151,4.5-5.0,low
IREpAF,8754,i,1,201,178.464530252197,199,60,30,30,5.7373046875,0.9918,5.5-6.0,mid
IREpAF,8808,i,0,NaN,208.60117595207,250,73.943661971831,14,0,NaN,NaN,,
IREpAF,8917,i,0,NaN,240.673881706032,260,70.9459459459459,1,0,NaN,NaN,,
IREpAF,8942,i,0,NaN,244.047314433388,283,64.8148148148148,0,0,NaN,NaN,,
IREpAF,8987,i,0,NaN,220.12713620672,220,85.2503382949932,2,1,NaN,NaN,,
IREpAF,8997,i,0,NaN,224.663742990626,232,82.8947368421052,4,0,NaN,NaN,,
IREpAF,9089,i,1,195,190.511491155012,193,71.0259301014656,17,17,5.859375,1.1619,5.5-6.0,mid
IREpAF,9167,i,1,219,209.716266108815,219,79.4451450189155,4,4,5.7373046875,1.2978,5.5-6.0,mid
IREpAF,9213,i,1,213,197.083205576819,201,80.7692307692308,18,8,6.2255859375,1.467,6.0-6.5,mid
IREpAF,9264,i,1,198,193.326696003009,197,82.8947368421052,11,11,6.34765625,1.1628,6.0-6.5,mid
IREpAF,9360,i,0,NaN,236.23615488231,245,80.3571428571429,4,0,NaN,NaN,,
IREpAF,9385,i,1,225,206.42830563771,218,74.0305522914219,24,11,5.0048828125,1.2087,5.0-5.5,mid
IREpAF,9393,i,1,197,176.060460035027,193,80.2547770700637,20,20,5.615234375,1.152,5.5-6.0,mid
IREpAF,9411,i,1,199,195.617202707261,197,70.2341137123746,20,20,5.9814453125,1.0098,5.5-6.0,mid
IREpAF,9491,i,1,208,207.258413290285,208,65.8995815899581,8,8,5.7373046875,1.2186,5.5-6.0,mid
IREpAF,9504,i,1,251,225.001433420795,235,62.624254473161,16,2,5.0048828125,1.1862,5.0-5.5,mid
IREpAF,9695,i,1,179,172.627665654843,175,70,35,35,6.4697265625,0.8622,6.0-6.5,mid
IREpAF,9739,i,1,177,172.322510144193,174,68.1818181818182,30,30,6.9580078125,0.8433,6.5-7.3,high
IREpAF,9785,i,1,223,198.726973825971,223,64.3513789581205,17,17,4.8828125,1.1547,4.5-5.0,mid
IREpAF,9807,i,1,210,184.803376835647,207,64.7482014388489,28,28,5.126953125,1.1718,5.0-5.5,mid
IREpAF,9836,i,1,200,174.724009774996,196,82.7858081471747,30,30,5.859375,1.1664,5.5-6.0,mid
IREpAF,9984,i,1,229,201.514188818619,217,86.5384615384615,13,1,5.126953125,1.1493,5.0-5.5,mid
IREpAF,2,m,1,195,190.44060884256,190,75.7211538461538,12,12,6.8359375,1.116,6.5-7.3,high
IREpAF,122,m,1,198,195.855673700877,188,81.6062176165803,17,17,7.080078125,1.0908,6.5-7.3,high
IREpAF,181,m,1,191,187.885901443478,182,84.6774193548387,15,15,6.9580078125,1.152,6.5-7.3,high
IREpAF,197,m,1,182,169.705321734698,173,74.1176470588236,18,18,7.2021484375,1.1151,6.5-7.3,high
IREpAF,261,m,1,176,175.822907914633,170,84.2245989304812,12,12,7.2021484375,1.3806,6.5-7.3,high
IREpAF,339,m,1,198,194.563442218321,195,82.7858081471747,10,10,6.9580078125,1.143,6.5-7.3,high
IREpAF,360,m,1,204,202.59769255155,197,73.2558139534883,14,14,6.591796875,1.2105,6.5-7.3,high
IREpAF,371,m,0,NaN,208.195142388176,202,82.6771653543307,2,2,NaN,NaN,,mid
IREpAF,507,m,1,200,190.70864439867,190,83.7765957446808,17,17,6.9580078125,0.9891,6.5-7.3,high
IREpAF,648,m,1,210,207.872500062251,204,76.3636363636363,14,14,6.7138671875,1.1304,6.5-7.3,high
IREpAF,762,m,1,192,177.963386101888,177,78.2608695652174,25,25,6.9580078125,0.999,6.5-7.3,high
IREpAF,1116,m,1,188,169.373060784063,173,77.3955773955774,28,28,6.9580078125,0.8613,6.5-7.3,high
IREpAF,1157,m,1,192,186.652470753193,181,80.3571428571428,20,20,6.8359375,1.1178,6.5-7.3,high
IREpAF,1170,m,1,204,191.127381500206,196,77.6818742293465,15,15,5.9814453125,1.4301,5.5-6.0,mid
IREpAF,1208,m,0,NaN,223.767827577445,226,75.4491017964072,12,1,NaN,NaN,,mid
IREpAF,1217,m,1,183,172.131715839831,174,75.3588516746411,18,18,6.8359375,0.9333,6.5-7.3,high
IREpAF,1373,m,1,208,206.144610639472,200,79.145728643216,12,12,6.2255859375,1.1691,6.0-6.5,mid
IREpAF,1426,m,1,207,192.943014805904,194,75.4491017964072,21,21,6.2255859375,1.3176,6.0-6.5,mid
IREpAF,1464,m,1,180,166.130587676373,174,86.0655737704918,11,11,6.591796875,0.9207,6.5-7.3,high
IREpAF,1505,m,0,NaN,213.612397842786,209,86.4197530864198,7,0,NaN,NaN,,
IREpAF,1555,m,1,197,184.688197003437,185,81.924577373212,20,20,6.7138671875,1.1268,6.5-7.3,high
IREpAF,1582,m,1,195,199.932941670115,191,75.6302521008403,9,9,7.080078125,1.0431,6.5-7.3,high
IREpAF,1658,m,0,NaN,211.331011749797,207,82.6771653543307,1,1,NaN,NaN,,mid
IREpAF,1663,m,1,205,216.556293743553,205,80.7692307692308,5,5,7.2021484375,1.0746,6.5-7.3,high
IREpAF,1847,m,1,198,196.402403280299,192,77.7777777777778,11,11,6.591796875,1.1151,6.5-7.3,high
IREpAF,1913,m,1,193,177.897931014268,178,77.7777777777778,25,25,7.080078125,0.9774,6.5-7.3,high
IREpAF,2250,m,1,193,166.827620161137,176,77.8739184177997,29,29,6.8359375,1.0116,6.5-7.3,high
IREpAF,2379,m,1,186,171.436946168957,173,80.2547770700637,22,22,6.8359375,1.1196,6.5-7.3,high
IREpAF,2417,m,1,204,190.934202388409,193,73.6842105263158,19,19,6.34765625,1.1313,6.0-6.5,mid
IREpAF,2496,m,1,217,208.50237020613,208,74.1176470588235,16,16,6.4697265625,0.9828,6.0-6.5,mid
IREpAF,2677,m,1,189,171.238696318527,175,83.7765957446808,23,22,6.34765625,1.0467,6.0-6.5,mid
IREpAF,2818,m,1,216,214.149481604538,213,82.3529411764706,6,6,6.34765625,1.2231,6.0-6.5,mid
IREpAF,2890,m,1,192,181.751984387993,176,77.0171149144254,27,27,6.591796875,1.0746,6.5-7.3,high
IREpAF,2906,m,1,199,196.409095458468,194,80.4597701149425,11,11,6.591796875,1.1304,6.5-7.3,high
IREpAF,2967,m,1,254,244.74471778905,249,76.271186440678,4,3,5.4931640625,1.242,5.0-5.5,mid
IREpAF,2984,m,1,199,196.788404236984,196,87.5,5,5,5.9814453125,1.224,5.5-6.0,mid
IREpAF,3032,m,1,189,183.060273165123,183,79.2452830188679,13,13,7.080078125,1.0278,6.5-7.3,high
IREpAF,3062,m,1,187,173.170965829609,174,73.3410942956927,24,24,6.9580078125,0.9459,6.5-7.3,high
IREpAF,3255,m,1,199,191.665039759035,189,73.4265734265734,19,19,7.080078125,1.0287,6.5-7.3,high
IREpAF,3269,m,1,197,195.175092244652,190,79.746835443038,13,13,6.7138671875,1.1475,6.5-7.3,high
IREpAF,3375,m,0,NaN,249.116759170385,246,87.2576177285318,4,0,NaN,NaN,,
IREpAF,3385,m,0,NaN,196.137267514045,201,87.1369294605809,16,10,NaN,NaN,,mid
IREpAF,3410,m,1,220,225.142144815072,213,84.9056603773585,9,5,6.103515625,1.2969,6.0-6.5,mid
IREpAF,3514,m,1,199,174.444785284642,181,80.4597701149425,31,31,6.34765625,0.7443,6.0-6.5,mid
IREpAF,3607,m,1,194,188.088814463074,184,84.3373493975904,18,18,6.4697265625,1.2024,6.0-6.5,mid
IREpAF,3621,m,1,206,208.11091015429,203,76.271186440678,7,7,6.7138671875,1.1385,6.5-7.3,high
IREpAF,3632,m,0,NaN,221.695315311372,211,79.8479087452471,2,2,NaN,NaN,,mid
IREpAF,3709,m,1,216,217.939808662661,211,77.4907749077491,9,7,6.34765625,0.9855,6.0-6.5,mid
IREpAF,3800,m,0,NaN,248.05530962487,236,79.5454545454545,0,0,NaN,NaN,,
IREpAF,3948,m,1,199,187.929170738753,191,78.0669144981412,15,15,6.34765625,1.1754,6.0-6.5,mid
IREpAF,4055,m,1,222,228.093080919461,217,73.512252042007,8,6,5.9814453125,1.1817,5.5-6.0,mid
IREpAF,4097,m,1,181,172.171500352124,175,75.0893921334922,13,13,7.080078125,0.9261,6.5-7.3,high
IREpAF,4157,m,1,190,183.821824588878,182,84.1121495327103,13,13,7.080078125,1.0341,6.5-7.3,high
IREpAF,4162,m,1,198,188.909681474142,184,86.8965517241379,21,21,6.103515625,1.3572,6.0-6.5,mid
IREpAF,4284,m,1,194,170.137513981521,175,76.5492102065613,33,33,6.9580078125,1.1682,6.5-7.3,high
IREpAF,4314,m,1,211,193.349596802916,198,79.8479087452472,19,19,6.591796875,1.0566,6.5-7.3,high
IREpAF,4444,m,1,189,187.821401927526,189,77.3955773955774,4,4,6.8359375,1.0782,6.5-7.3,high
IREpAF,4449,m,1,218,205.131216511247,211,76.7356881851401,14,14,5.86,1.20,5.5-6.0,mid
IREpAF,4547,m,0,NaN,227.871627715518,219,86.4197530864198,1,1,NaN,NaN,,mid
IREpAF,4608,m,1,187,176.602239600979,181,79.8479087452471,11,11,6.34765625,1.0953,6.0-6.5,mid
IREpAF,4899,m,1,182,167.011692652683,165,82.3529411764706,27,27,7.080078125,1.0854,6.5-7.3,high
IREpAF,5067,m,1,181,171.294344485803,173,76.7356881851401,17,17,7.080078125,1.1457,6.5-7.3,high
IREpAF,5074,m,1,184,165.765983457437,173,78.0669144981412,19,19,6.9580078125,0.9585,6.5-7.3,high
IREpAF,5103,m,1,206,194.277322993206,198,82.5688073394495,13,13,6.103515625,1.0908,6.0-6.5,mid
IREpAF,5552,m,1,199,186.761785960101,191,83.5543766578249,13,13,6.4697265625,1.1916,6.0-6.5,mid
IREpAF,5860,m,1,182,172.678130392727,175,76.7356881851401,14,14,6.9580078125,1.134,6.5-7.3,high
IREpAF,5947,m,1,195,183.132171426041,187,78.4557907845579,16,16,6.591796875,1.2591,6.5-7.3,high
IREpAF,6006,m,0,NaN,180.974576422741,183,84.7913862718708,0,0,NaN,NaN,,
IREpAF,6010,m,1,192,167.937400348637,174,80.9768637532134,31,31,6.9580078125,1.2087,6.5-7.3,high
IREpAF,6048,m,1,197,192.051165023287,190,84.4504021447721,13,13,6.8359375,0.918,6.5-7.3,high
IREpAF,6140,m,1,186,177.899323138081,174,84.5637583892617,21,21,7.080078125,1.1826,6.5-7.3,high
IREpAF,6235,m,0,NaN,241.07759039972,236,86.5384615384615,0,0,NaN,NaN,,
IREpAF,6646,m,1,195,185.315032799997,188,80.7692307692307,12,8,6.591796875,1.3842,6.5-7.3,high
IREpAF,6666,m,0,NaN,226.949309689735,216,84.3373493975904,1,1,NaN,NaN,,mid
IREpAF,6900,m,1,203,192.067832874709,193,83.00395256917,17,16,5.9814453125,1.4526,5.5-6.0,mid
IREpAF,6914,m,1,213,203.010426864843,208,76.5492102065613,11,11,5.9814453125,1.1412,5.5-6.0,mid
IREpAF,7144,m,1,180,170.826486037768,169,82.8947368421052,20,20,7.080078125,1.1889,6.5-7.3,high
IREpAF,7192,m,1,204,202.056207637768,195,80.8729139922978,16,16,5.9814453125,1.3959,5.5-6.0,mid
IREpAF,7366,m,1,203,200.467804341846,194,80.8729139922978,15,15,6.2255859375,1.1781,6.0-6.5,mid
IREpAF,7431,m,1,200,202.1094505156,200,85.2503382949932,4,4,7.2021484375,1.1718,6.5-7.3,high
IREpAF,7438,m,1,223,214.353959976143,217,78.5536159600998,8,8,5.4931640625,1.1772,5.0-5.5,mid
IREpAF,7466,m,1,195,178.686984186112,179,72.7482678983833,27,27,6.7138671875,0.8235,6.5-7.3,high
IREpAF,7476,m,1,206,191.228228731212,197,76.271186440678,14,14,6.2255859375,1.116,6.0-6.5,mid
IREpAF,7489,m,1,195,190.024623937876,193,80.9768637532134,7,7,6.9580078125,1.0755,6.5-7.3,high
IREpAF,7745,m,1,214,213.510854028282,208,82.5688073394495,7,5,6.103515625,1.2312,6.0-6.5,mid
IREpAF,7756,m,0,NaN,232.616054869744,231,76.0869565217391,10,1,NaN,NaN,,
IREpAF,7812,m,1,208,195.245355974148,199,79.9492385786802,15,15,5.859375,1.2447,5.5-6.0,mid
IREpAF,7841,m,0,NaN,213.679933511557,213,86.4197530864198,2,2,NaN,NaN,,mid
IREpAF,7890,m,1,196,181.991146580251,180,74.910820451843,28,28,6.591796875,0.8478,6.5-7.3,high
IREpAF,7912,m,1,188,192.587902212566,182,78.1637717121588,13,13,7.2021484375,0.9657,6.5-7.3,high
IREpAF,7935,m,0,NaN,239.098664317644,236,76.9230769230769,7,0,NaN,NaN,,
IREpAF,8038,m,1,180,165.756473373491,169,80.1526717557252,20,20,7.2021484375,0.999,6.5-7.3,high
IREpAF,8204,m,1,193,186.974091507422,184,84.4504021447721,16,16,6.7138671875,0.7893,6.5-7.3,high
IREpAF,8214,m,1,189,173.713095261242,176,73.6842105263158,22,22,6.7138671875,1.1655,6.5-7.3,high
IREpAF,8338,m,1,195,200.424262392386,189,76.4563106796116,12,12,6.8359375,0.7965,6.5-7.3,high
IREpAF,8508,m,1,179,169.380980317794,171,74.3801652892562,15,15,7.2021484375,0.9234,6.5-7.3,high
IREpAF,8533,m,0,NaN,213.950454058802,209,86.6574965612105,8,1,NaN,NaN,,mid
IREpAF,8567,m,1,211,204.657181752249,205,86.1833105335157,7,4,5.9814453125,1.0683,5.5-6.0,mid
IREpAF,8688,m,1,188,172.51043321388,175,77.3006134969325,23,23,6.7138671875,1.2672,6.5-7.3,high
IREpAF,8792,m,1,201,175.322386398257,182,76.9230769230769,30,29,5.9814453125,0.8784,5.5-6.0,mid
IREpAF,8864,m,0,NaN,225.752952011899,209,78.5536159600997,0,0,NaN,NaN,,
IREpAF,8947,m,0,NaN,219.737563271374,211,78.4557907845579,1,1,NaN,NaN,,mid
IREpAF,9284,m,0,NaN,191.577483096524,195,78.0669144981412,0,0,NaN,NaN,,
IREpAF,9400,m,0,NaN,206.55096578713,201,77.490774907749,0,0,NaN,NaN,,
IREpAF,9415,m,1,194,179.487940190003,180,79.8479087452472,23,23,7.080078125,1.1709,6.5-7.3,high
IREpAF,9522,m,1,192,177.654635149564,176,77.1113831089351,27,27,6.591796875,1.071,6.5-7.3,high
IREpAF,9565,m,1,202,194.201671446055,194,77.9702970297029,15,15,6.4697265625,1.2303,6.0-6.5,high
IREpAF,9567,m,1,189,178.318315451739,177,78.75,22,22,6.7138671875,1.215,6.5-7.3,high
IREpAF,9615,m,1,187,169.54895227417,171,78.5536159600998,27,27,6.7138671875,0.945,6.5-7.3,high
IREpAF,9902,m,0,NaN,226.989912291312,232,86.1833105335157,0,0,NaN,NaN,,
IREpAF,120,m,0,NaN,229.879955204407,232,80.5626598465473,2,0,NaN,NaN,,
IREpAF,153,m,1,228,220.006528669619,221,77.6818742293465,8,4,5.7373046875,1.2564,5.5-6.0,mid
IREpAF,438,m,0,NaN,236.690474960909,245,73.943661971831,0,0,NaN,NaN,,
IREpAF,465,m,0,NaN,197.790000826921,210,86.8965517241379,18,0,NaN,NaN,,
IREpAF,493,m,1,213,191.973594076917,200,65.9685863874346,24,24,5.7373046875,1.2744,5.5-6.0,mid
IREpAF,617,m,0,NaN,236.812825857363,269,72.0823798627002,4,0,NaN,NaN,,
IREpAF,635,m,0,NaN,215.251017571914,225,59.4900849858357,22,2,NaN,NaN,,mid
IREpAF,714,m,1,212,189.64192711591,203,67.9611650485437,18,18,5.615234375,1.2186,5.5-6.0,mid
IREpAF,740,m,0,NaN,226.262143150714,229,86.4197530864198,0,0,NaN,NaN,,
IREpAF,788,m,1,188,171.786422803911,178,70.0778642936596,19,19,6.7138671875,1.1349,6.5-7.3,high
IREpAF,938,m,0,NaN,247.623284706933,248,85.4816824966079,0,0,NaN,NaN,,
IREpAF,955,m,1,205,191.452868318651,193,70.8661417322834,22,22,6.7138671875,0.9927,6.5-7.3,high
IREpAF,969,m,1,235,199.730114117381,225,77.3006134969325,16,16,5.126953125,1.2375,5.0-5.5,mid
IREpAF,979,m,0,NaN,245.072105943502,254,79.2452830188679,0,0,NaN,NaN,,
IREpAF,1078,m,0,NaN,215.544428555862,220,72.4971231300345,0,0,NaN,NaN,,
IREpAF,1080,m,0,NaN,215.125135738315,223,79.5454545454545,14,0,NaN,NaN,,
IREpAF,1132,m,1,193,176.40367702987,184,68.1818181818182,20,20,6.4697265625,1.0566,6.0-6.5,mid
IREpAF,1133,m,0,NaN,254.947957532102,254,70.6278026905829,9,0,NaN,NaN,,
IREpAF,1152,m,0,NaN,197.767595548779,210,76.1789600967352,24,1,NaN,NaN,,mid
IREpAF,1175,m,0,NaN,225.293605297767,277,58.1180811808118,21,0,NaN,NaN,,
IREpAF,1202,m,0,NaN,198.649078983552,221,63,40,0,NaN,NaN,,
IREpAF,1291,m,0,NaN,204.031867086298,226,74.1176470588235,32,0,NaN,NaN,,
IREpAF,1403,m,1,224,201.855691147422,209,60.8108108108108,19,9,5.7373046875,1.2852,5.5-6.0,mid
IREpAF,1444,m,0,NaN,218.237674873511,255,85.7142857142857,24,0,NaN,NaN,,
IREpAF,1485,m,0,NaN,183.202844874759,245,70.8661417322835,35,0,NaN,NaN,,
IREpAF,1522,m,1,218,205.930571702702,204,58.1717451523546,28,28,5.859375,0.999,5.5-6.0,mid
IREpAF,1590,m,1,211,184.471846927358,193,72.4971231300345,32,32,5.7373046875,1.098,5.5-6.0,mid
IREpAF,1603,m,1,223,202.538633662451,210,70,20,20,5.37109375,1.1439,5.0-5.5,mid
IREpAF,1608,m,1,195,169.60134247534,186,75.3588516746411,34,13,5.859375,1.2888,5.5-6.0,mid
IREpAF,1752,m,0,NaN,205.687144840522,220,80.7692307692308,12,2,NaN,NaN,,mid
IREpAF,1841,m,0,NaN,192.234358742811,227,68.6274509803922,36,0,NaN,NaN,,
IREpAF,1858,m,1,191,174.552694630576,177,84.6774193548387,23,23,6.9580078125,0.945,6.5-7.3,high
IREpAF,1972,m,0,NaN,219.169238494156,264,64.0243902439024,24,0,NaN,NaN,,
IREpAF,2026,m,1,219,204.360136891613,208,72.5806451612903,13,7,5.9814453125,1.233,5.5-6.0,mid
IREpAF,2066,m,1,195,186.110942876447,186,66.1764705882353,19,19,6.7138671875,0.9135,6.5-7.3,high
IREpAF,2109,m,1,214,182.099985177927,193,68.4039087947883,29,29,5.37109375,0.9945,5.0-5.5,mid
IREpAF,2156,m,0,NaN,230.458273137716,227,68.0345572354211,3,3,NaN,NaN,,mid
IREpAF,2195,m,0,NaN,234.60047986509,271,66.7372881355932,1,0,NaN,NaN,,
IREpAF,2347,m,0,NaN,200.26005804028,207,86.0655737704918,26,1,NaN,NaN,,mid
IREpAF,2382,m,0,NaN,197.800409265605,215,72.9166666666666,11,1,NaN,NaN,,mid
IREpAF,2384,m,0,NaN,241.25958512909,238,79.9492385786802,0,0,NaN,NaN,,
IREpAF,2430,m,0,NaN,221.159340437043,252,68.7022900763359,22,0,NaN,NaN,,
IREpAF,2466,m,1,205,193.590369470483,204,85.8310626702997,4,4,5.9814453125,1.2447,5.5-6.0,mid
IREpAF,2488,m,1,203,171.786054390985,184,70.6278026905829,32,32,5.615234375,1.0566,5.5-6.0,mid
IREpAF,2503,m,1,214,208.272832011578,213,67.5965665236051,5,5,5.9814453125,1.0242,5.5-6.0,mid
IREpAF,2533,m,1,211,188.878282718673,196,65.2173913043478,27,27,5.9814453125,1.2195,5.5-6.0,mid
IREpAF,2555,m,0,NaN,200.66153741187,229,75,9,0,NaN,NaN,,
IREpAF,2568,m,0,NaN,236.056914388551,233,69.7674418604651,10,2,NaN,NaN,,mid
IREpAF,2581,m,0,NaN,205.921042649046,226,67.0212765957447,9,3,NaN,NaN,,mid
IREpAF,2674,m,1,216,208.118703418913,212,81.6062176165803,8,8,5.7373046875,1.2861,5.5-6.0,mid
IREpAF,2721,m,1,235,205.070890513176,221,76.1789600967352,19,17,5.126953125,1.3311,5.0-5.5,mid
IREpAF,2804,m,0,NaN,197.827021198362,229,83.223249669749,26,1,NaN,NaN,,low
IREpAF,2820,m,1,187,168.001020728218,172,66.1070304302204,27,27,7.080078125,0.81,6.5-7.3,high
IREpAF,2860,m,1,219,195.482556861927,205,70.3125,23,23,5.7373046875,1.0728,5.5-6.0,mid
IREpAF,2869,m,0,NaN,212.006428672888,221,87.6216968011127,20,0,NaN,NaN,,
IREpAF,2966,m,1,225,205.25377289961,213,76.8292682926829,20,20,5.4931640625,1.2186,5.0-5.5,mid
IREpAF,3001,m,1,210,201.712533388396,203,64.8148148148148,15,15,6.4697265625,0.864,6.0-6.5,mid
IREpAF,3023,m,1,227,199.859829581663,214,69.1547749725576,21,21,5.615234375,0.9837,5.5-6.0,mid
IREpAF,3198,m,1,232,223.486904896759,227,69.4597574421169,8,6,5.7373046875,1.2222,5.5-6.0,mid
IREpAF,3278,m,0,NaN,245.323920209245,252,85.7142857142857,1,0,NaN,NaN,,
IREpAF,3285,m,1,192,170.077026897299,174,72.4137931034483,31,31,7.2021484375,1.0683,6.5-7.3,high
IREpAF,3294,m,1,215,184.281474552794,201,68.1081081081081,24,24,5.4931640625,1.2672,5.0-5.5,mid
IREpAF,3371,m,0,NaN,226.452752920595,259,82.5688073394495,12,0,NaN,NaN,,
IREpAF,3442,m,1,198,169.035436345795,179,81.0810810810811,30,28,6.103515625,1.2969,6.0-6.5,mid
IREpAF,3521,m,0,NaN,195.998654701747,213,80.5626598465473,28,3,NaN,NaN,,mid
IREpAF,3558,m,0,NaN,171.741073844307,200,84.7913862718708,30,3,NaN,NaN,,mid
IREpAF,3587,m,0,NaN,201.288005312665,234,78.5536159600997,18,0,NaN,NaN,,
IREpAF,3651,m,1,200,183.625448954983,193,71.7539863325741,14,14,6.103515625,1.2321,6.0-6.5,mid
IREpAF,3718,m,0,NaN,220.092389356454,237,80.8729139922978,1,0,NaN,NaN,,
IREpAF,3802,m,1,221,192.787534162206,207,80.7692307692308,20,16,5.37109375,1.2519,5.0-5.5,mid
IREpAF,3810,m,0,NaN,214.394435092974,232,66.8080593849417,19,1,NaN,NaN,,low
IREpAF,3821,m,0,NaN,243.787456347636,244,70,13,0,NaN,NaN,,
IREpAF,3843,m,1,220,213.775630912387,215,80.8729139922978,7,5,5.9814453125,1.2402,5.5-6.0,mid
IREpAF,3855,m,1,213,198.222651944161,203,84.2245989304813,16,16,5.9814453125,1.107,5.5-6.0,mid
IREpAF,3984,m,0,NaN,220.079762775895,225,77.490774907749,21,0,NaN,NaN,,
IREpAF,4093,m,1,193,174.228772832845,185,81.1855670103093,16,16,6.34765625,1.2393,6.0-6.5,mid
IREpAF,4131,m,1,204,178.610876465747,190,61.4634146341463,27,27,5.9814453125,1.098,5.5-6.0,mid
IREpAF,4185,m,0,NaN,238.481454098554,254,71.2669683257919,2,0,NaN,NaN,,
IREpAF,4290,m,0,NaN,226.546021031689,229,81.6062176165803,8,0,NaN,NaN,,
IREpAF,4358,m,1,202,180.127620566789,191,70.3125,20,20,5.9814453125,1.0098,5.5-6.0,mid
IREpAF,4469,m,0,NaN,229.500040513376,281,62.1301775147929,24,0,NaN,NaN,,
IREpAF,4583,m,0,NaN,238.458277822603,250,88.1118881118881,0,0,NaN,NaN,,
IREpAF,4676,m,1,191,169.625568806543,171,66.0377358490566,37,37,7.2021484375,0.8721,6.5-7.3,high
IREpAF,4773,m,1,214,187.101919368179,196,63.12625250501,31,31,5.7373046875,1.071,5.5-6.0,mid
IREpAF,4841,m,1,198,174.463175143661,186,70.3125,22,22,6.103515625,1.0287,6.0-6.5,mid
IREpAF,4898,m,0,NaN,242.163042873311,258,81.7120622568093,0,0,NaN,NaN,,
IREpAF,4955,m,0,NaN,216.411102621452,240,84.6774193548387,8,0,NaN,NaN,,
IREpAF,4978,m,0,NaN,237.207694832636,293,64.1547861507128,0,0,NaN,NaN,,
IREpAF,5147,m,1,222,187.333140544215,210,77.8739184177998,18,16,5.126953125,1.1691,5.0-5.5,mid
IREpAF,5242,m,0,NaN,229.592635053661,228,79.8479087452472,2,2,NaN,NaN,,mid
IREpAF,5263,m,1,224,200.515187462021,212,84.7913862718708,17,17,5.4931640625,1.0791,5.0-5.5,mid
IREpAF,5270,m,1,201,190.09607937804,193,64.4171779141104,18,18,6.34765625,1.0584,6.0-6.5,mid
IREpAF,5283,m,1,262,207.950060367359,250,78.9473684210526,19,13,4.39453125,0.9954,4.1-4.5,low
IREpAF,5382,m,1,205,184.230342763964,190,71.8358038768529,28,28,6.103515625,1.2996,6.0-6.5,mid
IREpAF,5495,m,1,203,170.009560247971,182,72.5806451612903,34,34,5.859375,1.3365,5.5-6.0,mid
IREpAF,5597,m,0,NaN,249.410203822634,285,64.1547861507128,6,0,NaN,NaN,,
IREpAF,5598,m,1,204,170.460773319443,187,67.7419354838709,29,29,5.859375,1.1385,5.5-6.0,mid
IREpAF,5745,m,0,NaN,225.979302584361,236,64.5491803278688,13,3,NaN,NaN,,mid
IREpAF,5767,m,0,NaN,232.687877310884,297,58.8785046728972,21,0,NaN,NaN,,
IREpAF,5843,m,1,213,174.73868859675,192,70.9459459459459,34,34,5.7373046875,0.8964,5.5-6.0,mid
IREpAF,5874,m,0,NaN,228.905563783708,232,73.5981308411215,3,3,NaN,NaN,,low
IREpAF,5931,m,1,210,201.984415386076,204,84.4504021447721,10,10,6.2255859375,1.1277,6.0-6.5,mid
IREpAF,5995,m,1,226,187.138661556135,205,54.8302872062663,38,38,5.2490234375,0.9819,5.0-5.5,mid
IREpAF,6004,m,0,NaN,216.273486317412,240,86.0655737704918,1,0,NaN,NaN,,
IREpAF,6043,m,1,195,178.892346108645,182,72.8323699421965,23,23,6.7138671875,1.17,6.5-7.3,high
IREpAF,6301,m,1,205,187.789156650419,197,85.3658536585366,13,13,5.9814453125,1.2069,5.5-6.0,mid
IREpAF,6333,m,1,216,180.25348965195,199,69.6902654867257,30,30,5.7373046875,0.9603,5.5-6.0,mid
IREpAF,6448,m,0,NaN,213.019156824172,273,66.5961945031712,32,0,NaN,NaN,,
IREpAF,6468,m,1,247,216.583005105167,235,69.078947368421,17,15,4.7607421875,1.1385,4.5-5.0,low
IREpAF,6532,m,1,227,219.433461243541,219,66.8789808917197,14,14,5.4931640625,0.9945,5.0-5.5,mid
IREpAF,6538,m,0,NaN,196.987254839209,226,81.8181818181818,24,0,NaN,NaN,,
IREpAF,6572,m,1,229,211.402745138526,223,77.2058823529412,9,9,5.2490234375,1.1655,5.0-5.5,mid
IREpAF,6677,m,0,NaN,250.37611456724,259,79.0464240903388,3,0,NaN,NaN,,
IREpAF,6714,m,1,215,195.944614556123,203,84.6774193548387,17,17,6.34765625,1.1484,6.0-6.5,mid
IREpAF,6719,m,0,NaN,190.304003414305,242,77.7777777777778,33,0,NaN,NaN,,
IREpAF,6733,m,0,NaN,232.257537523852,255,71.1864406779661,0,0,NaN,NaN,,
IREpAF,6864,m,1,237,192.899795537887,217,63.3802816901408,32,30,4.8828125,1.1691,4.5-5.0,low
IREpAF,6887,m,0,NaN,175.166759690306,221,67.0926517571885,38,0,NaN,NaN,,
IREpAF,6948,m,0,NaN,241.257420301066,252,83.554376657825,0,0,NaN,NaN,,
IREpAF,6951,m,0,NaN,202.973457871973,212,85.0202429149797,20,0,NaN,NaN,,
IREpAF,6959,m,1,214,167.851151056653,197,60.1719197707736,30,30,5.9814453125,0.6264,5.5-6.0,mid
IREpAF,6962,m,0,NaN,238.720580996334,240,84.3373493975904,8,0,NaN,NaN,,
IREpAF,7083,m,1,203,173.839379966928,184,80.8729139922978,29,29,6.103515625,1.2546,6.0-6.5,mid
IREpAF,7167,m,0,NaN,224.366568898404,266,56.7056705670567,15,0,NaN,NaN,,
IREpAF,7187,m,0,NaN,170.454179428183,197,73.2558139534883,30,0,NaN,NaN,,
IREpAF,7352,m,0,NaN,208.133925952294,226,82.6771653543307,17,0,NaN,NaN,,
IREpAF,7514,m,0,NaN,240.858676449374,239,73.7704918032787,4,0,NaN,NaN,,
IREpAF,7532,m,1,212,177.121472400162,192,60.0571973307912,38,38,5.859375,0.9171,5.5-6.0,mid
IREpAF,7547,m,0,NaN,241.376717335108,307,56.25,3,0,NaN,NaN,,
IREpAF,7616,m,0,NaN,239.825434669161,252,78.8485607008761,0,0,NaN,NaN,,
IREpAF,7729,m,1,233,185.322530997015,209,58.8235294117647,41,41,5.0048828125,1.0683,5.0-5.5,mid
IREpAF,7802,m,0,NaN,244.184130142632,254,63.894523326572,0,0,NaN,NaN,,
IREpAF,7835,m,0,NaN,240.653107093414,273,81.1855670103093,20,0,NaN,NaN,,
IREpAF,7861,m,1,197,170.911176217385,184,87.6216968011126,20,20,6.103515625,1.0665,6.0-6.5,mid
IREpAF,7931,m,1,215,192.844630208136,203,75.8122743682311,21,21,5.615234375,1.3086,5.5-6.0,mid
IREpAF,7949,m,0,NaN,233.375233690735,254,87.5,1,0,NaN,NaN,,
IREpAF,8009,m,0,NaN,253.165504539153,295,61.7042115572968,0,0,NaN,NaN,,
IREpAF,8016,m,1,217,198.772831759736,207,87.1369294605809,15,15,5.7373046875,1.0404,5.5-6.0,mid
IREpAF,8017,m,1,231,189.565971519267,218,66.3157894736842,23,23,5.126953125,1.0323,5.0-5.5,mid
IREpAF,8034,m,0,NaN,192.31169492966,230,78.0669144981413,23,1,NaN,NaN,,low
IREpAF,8134,m,0,NaN,247.63412462554,300,75.9951749095295,2,0,NaN,NaN,,
IREpAF,8262,m,1,192,184.021362444611,184,71.2669683257919,17,17,6.591796875,1.3113,6.5-7.3,high
IREpAF,8362,m,1,214,195.308265184831,206,64.9484536082474,16,16,5.859375,1.1133,5.5-6.0,mid
IREpAF,8431,m,0,NaN,229.934309109085,229,73.2558139534884,0,0,NaN,NaN,,
IREpAF,8539,m,0,NaN,191.130179980908,217,59.9429115128449,27,0,NaN,NaN,,
IREpAF,8555,m,0,NaN,228.916934176232,236,86.6574965612105,1,0,NaN,NaN,,
IREpAF,8670,m,1,204,176.779857892361,184,73.1707317073171,34,34,6.34765625,1.1979,6.0-6.5,mid
IREpAF,8691,m,0,NaN,253.511015293465,271,82.6771653543307,0,0,NaN,NaN,,
IREpAF,8703,m,1,207,167.174078646596,187,70.4697986577181,34,34,5.9814453125,1.125,5.5-6.0,mid
IREpAF,8735,m,0,NaN,233.11343261649,246,60.6936416184971,16,1,NaN,NaN,,low
IREpAF,8754,m,1,215,178.464530252197,199,60,30,30,5.7373046875,1.0152,5.5-6.0,mid
IREpAF,8808,m,0,NaN,208.60117595207,250,73.943661971831,14,0,NaN,NaN,,
IREpAF,8917,m,0,NaN,240.673881706032,260,70.9459459459459,1,0,NaN,NaN,,
IREpAF,8942,m,0,NaN,244.047314433388,283,64.8148148148148,0,0,NaN,NaN,,
IREpAF,8987,m,0,NaN,220.12713620672,220,85.2503382949932,2,1,NaN,NaN,,
IREpAF,8997,m,0,NaN,224.663742990626,232,82.8947368421052,4,0,NaN,NaN,,
IREpAF,9089,m,1,203,190.511491155012,193,71.0259301014656,17,17,5.859375,1.1709,5.5-6.0,mid
IREpAF,9167,m,1,220,209.716266108815,219,79.4451450189155,4,4,5.7373046875,1.2312,5.5-6.0,mid
IREpAF,9213,m,1,216,197.083205576819,201,80.7692307692308,18,8,6.2255859375,1.3572,6.0-6.5,mid
IREpAF,9264,m,1,203,193.326696003009,197,82.8947368421052,11,11,6.34765625,1.0836,6.0-6.5,mid
IREpAF,9360,m,0,NaN,236.23615488231,245,80.3571428571429,4,0,NaN,NaN,,
IREpAF,9385,m,1,230,206.42830563771,218,74.0305522914219,24,11,5.0048828125,1.2069,5.0-5.5,mid
IREpAF,9393,m,1,206,176.060460035027,193,80.2547770700637,20,20,5.615234375,1.1025,5.5-6.0,mid
IREpAF,9411,m,1,208,195.617202707261,197,70.2341137123746,20,20,5.9814453125,1.0719,5.5-6.0,mid
IREpAF,9491,m,1,211,207.258413290285,208,65.8995815899581,8,8,5.859375,1.2384,5.5-6.0,mid
IREpAF,9504,m,0,NaN,225.001433420795,235,62.624254473161,16,2,NaN,NaN,,mid
IREpAF,9695,m,1,196,172.627665654843,175,70,35,35,6.4697265625,0.9711,6.0-6.5,mid
IREpAF,9739,m,1,191,172.322510144193,174,68.1818181818182,30,30,6.9580078125,0.8991,6.5-7.3,high
IREpAF,9785,m,1,231,198.726973825971,223,64.3513789581205,17,17,4.8828125,1.1187,4.5-5.0,mid
IREpAF,9807,m,1,223,184.803376835647,207,64.7482014388489,28,28,5.126953125,1.1196,5.0-5.5,mid
IREpAF,9836,m,1,214,174.724009774996,196,82.7858081471747,30,30,5.859375,1.098,5.5-6.0,mid
IREpAF,9984,m,0,NaN,201.514188818619,217,86.5384615384615,13,1,NaN,NaN,,mid
IREpAF,2,f,1,201,190.44060884256,190,75.7211538461538,12,12,6.8359375,1.1502,6.5-7.3,high
IREpAF,122,f,1,206,195.855673700877,188,81.6062176165803,17,17,7.2021484375,1.206,6.5-7.3,high
IREpAF,181,f,1,198,187.885901443478,182,84.6774193548387,15,15,7.080078125,1.341,6.5-7.3,high
IREpAF,197,f,1,191,169.705321734698,173,74.1176470588236,18,18,7.2021484375,1.188,6.5-7.3,high
IREpAF,261,f,1,182,175.822907914633,170,84.2245989304812,12,12,7.2021484375,1.3239,6.5-7.3,high
IREpAF,339,f,1,203,194.563442218321,195,82.7858081471747,10,10,6.9580078125,1.1097,6.5-7.3,high
IREpAF,360,f,1,211,202.59769255155,197,73.2558139534883,14,14,6.591796875,1.2717,6.5-7.3,high
IREpAF,371,f,1,203,208.195142388176,202,82.6771653543307,2,2,6.4697265625,1.1268,6.0-6.5,mid
IREpAF,507,f,1,208,190.70864439867,190,83.7765957446808,17,17,6.9580078125,1.0656,6.5-7.3,high
IREpAF,648,f,1,217,207.872500062251,204,76.3636363636363,14,14,6.7138671875,1.1655,6.5-7.3,high
IREpAF,762,f,1,204,177.963386101888,177,78.2608695652174,25,25,7.080078125,1.0314,6.5-7.3,high
IREpAF,1116,f,1,202,169.373060784063,173,77.3955773955774,28,28,6.9580078125,0.9846,6.5-7.3,high
IREpAF,1157,f,1,202,186.652470753193,181,80.3571428571428,20,20,6.8359375,1.2168,6.5-7.3,high
IREpAF,1170,f,1,211,191.127381500206,196,77.6818742293465,15,15,5.9814453125,1.413,5.5-6.0,mid
IREpAF,1208,f,0,NaN,223.767827577445,226,75.4491017964072,12,1,NaN,NaN,,mid
IREpAF,1217,f,1,192,172.131715839831,174,75.3588516746411,18,18,6.8359375,1.035,6.5-7.3,high
IREpAF,1373,f,1,214,206.144610639472,200,79.145728643216,12,12,6.2255859375,1.2105,6.0-6.5,mid
IREpAF,1426,f,1,217,192.943014805904,194,75.4491017964072,21,21,6.34765625,1.3707,6.0-6.5,mid
IREpAF,1464,f,1,185,166.130587676373,174,86.0655737704918,11,11,6.591796875,0.9783,6.5-7.3,high
IREpAF,1505,f,0,NaN,213.612397842786,209,86.4197530864198,7,0,NaN,NaN,,
IREpAF,1555,f,1,207,184.688197003437,185,81.924577373212,20,20,6.7138671875,1.1925,6.5-7.3,high
IREpAF,1582,f,1,199,199.932941670115,191,75.6302521008403,9,9,7.080078125,1.0827,6.5-7.3,high
IREpAF,1658,f,0,NaN,211.331011749797,207,82.6771653543307,1,1,NaN,NaN,,mid
IREpAF,1663,f,1,207,216.556293743553,205,80.7692307692308,5,5,7.2021484375,1.0701,6.5-7.3,high
IREpAF,1847,f,1,203,196.402403280299,192,77.7777777777778,11,11,6.7138671875,1.089,6.5-7.3,high
IREpAF,1913,f,1,205,177.897931014268,178,77.7777777777778,25,25,7.080078125,1.1223,6.5-7.3,high
IREpAF,2250,f,1,207,166.827620161137,176,77.8739184177997,29,29,6.9580078125,1.1718,6.5-7.3,high
IREpAF,2379,f,1,197,171.436946168957,173,80.2547770700637,22,22,6.8359375,1.3851,6.5-7.3,high
IREpAF,2417,f,1,213,190.934202388409,193,73.6842105263158,19,19,6.34765625,1.2663,6.0-6.5,mid
IREpAF,2496,f,1,225,208.50237020613,208,74.1176470588235,16,16,6.4697265625,1.1772,6.0-6.5,mid
IREpAF,2677,f,1,200,171.238696318527,175,83.7765957446808,23,22,6.34765625,1.125,6.0-6.5,mid
IREpAF,2818,f,1,219,214.149481604538,213,82.3529411764706,6,6,6.4697265625,1.2357,6.0-6.5,mid
IREpAF,2890,f,1,205,181.751984387993,176,77.0171149144254,27,27,6.7138671875,1.2474,6.5-7.3,high
IREpAF,2906,f,1,204,196.409095458468,194,80.4597701149425,11,11,6.591796875,1.2114,6.5-7.3,high
IREpAF,2967,f,1,255,244.74471778905,249,76.271186440678,4,3,5.4931640625,1.3761,5.0-5.5,mid
IREpAF,2984,f,1,201,196.788404236984,196,87.5,5,5,5.9814453125,1.1979,5.5-6.0,mid
IREpAF,3032,f,1,195,183.060273165123,183,79.2452830188679,13,13,7.080078125,1.0917,6.5-7.3,high
IREpAF,3062,f,1,199,173.170965829609,174,73.3410942956927,24,24,6.9580078125,1.0962,6.5-7.3,high
IREpAF,3255,f,1,208,191.665039759035,189,73.4265734265734,19,19,7.080078125,1.0701,6.5-7.3,high
IREpAF,3269,f,1,203,195.175092244652,190,79.746835443038,13,13,6.7138671875,1.1646,6.5-7.3,high
IREpAF,3375,f,0,NaN,249.116759170385,246,87.2576177285318,4,0,NaN,NaN,,
IREpAF,3385,f,0,NaN,196.137267514045,201,87.1369294605809,16,10,NaN,NaN,,mid
IREpAF,3410,f,1,222,225.142144815072,213,84.9056603773585,9,5,6.2255859375,1.242,6.0-6.5,mid
IREpAF,3514,f,1,214,174.444785284642,181,80.4597701149425,31,31,6.34765625,1.1583,6.0-6.5,mid
IREpAF,3607,f,1,203,188.088814463074,184,84.3373493975904,18,18,6.4697265625,1.3725,6.0-6.5,mid
IREpAF,3621,f,1,209,208.11091015429,203,76.271186440678,7,7,6.7138671875,1.1754,6.5-7.3,high
IREpAF,3632,f,1,212,221.695315311372,211,79.8479087452471,2,2,6.103515625,1.3914,6.0-6.5,mid
IREpAF,3709,f,1,219,217.939808662661,211,77.4907749077491,9,7,6.34765625,1.0629,6.0-6.5,mid
IREpAF,3800,f,0,NaN,248.05530962487,236,79.5454545454545,0,0,NaN,NaN,,
IREpAF,3948,f,1,206,187.929170738753,191,78.0669144981412,15,15,6.4697265625,1.2699,6.0-6.5,mid
IREpAF,4055,f,1,225,228.093080919461,217,73.512252042007,8,6,5.9814453125,1.2132,5.5-6.0,mid
IREpAF,4097,f,1,187,172.171500352124,175,75.0893921334922,13,13,7.080078125,0.9423,6.5-7.3,high
IREpAF,4157,f,1,196,183.821824588878,182,84.1121495327103,13,13,7.080078125,1.1052,6.5-7.3,high
IREpAF,4162,f,1,208,188.909681474142,184,86.8965517241379,21,21,6.103515625,1.3491,6.0-6.5,mid
IREpAF,4284,f,1,210,170.137513981521,175,76.5492102065613,33,33,6.9580078125,1.098,6.5-7.3,high
IREpAF,4314,f,1,220,193.349596802916,198,79.8479087452472,19,19,6.591796875,1.2681,6.5-7.3,high
IREpAF,4444,f,1,191,187.821401927526,189,77.3955773955774,4,4,6.8359375,1.1385,6.5-7.3,high
IREpAF,4449,f,1,225,205.131216511247,211,76.7356881851401,14,14,5.9814453125,1.206,5.5-6.0,mid
IREpAF,4547,f,0,NaN,227.871627715518,219,86.4197530864198,1,1,NaN,NaN,,mid
IREpAF,4608,f,1,192,176.602239600979,181,79.8479087452471,11,11,6.34765625,1.1493,6.0-6.5,mid
IREpAF,4899,f,1,195,167.011692652683,165,82.3529411764706,27,27,7.080078125,1.2852,6.5-7.3,high
IREpAF,5067,f,1,189,171.294344485803,173,76.7356881851401,17,17,7.2021484375,1.1718,6.5-7.3,high
IREpAF,5074,f,1,193,165.765983457437,173,78.0669144981412,19,19,6.9580078125,1.0692,6.5-7.3,high
IREpAF,5103,f,1,212,194.277322993206,198,82.5688073394495,13,13,6.103515625,1.2501,6.0-6.5,mid
IREpAF,5552,f,1,205,186.761785960101,191,83.5543766578249,13,13,6.4697265625,1.2798,6.0-6.5,mid
IREpAF,5860,f,1,189,172.678130392727,175,76.7356881851401,14,14,7.080078125,1.1601,6.5-7.3,high
IREpAF,5947,f,1,203,183.132171426041,187,78.4557907845579,16,16,6.591796875,1.2519,6.5-7.3,high
IREpAF,6006,f,0,NaN,180.974576422741,183,84.7913862718708,0,0,NaN,NaN,,
IREpAF,6010,f,1,207,167.937400348637,174,80.9768637532134,31,31,6.9580078125,1.3338,6.5-7.3,high
IREpAF,6048,f,1,203,192.051165023287,190,84.4504021447721,13,13,6.8359375,1.1583,6.5-7.3,high
IREpAF,6140,f,1,196,177.899323138081,174,84.5637583892617,21,21,7.2021484375,1.1772,6.5-7.3,high
IREpAF,6235,f,0,NaN,241.07759039972,236,86.5384615384615,0,0,NaN,NaN,,
IREpAF,6646,f,1,199,185.315032799997,188,80.7692307692307,12,8,6.591796875,1.4553,6.5-7.3,high
IREpAF,6666,f,0,NaN,226.949309689735,216,84.3373493975904,1,1,NaN,NaN,,mid
IREpAF,6900,f,1,211,192.067832874709,193,83.00395256917,17,16,5.9814453125,1.3626,5.5-6.0,mid
IREpAF,6914,f,1,218,203.010426864843,208,76.5492102065613,11,11,6.103515625,1.296,6.0-6.5,mid
IREpAF,7144,f,1,190,170.826486037768,169,82.8947368421052,20,20,7.2021484375,1.2321,6.5-7.3,high
IREpAF,7192,f,1,212,202.056207637768,195,80.8729139922978,16,16,5.9814453125,1.3446,5.5-6.0,mid
IREpAF,7366,f,1,210,200.467804341846,194,80.8729139922978,15,15,6.2255859375,1.3716,6.0-6.5,mid
IREpAF,7431,f,1,202,202.1094505156,200,85.2503382949932,4,4,7.2021484375,1.2177,6.5-7.3,high
IREpAF,7438,f,1,227,214.353959976143,217,78.5536159600998,8,8,5.4931640625,1.3347,5.0-5.5,mid
IREpAF,7466,f,1,208,178.686984186112,179,72.7482678983833,27,27,6.8359375,1.1061,6.5-7.3,high
IREpAF,7476,f,1,213,191.228228731212,197,76.271186440678,14,14,6.2255859375,1.197,6.0-6.5,mid
IREpAF,7489,f,1,198,190.024623937876,193,80.9768637532134,7,7,7.080078125,1.125,6.5-7.3,high
IREpAF,7745,f,1,216,213.510854028282,208,82.5688073394495,7,5,5.9814453125,1.3329,5.5-6.0,mid
IREpAF,7756,f,0,NaN,232.616054869744,231,76.0869565217391,10,1,NaN,NaN,,
IREpAF,7812,f,1,215,195.245355974148,199,79.9492385786802,15,15,5.859375,1.2888,5.5-6.0,mid
IREpAF,7841,f,1,215,213.679933511557,213,86.4197530864198,2,2,5.859375,1.2753,5.5-6.0,mid
IREpAF,7890,f,1,210,181.991146580251,180,74.910820451843,28,28,6.7138671875,0.999,6.5-7.3,high
IREpAF,7912,f,1,194,192.587902212566,182,78.1637717121588,13,13,7.2021484375,1.0161,6.5-7.3,high
IREpAF,7935,f,0,NaN,239.098664317644,236,76.9230769230769,7,0,NaN,NaN,,
IREpAF,8038,f,1,190,165.756473373491,169,80.1526717557252,20,20,7.2021484375,1.1133,6.5-7.3,high
IREpAF,8204,f,1,201,186.974091507422,184,84.4504021447721,16,16,6.7138671875,1.2312,6.5-7.3,high
IREpAF,8214,f,1,200,173.713095261242,176,73.6842105263158,22,22,6.7138671875,1.2186,6.5-7.3,high
IREpAF,8338,f,1,201,200.424262392386,189,76.4563106796116,12,12,6.8359375,0.9324,6.5-7.3,high
IREpAF,8508,f,1,186,169.380980317794,171,74.3801652892562,15,15,7.2021484375,0.9594,6.5-7.3,high
IREpAF,8533,f,0,NaN,213.950454058802,209,86.6574965612105,8,1,NaN,NaN,,mid
IREpAF,8567,f,1,213,204.657181752249,205,86.1833105335157,7,4,5.9814453125,1.1691,5.5-6.0,mid
IREpAF,8688,f,1,199,172.51043321388,175,77.3006134969325,23,23,6.7138671875,1.3653,6.5-7.3,high
IREpAF,8792,f,1,215,175.322386398257,182,76.9230769230769,30,29,5.9814453125,1.2303,5.5-6.0,mid
IREpAF,8864,f,0,NaN,225.752952011899,209,78.5536159600997,0,0,NaN,NaN,,
IREpAF,8947,f,0,NaN,219.737563271374,211,78.4557907845579,1,1,NaN,NaN,,mid
IREpAF,9284,f,0,NaN,191.577483096524,195,78.0669144981412,0,0,NaN,NaN,,
IREpAF,9400,f,0,NaN,206.55096578713,201,77.490774907749,0,0,NaN,NaN,,
IREpAF,9415,f,1,205,179.487940190003,180,79.8479087452472,23,23,7.080078125,1.1268,6.5-7.3,high
IREpAF,9522,f,1,205,177.654635149564,176,77.1113831089351,27,27,6.7138671875,1.2708,6.5-7.3,high
IREpAF,9565,f,1,209,194.201671446055,194,77.9702970297029,15,15,6.591796875,1.2114,6.5-7.3,high
IREpAF,9567,f,1,200,178.318315451739,177,78.75,22,22,6.7138671875,1.3149,6.5-7.3,high
IREpAF,9615,f,1,200,169.54895227417,171,78.5536159600998,27,27,6.7138671875,1.2249,6.5-7.3,high
IREpAF,9902,f,0,NaN,226.989912291312,232,86.1833105335157,0,0,NaN,NaN,,
IREpAF,120,f,0,NaN,229.879955204407,232,80.5626598465473,2,0,NaN,NaN,,
IREpAF,153,f,1,230,220.006528669619,221,77.6818742293465,8,4,5.859375,1.2555,5.5-6.0,mid
IREpAF,438,f,0,NaN,236.690474960909,245,73.943661971831,0,0,NaN,NaN,,
IREpAF,465,f,0,NaN,197.790000826921,210,86.8965517241379,18,0,NaN,NaN,,
IREpAF,493,f,1,225,191.973594076917,200,65.9685863874346,24,24,5.7373046875,1.3275,5.5-6.0,mid
IREpAF,617,f,0,NaN,236.812825857363,269,72.0823798627002,4,0,NaN,NaN,,
IREpAF,635,f,1,248,215.251017571914,225,59.4900849858357,22,2,5.126953125,1.2123,5.0-5.5,mid
IREpAF,714,f,1,221,189.64192711591,203,67.9611650485437,18,18,5.7373046875,1.3086,5.5-6.0,mid
IREpAF,740,f,0,NaN,226.262143150714,229,86.4197530864198,0,0,NaN,NaN,,
IREpAF,788,f,1,197,171.786422803911,178,70.0778642936596,19,19,6.7138671875,1.2222,6.5-7.3,high
IREpAF,938,f,0,NaN,247.623284706933,248,85.4816824966079,0,0,NaN,NaN,,
IREpAF,955,f,1,216,191.452868318651,193,70.8661417322834,22,22,6.7138671875,1.0332,6.5-7.3,high
IREpAF,969,f,1,243,199.730114117381,225,77.3006134969325,16,16,5.126953125,1.2024,5.0-5.5,mid
IREpAF,979,f,0,NaN,245.072105943502,254,79.2452830188679,0,0,NaN,NaN,,
IREpAF,1078,f,0,NaN,215.544428555862,220,72.4971231300345,0,0,NaN,NaN,,
IREpAF,1080,f,0,NaN,215.125135738315,223,79.5454545454545,14,0,NaN,NaN,,
IREpAF,1132,f,1,203,176.40367702987,184,68.1818181818182,20,20,6.4697265625,1.1214,6.0-6.5,mid
IREpAF,1133,f,0,NaN,254.947957532102,254,70.6278026905829,9,0,NaN,NaN,,
IREpAF,1152,f,0,NaN,197.767595548779,210,76.1789600967352,24,1,NaN,NaN,,mid
IREpAF,1175,f,0,NaN,225.293605297767,277,58.1180811808118,21,0,NaN,NaN,,
IREpAF,1202,f,0,NaN,198.649078983552,221,63,40,0,NaN,NaN,,
IREpAF,1291,f,0,NaN,204.031867086298,226,74.1176470588235,32,0,NaN,NaN,,
IREpAF,1403,f,1,228,201.855691147422,209,60.8108108108108,19,9,5.7373046875,1.3356,5.5-6.0,mid
IREpAF,1444,f,0,NaN,218.237674873511,255,85.7142857142857,24,0,NaN,NaN,,
IREpAF,1485,f,0,NaN,183.202844874759,245,70.8661417322835,35,0,NaN,NaN,,
IREpAF,1522,f,1,232,205.930571702702,204,58.1717451523546,28,28,5.859375,1.0161,5.5-6.0,mid
IREpAF,1590,f,1,227,184.471846927358,193,72.4971231300345,32,32,5.859375,1.2141,5.5-6.0,mid
IREpAF,1603,f,1,233,202.538633662451,210,70,20,20,5.37109375,1.2141,5.0-5.5,mid
IREpAF,1608,f,1,201,169.60134247534,186,75.3588516746411,34,13,5.859375,1.3284,5.5-6.0,mid
IREpAF,1752,f,1,234,205.687144840522,220,80.7692307692308,12,2,5.4931640625,1.2501,5.0-5.5,mid
IREpAF,1841,f,0,NaN,192.234358742811,227,68.6274509803922,36,0,NaN,NaN,,
IREpAF,1858,f,1,202,174.552694630576,177,84.6774193548387,23,23,6.9580078125,0.9909,6.5-7.3,high
IREpAF,1972,f,0,NaN,219.169238494156,264,64.0243902439024,24,0,NaN,NaN,,
IREpAF,2026,f,1,222,204.360136891613,208,72.5806451612903,13,7,5.9814453125,1.2852,5.5-6.0,mid
IREpAF,2066,f,1,204,186.110942876447,186,66.1764705882353,19,19,6.7138671875,1.0611,6.5-7.3,high
IREpAF,2109,f,1,228,182.099985177927,193,68.4039087947883,29,29,5.37109375,1.0638,5.0-5.5,mid
IREpAF,2156,f,1,230,230.458273137716,227,68.0345572354211,3,3,5.4931640625,1.3437,5.0-5.5,mid
IREpAF,2195,f,0,NaN,234.60047986509,271,66.7372881355932,1,0,NaN,NaN,,
IREpAF,2347,f,0,NaN,200.26005804028,207,86.0655737704918,26,1,NaN,NaN,,mid
IREpAF,2382,f,0,NaN,197.800409265605,215,72.9166666666666,11,1,NaN,NaN,,mid
IREpAF,2384,f,0,NaN,241.25958512909,238,79.9492385786802,0,0,NaN,NaN,,
IREpAF,2430,f,0,NaN,221.159340437043,252,68.7022900763359,22,0,NaN,NaN,,
IREpAF,2466,f,1,207,193.590369470483,204,85.8310626702997,4,4,6.103515625,1.2051,6.0-6.5,mid
IREpAF,2488,f,1,219,171.786054390985,184,70.6278026905829,32,32,5.7373046875,1.1502,5.5-6.0,mid
IREpAF,2503,f,1,216,208.272832011578,213,67.5965665236051,5,5,5.9814453125,1.0656,5.5-6.0,mid
IREpAF,2533,f,1,224,188.878282718673,196,65.2173913043478,27,27,6.103515625,1.3626,6.0-6.5,mid
IREpAF,2555,f,0,NaN,200.66153741187,229,75,9,0,NaN,NaN,,
IREpAF,2568,f,1,245,236.056914388551,233,69.7674418604651,10,2,5.126953125,1.224,5.0-5.5,mid
IREpAF,2581,f,1,236,205.921042649046,226,67.0212765957447,9,3,5.126953125,1.1682,5.0-5.5,mid
IREpAF,2674,f,1,220,208.118703418913,212,81.6062176165803,8,8,5.7373046875,1.2897,5.5-6.0,mid
IREpAF,2721,f,1,243,205.070890513176,221,76.1789600967352,19,17,5.126953125,1.2483,5.0-5.5,mid
IREpAF,2804,f,0,NaN,197.827021198362,229,83.223249669749,26,1,NaN,NaN,,low
IREpAF,2820,f,1,200,168.001020728218,172,66.1070304302204,27,27,7.2021484375,0.9252,6.5-7.3,high
IREpAF,2860,f,1,230,195.482556861927,205,70.3125,23,23,5.7373046875,1.2852,5.5-6.0,mid
IREpAF,2869,f,0,NaN,212.006428672888,221,87.6216968011127,20,0,NaN,NaN,,
IREpAF,2966,f,1,235,205.25377289961,213,76.8292682926829,20,20,5.4931640625,1.2609,5.0-5.5,mid
IREpAF,3001,f,1,217,201.712533388396,203,64.8148148148148,15,15,6.4697265625,0.8973,6.0-6.5,mid
IREpAF,3023,f,1,237,199.859829581663,214,69.1547749725576,21,21,5.615234375,1.1412,5.5-6.0,mid
IREpAF,3198,f,1,235,223.486904896759,227,69.4597574421169,8,6,5.7373046875,1.2276,5.5-6.0,mid
IREpAF,3278,f,0,NaN,245.323920209245,252,85.7142857142857,1,0,NaN,NaN,,
IREpAF,3285,f,1,207,170.077026897299,174,72.4137931034483,31,31,7.2021484375,1.2105,6.5-7.3,high
IREpAF,3294,f,1,227,184.281474552794,201,68.1081081081081,24,24,5.4931640625,1.269,5.0-5.5,mid
IREpAF,3371,f,0,NaN,226.452752920595,259,82.5688073394495,12,0,NaN,NaN,,
IREpAF,3442,f,1,212,169.035436345795,179,81.0810810810811,30,28,6.2255859375,1.5201,6.0-6.5,mid
IREpAF,3521,f,1,229,195.998654701747,213,80.5626598465473,28,3,5.0048828125,1.3797,5.0-5.5,mid
IREpAF,3558,f,0,NaN,171.741073844307,200,84.7913862718708,30,3,NaN,NaN,,mid
IREpAF,3587,f,0,NaN,201.288005312665,234,78.5536159600997,18,0,NaN,NaN,,
IREpAF,3651,f,1,207,183.625448954983,193,71.7539863325741,14,14,6.103515625,1.1916,6.0-6.5,mid
IREpAF,3718,f,0,NaN,220.092389356454,237,80.8729139922978,1,0,NaN,NaN,,
IREpAF,3802,f,1,229,192.787534162206,207,80.7692307692308,20,16,5.37109375,1.3068,5.0-5.5,mid
IREpAF,3810,f,0,NaN,214.394435092974,232,66.8080593849417,19,1,NaN,NaN,,low
IREpAF,3821,f,0,NaN,243.787456347636,244,70,13,0,NaN,NaN,,
IREpAF,3843,f,1,222,213.775630912387,215,80.8729139922978,7,5,5.9814453125,1.2411,5.5-6.0,mid
IREpAF,3855,f,1,221,198.222651944161,203,84.2245989304813,16,16,5.9814453125,1.0953,5.5-6.0,mid
IREpAF,3984,f,0,NaN,220.079762775895,225,77.490774907749,21,0,NaN,NaN,,
IREpAF,4093,f,1,201,174.228772832845,185,81.1855670103093,16,16,6.4697265625,1.2717,6.0-6.5,mid
IREpAF,4131,f,1,217,178.610876465747,190,61.4634146341463,27,27,5.9814453125,1.1223,5.5-6.0,mid
IREpAF,4185,f,0,NaN,238.481454098554,254,71.2669683257919,2,0,NaN,NaN,,
IREpAF,4290,f,0,NaN,226.546021031689,229,81.6062176165803,8,0,NaN,NaN,,
IREpAF,4358,f,1,212,180.127620566789,191,70.3125,20,20,6.103515625,1.0791,6.0-6.5,mid
IREpAF,4469,f,0,NaN,229.500040513376,281,62.1301775147929,24,0,NaN,NaN,,
IREpAF,4583,f,0,NaN,238.458277822603,250,88.1118881118881,0,0,NaN,NaN,,
IREpAF,4676,f,1,209,169.625568806543,171,66.0377358490566,37,37,7.2021484375,0.9315,6.5-7.3,high
IREpAF,4773,f,1,229,187.101919368179,196,63.12625250501,31,31,5.7373046875,1.1466,5.5-6.0,mid
IREpAF,4841,f,1,209,174.463175143661,186,70.3125,22,22,6.2255859375,1.1169,6.0-6.5,mid
IREpAF,4898,f,0,NaN,242.163042873311,258,81.7120622568093,0,0,NaN,NaN,,
IREpAF,4955,f,0,NaN,216.411102621452,240,84.6774193548387,8,0,NaN,NaN,,
IREpAF,4978,f,0,NaN,237.207694832636,293,64.1547861507128,0,0,NaN,NaN,,
IREpAF,5147,f,1,230,187.333140544215,210,77.8739184177998,18,16,5.126953125,1.2087,5.0-5.5,mid
IREpAF,5242,f,1,231,229.592635053661,228,79.8479087452472,2,2,5.4931640625,1.0674,5.0-5.5,mid
IREpAF,5263,f,1,232,200.515187462021,212,84.7913862718708,17,17,5.4931640625,1.1142,5.0-5.5,mid
IREpAF,5270,f,1,210,190.09607937804,193,64.4171779141104,18,18,6.34765625,1.0746,6.0-6.5,mid
IREpAF,5283,f,1,268,207.950060367359,250,78.9473684210526,19,13,4.39453125,0.9837,4.1-4.5,low
IREpAF,5382,f,1,219,184.230342763964,190,71.8358038768529,28,28,6.103515625,1.3158,6.0-6.5,mid
IREpAF,5495,f,1,220,170.009560247971,182,72.5806451612903,34,34,5.9814453125,1.341,5.5-6.0,mid
IREpAF,5597,f,0,NaN,249.410203822634,285,64.1547861507128,6,0,NaN,NaN,,
IREpAF,5598,f,1,218,170.460773319443,187,67.7419354838709,29,29,5.9814453125,1.1853,5.5-6.0,mid
IREpAF,5745,f,1,250,225.979302584361,236,64.5491803278688,13,3,5.126953125,1.2114,5.0-5.5,mid
IREpAF,5767,f,0,NaN,232.687877310884,297,58.8785046728972,21,0,NaN,NaN,,
IREpAF,5843,f,1,230,174.73868859675,192,70.9459459459459,34,34,5.7373046875,1.1691,5.5-6.0,mid
IREpAF,5874,f,1,236,228.905563783708,232,73.5981308411215,3,3,4.8828125,1.2699,4.5-5.0,low
IREpAF,5931,f,1,215,201.984415386076,204,84.4504021447721,10,10,6.2255859375,1.1682,6.0-6.5,mid
IREpAF,5995,f,1,245,187.138661556135,205,54.8302872062663,38,38,5.2490234375,1.2006,5.0-5.5,mid
IREpAF,6004,f,0,NaN,216.273486317412,240,86.0655737704918,1,0,NaN,NaN,,
IREpAF,6043,f,1,206,178.892346108645,182,72.8323699421965,23,23,6.7138671875,1.26,6.5-7.3,high
IREpAF,6301,f,1,211,187.789156650419,197,85.3658536585366,13,13,5.9814453125,1.2465,5.5-6.0,mid
IREpAF,6333,f,1,231,180.25348965195,199,69.6902654867257,30,30,5.7373046875,1.0449,5.5-6.0,mid
IREpAF,6448,f,0,NaN,213.019156824172,273,66.5961945031712,32,0,NaN,NaN,,
IREpAF,6468,f,1,254,216.583005105167,235,69.078947368421,17,15,4.7607421875,0.9999,4.5-5.0,low
IREpAF,6532,f,1,234,219.433461243541,219,66.8789808917197,14,14,5.4931640625,1.0611,5.0-5.5,mid
IREpAF,6538,f,0,NaN,196.987254839209,226,81.8181818181818,24,0,NaN,NaN,,
IREpAF,6572,f,1,233,211.402745138526,223,77.2058823529412,9,9,5.2490234375,1.2069,5.0-5.5,mid
IREpAF,6677,f,0,NaN,250.37611456724,259,79.0464240903388,3,0,NaN,NaN,,
IREpAF,6714,f,1,223,195.944614556123,203,84.6774193548387,17,17,6.34765625,1.197,6.0-6.5,mid
IREpAF,6719,f,0,NaN,190.304003414305,242,77.7777777777778,33,0,NaN,NaN,,
IREpAF,6733,f,0,NaN,232.257537523852,255,71.1864406779661,0,0,NaN,NaN,,
IREpAF,6864,f,1,252,192.899795537887,217,63.3802816901408,32,30,4.8828125,1.2258,4.5-5.0,low
IREpAF,6887,f,0,NaN,175.166759690306,221,67.0926517571885,38,0,NaN,NaN,,
IREpAF,6948,f,0,NaN,241.257420301066,252,83.554376657825,0,0,NaN,NaN,,
IREpAF,6951,f,0,NaN,202.973457871973,212,85.0202429149797,20,0,NaN,NaN,,
IREpAF,6959,f,1,229,167.851151056653,197,60.1719197707736,30,30,5.9814453125,0.7389,5.5-6.0,mid
IREpAF,6962,f,0,NaN,238.720580996334,240,84.3373493975904,8,0,NaN,NaN,,
IREpAF,7083,f,1,217,173.839379966928,184,80.8729139922978,29,29,6.103515625,1.1664,6.0-6.5,mid
IREpAF,7167,f,0,NaN,224.366568898404,266,56.7056705670567,15,0,NaN,NaN,,
IREpAF,7187,f,0,NaN,170.454179428183,197,73.2558139534883,30,0,NaN,NaN,,
IREpAF,7352,f,0,NaN,208.133925952294,226,82.6771653543307,17,0,NaN,NaN,,
IREpAF,7514,f,0,NaN,240.858676449374,239,73.7704918032787,4,0,NaN,NaN,,
IREpAF,7532,f,1,231,177.121472400162,192,60.0571973307912,38,38,5.9814453125,0.9837,5.5-6.0,mid
IREpAF,7547,f,0,NaN,241.376717335108,307,56.25,3,0,NaN,NaN,,
IREpAF,7616,f,0,NaN,239.825434669161,252,78.8485607008761,0,0,NaN,NaN,,
IREpAF,7729,f,1,253,185.322530997015,209,58.8235294117647,41,41,5.0048828125,1.1367,5.0-5.5,mid
IREpAF,7802,f,0,NaN,244.184130142632,254,63.894523326572,0,0,NaN,NaN,,
IREpAF,7835,f,0,NaN,240.653107093414,273,81.1855670103093,20,0,NaN,NaN,,
IREpAF,7861,f,1,207,170.911176217385,184,87.6216968011126,20,20,6.103515625,1.0791,6.0-6.5,mid
IREpAF,7931,f,1,225,192.844630208136,203,75.8122743682311,21,21,5.615234375,1.35,5.5-6.0,mid
IREpAF,7949,f,0,NaN,233.375233690735,254,87.5,1,0,NaN,NaN,,
IREpAF,8009,f,0,NaN,253.165504539153,295,61.7042115572968,0,0,NaN,NaN,,
IREpAF,8016,f,1,224,198.772831759736,207,87.1369294605809,15,15,5.7373046875,1.1178,5.5-6.0,mid
IREpAF,8017,f,1,242,189.565971519267,218,66.3157894736842,23,23,5.2490234375,1.1214,5.0-5.5,mid
IREpAF,8034,f,0,NaN,192.31169492966,230,78.0669144981413,23,1,NaN,NaN,,low
IREpAF,8134,f,0,NaN,247.63412462554,300,75.9951749095295,2,0,NaN,NaN,,
IREpAF,8262,f,1,200,184.021362444611,184,71.2669683257919,17,17,6.591796875,1.3365,6.5-7.3,high
IREpAF,8362,f,1,222,195.308265184831,206,64.9484536082474,16,16,5.859375,1.1862,5.5-6.0,mid
IREpAF,8431,f,0,NaN,229.934309109085,229,73.2558139534884,0,0,NaN,NaN,,
IREpAF,8539,f,0,NaN,191.130179980908,217,59.9429115128449,27,0,NaN,NaN,,
IREpAF,8555,f,0,NaN,228.916934176232,236,86.6574965612105,1,0,NaN,NaN,,
IREpAF,8670,f,1,221,176.779857892361,184,73.1707317073171,34,34,6.34765625,1.2663,6.0-6.5,mid
IREpAF,8691,f,0,NaN,253.511015293465,271,82.6771653543307,0,0,NaN,NaN,,
IREpAF,8703,f,1,224,167.174078646596,187,70.4697986577181,34,34,5.9814453125,1.2789,5.5-6.0,mid
IREpAF,8735,f,0,NaN,233.11343261649,246,60.6936416184971,16,1,NaN,NaN,,low
IREpAF,8754,f,1,230,178.464530252197,199,60,30,30,5.7373046875,1.0179,5.5-6.0,mid
IREpAF,8808,f,0,NaN,208.60117595207,250,73.943661971831,14,0,NaN,NaN,,
IREpAF,8917,f,0,NaN,240.673881706032,260,70.9459459459459,1,0,NaN,NaN,,
IREpAF,8942,f,0,NaN,244.047314433388,283,64.8148148148148,0,0,NaN,NaN,,
IREpAF,8987,f,0,NaN,220.12713620672,220,85.2503382949932,2,1,NaN,NaN,,
IREpAF,8997,f,0,NaN,224.663742990626,232,82.8947368421052,4,0,NaN,NaN,,
IREpAF,9089,f,1,211,190.511491155012,193,71.0259301014656,17,17,5.9814453125,1.2033,5.5-6.0,mid
IREpAF,9167,f,1,222,209.716266108815,219,79.4451450189155,4,4,5.7373046875,1.2609,5.5-6.0,mid
IREpAF,9213,f,1,220,197.083205576819,201,80.7692307692308,18,8,6.2255859375,1.4463,6.0-6.5,mid
IREpAF,9264,f,1,208,193.326696003009,197,82.8947368421052,11,11,6.34765625,1.1367,6.0-6.5,mid
IREpAF,9360,f,0,NaN,236.23615488231,245,80.3571428571429,4,0,NaN,NaN,,
IREpAF,9385,f,1,235,206.42830563771,218,74.0305522914219,24,11,5.0048828125,1.1925,5.0-5.5,mid
IREpAF,9393,f,1,216,176.060460035027,193,80.2547770700637,20,20,5.615234375,1.143,5.5-6.0,mid
IREpAF,9411,f,1,218,195.617202707261,197,70.2341137123746,20,20,6.103515625,1.1637,6.0-6.5,mid
IREpAF,9491,f,1,215,207.258413290285,208,65.8995815899581,8,8,5.859375,1.2645,5.5-6.0,mid
IREpAF,9504,f,1,252,225.001433420795,235,62.624254473161,16,2,5.0048828125,1.215,5.0-5.5,mid
IREpAF,9695,f,1,213,172.627665654843,175,70,35,35,6.4697265625,1.062,6.0-6.5,mid
IREpAF,9739,f,1,206,172.322510144193,174,68.1818181818182,30,30,6.9580078125,1.0494,6.5-7.3,high
IREpAF,9785,f,1,239,198.726973825971,223,64.3513789581205,17,17,5.0048828125,1.1169,5.0-5.5,mid
IREpAF,9807,f,1,237,184.803376835647,207,64.7482014388489,28,28,5.126953125,1.1754,5.0-5.5,mid
IREpAF,9836,f,1,229,174.724009774996,196,82.7858081471747,30,30,5.9814453125,1.2006,5.5-6.0,mid
IREpAF,9984,f,0,NaN,201.514188818619,217,86.5384615384615,13,1,NaN,NaN,,mid
