population,profile_id,source_batch,source_simulation_id,RMP_bcl1000,APA_bcl1000,PlatA_bcl1000,mx_dvdt_bcl1000,APD95_bcl1000,APD90_bcl1000,APD50_bcl1000,APD20_bcl1000,rep_failure_bcl1000,rep_EAD_bcl1000,rep_DAD_bcl1000,alternan_bcl1000,CaT_min_bcl1000,CaT_max_bcl1000,CaT_amp_bcl1000,CaD90_bcl1000,CaD50_bcl1000,tau_decay_bcl1000,SCaEs_bcl1000,RMP_bcl500,APA_bcl500,PlatA_bcl500,mx_dvdt_bcl500,APD95_bcl500,APD90_bcl500,APD50_bcl500,APD20_bcl500,rep_failure_bcl500,rep_EAD_bcl500,rep_DAD_bcl500,alternan_bcl500,CaT_min_bcl500,CaT_max_bcl500,CaT_amp_bcl500,CaD90_bcl500,CaD50_bcl500,tau_decay_bcl500,SCaEs_bcl500,passes_calibration
pAF,11,distributed_node_runs,1,-75.6977437980046,106.656794781387,51.8091994015438,235.677409670638,218.410284824997,167.914761979424,18.0978320254944,1.92324848785938,0,0,0,0,0.104683273443176,0.772385138871716,0.66770186542854,377.547829367213,100.068256212799,144.918677679162,0,-75.1596299197993,105.380340932324,51.9763048205945,228.768185523502,185.535084733834,146.86580981913,19.2499034335924,1.90117435060893,0,0,0,0,0.142393211723145,0.563421092836748,0.421027881113603,315.069000602081,105.377341289037,151.978483238271,0,1
pAF,19,distributed_node_runs,2,-77.633880386478,116.860457023455,56.9684505371351,310.712397732448,294.765687163745,232.869563272674,17.3534136211965,1.65040666255663,0,0,0,0,0.0933989804698478,0.702274534301034,0.608875553831186,364.09330898655,114.907958434829,151.113082905423,0,-75.8784455751451,114.990415468471,55.4268659113141,295.264090984262,256.71991025169,209.444579185703,15.9508039013308,1.61641874603811,0,0,0,0,0.121979814205563,0.515942591484798,0.393962777279235,320.358161566197,125.06482083899,160.594794544142,0,1
pAF,23,distributed_node_runs,3,-71.3005127565354,92.6746802234993,54.951691934889,160.47887287511,249.179572972767,177.351908240176,34.1911535804247,4.85102195682703,0,0,0,0,0.106985875334554,0.713592408894852,0.606606533560298,381.228655481696,101.873134516936,148.693999701202,0,-70.4592374863471,89.1442310923855,55.115926267386,144.399630213631,196.663760843647,147.986847848537,38.1411563074435,5.0839971975729,0,0,0,0,0.133674515369296,0.482422020762917,0.348747505393621,320.382509503688,109.332621608421,156.646629669667,0,1
pAF,37,distributed_node_runs,4,-77.5912777505559,126.091093163257,57.1900668742986,380.915708120178,238.623166004661,179.330224472258,13.4321449303316,1.92471198053681,0,0,0,0,0.095287120698141,0.601787044434035,0.506499923735894,391.653610694106,110.21108101432,156.311058978956,0,-76.5254076039128,125.427575964924,57.1155805415785,372.789471171458,198.986458625179,154.368348156164,13.1282522130496,1.89830823288867,0,0,0,0,0.120245936498548,0.425026412470145,0.304780475971597,324.428727194729,115.493828781953,167.753398779123,0,1
pAF,49,distributed_node_runs,5,-73.4403096514774,110.178336960224,59.7114545625984,261.473307463668,340.53950185392,244.853919152731,31.5262083793423,2.48583083053381,0,0,0,0,0.105412164399302,0.79926152633645,0.693849361937148,351.302088361721,102.167656432248,143.499284358503,0,-70.6640318699244,99.5874559898143,58.1890164441451,197.424931716951,281.071903002408,205.247962329166,44.365369984007,2.86913066186753,0,0,0,0,0.133742858420725,0.570210491339027,0.436467632918303,309.818534219605,112.79059853674,143.672875341158,0,1
pAF,73,distributed_node_runs,6,-79.1174594855822,120.613839384191,65.1569630853164,329.43169089939,220.815758198922,178.737184183236,31.3028000554259,2.51308514663833,0,0,0,0,0.0952881774690196,0.647253484973917,0.551965307504898,389.25235262428,112.46004748089,154.51293658263,0,-78.221777811323,119.992991665376,64.501010912589,324.964290916886,195.771935170666,162.883445931802,31.2572363582003,2.42915114772404,0,0,0,0,0.12979107980459,0.494138776516742,0.364347696712152,320.932648957274,116.726204837563,160.106472420842,0,1
pAF,85,distributed_node_runs,7,-78.465901527459,124.428630562285,62.3565425346768,368.507583904652,225.839443539997,168.690775783412,20.7270583717254,1.84185845844331,0,0,0,0,0.0986178360740617,0.727261662237286,0.628643826163224,368.91467847459,105.634179117653,143.633143712679,0,-77.1889337922789,123.68532230581,61.5998259449446,360.53436945361,195.762665649636,153.19782917522,19.9276122691335,1.78902571996878,0,0,0,0,0.135524200073976,0.561202772600822,0.425678572526846,312.695885281282,112.093924766952,148.218769762794,0,1
pAF,99,distributed_node_runs,8,-71.7465802542061,108.824590439718,51.1016148744521,252.033843739803,292.635923204441,209.190639863438,15.4585118819377,1.94691423136101,0,0,0,0,0.105165784066397,0.766043192006891,0.660877407940493,374.832746838663,100.829776842889,150.774309468277,0,-70.3035381019654,101.700728289367,50.2915611547637,209.374626905389,240.215092804712,176.447962733946,19.531545197493,2.09155876441946,0,0,0,0,0.139999767153875,0.55251090966301,0.412511142509135,316.145835684274,107.525669031169,155.101957350475,0,1
pAF,117,distributed_node_runs,9,-74.3942339243708,122.262761424469,62.5240971982143,347.457564000602,303.518231277172,214.879282947542,24.7226371990109,2.1787699628112,0,0,0,0,0.101028102053931,0.744665888243233,0.643637786189303,375.911344032007,112.296373420184,151.005536027924,0,-72.3180424400058,115.431307420756,60.0531582285508,295.999371157838,247.898528264177,182.518041485,28.8430239085865,2.25559078043079,0,0,0,0,0.137983526622604,0.568401730671331,0.430418204048727,316.593314571917,116.43573455455,149.3495670984,0,1
pAF,119,distributed_node_runs,10,-73.759019525929,120.590237568622,54.9511062325492,330.783929232192,326.348204934693,240.047028689616,13.6854124975289,2.0431909422623,0,0,0,0,0.104545811056692,0.683437393208711,0.578891582152018,399.169857956411,107.802781327046,166.950631054131,0,-72.3672548530178,114.90502583594,53.7263758799578,289.59231389563,266.929599278272,201.244748033598,15.2022680126756,2.14112484718498,0,0,0,0,0.136785172576383,0.496749685021291,0.359964512444908,325.927777167359,111.637590519382,168.652012935722,0,1
pAF,127,distributed_node_runs,11,-74.6603647996878,92.778140823405,45.5024932962086,162.75121120685,287.871014457451,225.16790045044,18.850709546532,2.41874543455924,0,0,0,0,0.108080387244561,0.741808191288583,0.633727804044022,375.392548080097,101.478555686699,153.532320588201,0,-73.5019998894439,90.7910096452627,45.5238848780548,152.919502474469,229.963370393591,184.790524183383,20.8377182490294,2.4280914838273,0,0,0,0,0.126783047233634,0.455560093765862,0.328777046532228,323.430588230673,112.829190738932,168.639956753939,0,1
pAF,137,distributed_node_runs,12,-79.2014377321185,109.967564584232,59.9168979003725,259.706486731265,253.195183975629,188.635144389154,33.4527079901527,2.06625848048134,0,0,0,0,0.0828659572871884,0.567830576394772,0.484964619107584,358.465828361754,113.238205415742,142.741967695146,0,-77.892072300852,109.211734117322,59.3976934777981,255.18561107554,210.260012469345,162.995820128013,34.7942385466449,1.9870590311948,0,0,0,0,0.105014718197093,0.422587083841665,0.317572365644572,312.462844708545,120.742578231973,151.045499535721,0,1
pAF,151,distributed_node_runs,13,-77.2769231968206,102.339822534709,56.1382860142813,208.895124795518,220.779114064178,168.4576654599,31.386506416442,2.47524394696666,0,0,0,0,0.0968595526833896,0.686443365040202,0.589583812356812,385.996170707942,104.723924038073,148.825168914654,0,-76.6625753186104,101.238777098086,55.8468028105563,203.851319737025,186.537397480119,148.008600956771,32.6210321394246,2.3962495837477,0,0,0,0,0.133212548065622,0.515088873186285,0.381876325120663,317.824940612478,108.787060436058,154.660936020388,0,1
pAF,184,distributed_node_runs,14,-74.8674841984243,115.442696929141,62.9770607582718,295.30479492036,305.987203609591,234.625842909714,32.631691777111,2.94849840922689,0,0,0,0,0.111557552969552,0.820824712745646,0.709267159776095,368.571155377926,105.597932258723,153.617972829056,0,-72.9232052542887,110.83304262964,62.1816088032322,261.714095823099,256.147634642708,202.525643526496,38.9250213870655,3.01290661220264,0,0,0,0,0.141673736789374,0.569735614244061,0.428061877454687,318.926283632107,116.881806118781,158.268537250319,0,1
pAF,205,distributed_node_runs,15,-77.19252071048,106.119658917743,55.3839032049106,232.080293898354,248.601631777194,182.913023072055,24.3356754669148,2.63084199748118,0,0,0,0,0.0918866362237209,0.588945570760608,0.497058934536887,392.586994308644,108.92126121177,153.06695439953,0,-76.1938797816592,105.006213476054,55.3024920506545,225.701719780208,197.199082240058,151.917631510518,25.2230192046736,2.57321909721941,0,0,0,0,0.116711598879905,0.41123994049724,0.294528341617334,324.44833920541,114.024065692513,166.409759216958,0,1
pAF,209,distributed_node_runs,16,-79.1422002955077,116.000819207404,62.327468945328,296.019773109557,209.804686792799,170.603070962199,33.1287423866233,2.02077445710893,0,0,0,0,0.0912042050152317,0.659097052031217,0.567892847015985,380.964349280242,112.278002695144,149.041397721925,0,-78.3477542750379,115.071353077642,61.2242457885764,290.881271692684,184.494288017991,153.487688084344,31.4532013861717,1.96049885920365,0,0,0,0,0.12861450564017,0.520078216219015,0.391463710578845,315.984754289108,114.716342926891,151.742523687802,0,1
pAF,212,distributed_node_runs,17,-77.7145639350832,117.931312220149,66.383247951486,310.578657891798,233.769981131591,181.36520834994,38.5107626974204,2.943283750923,0,0,0,0,0.0982581555320503,0.6768478967092,0.57858974117715,380.302527614644,111.546495567098,150.396586445683,0,-76.564148753082,116.957254949512,65.7420389503418,302.823423401765,199.575424428785,161.780925806714,39.5494231439516,2.81523616539562,0,0,0,0,0.131080339633216,0.506912229501491,0.375831889868275,319.279582166011,117.457436395503,155.434710253969,0,1
pAF,229,distributed_node_runs,18,-78.0894634700713,125.352041806405,62.7435615687222,379.306831183532,291.861146589094,221.266460574581,20.6902125262932,1.4976222954283,0,0,0,0,0.092908288022178,0.77770679598175,0.684798507959572,361.059344762056,123.739218031282,138.626335654746,0,-76.4162979234709,123.271670047637,60.1481161010362,360.475107326691,239.942002426837,183.032196624175,16.7947714729853,1.46946424557609,0,0,0,0,0.127730112591113,0.600956688245424,0.473226575654311,307.080482097943,118.144381046783,138.258067644601,0,1
pAF,232,distributed_node_runs,19,-79.1039598845094,108.614534438917,59.8645888762594,250.965877936724,239.011872451018,170.923202975224,33.5822857134845,2.12187262952648,0,0,0,0,0.080423602339104,0.53941957069869,0.458995968359586,355.972729494373,109.795353279944,139.856498143967,0,-77.8941107874612,107.811906669073,59.3910427999477,246.580676235521,197.247513889812,147.582578923124,35.7380515671393,2.03580603429873,0,0,0,0,0.102208456093563,0.406161515548625,0.303953059455062,309.778983212484,116.642230206668,149.166886293797,0,1
pAF,236,distributed_node_runs,20,-73.4671330011871,101.071241807643,42.486375878312,206.3041556996,268.514789239867,197.065376250532,10.9357417155261,1.91251660114358,0,0,0,0,0.104796228943634,0.702079638175859,0.597283409232225,380.906193483956,100.83797901158,148.316839691961,0,-72.3894832517462,98.2287109517709,42.3652931757567,190.292978604016,210.2185869024,157.236165435788,11.8931322207864,1.96101090896991,0,0,0,0,0.124661252866871,0.437209267326278,0.312548014459407,323.301186642348,110.09207931655,164.297034905877,0,1
pAF,241,distributed_node_runs,21,-78.028390550531,110.608244064915,58.7134782000581,265.558425725137,274.437789493306,213.792275961641,32.304534900999,1.9771884474103,0,0,0,0,0.0969705149108176,0.72726513268933,0.630294617778512,358.962242345115,111.851111878881,145.640416213154,0,-76.4457332863258,109.369693435061,57.6583522040928,256.651768853076,237.826938666014,193.806976031523,32.2531290320694,1.90678330052106,0,0,0,0,0.126125449375249,0.534055243834928,0.407929794459679,316.552955277522,123.15830325455,153.418493189893,0,1
pAF,250,distributed_node_runs,22,-76.4513417645542,116.300841243253,61.8401818093939,300.558596670022,319.130492816461,227.41721117877,27.9774157019274,2.38941100399825,0,0,0,0,0.0908954421282633,0.63181153914729,0.540916097019027,379.945914939439,110.866651383782,152.632372218537,0,-74.2560838462418,111.955073185888,60.1021528693659,269.950102360572,258.975191381433,188.937062609341,29.6293008963003,2.39206193793143,0,0,0,0,0.121740356125291,0.479180424137282,0.357440068011991,319.206957788876,115.859238212197,156.693561893173,0,1
pAF,258,distributed_node_runs,23,-76.0751568743395,116.962268117227,62.7405610724853,309.7382481124,329.769281086978,233.640431329652,32.2600384552643,2.2664967654855,0,0,0,0,0.0955750994648743,0.701300830792887,0.605725731328013,355.024932584936,108.006970915987,140.125646011561,0,-73.4131989817187,111.242987454636,60.9997220935906,267.642304953922,267.081309809582,190.794193517766,38.741297834742,2.31019211827152,0,0,0,0,0.121674877166779,0.513127498523681,0.391452621356902,310.932259988665,117.158440515694,142.759691739313,0,1
pAF,267,distributed_node_runs,24,-78.9586369731959,125.466676674095,56.4999263223949,378.11566547714,263.324338716528,190.599863206786,11.4716006475937,1.47677833055786,0,0,0,0,0.0811915725332478,0.540640368970041,0.459448796436793,381.871711015301,113.120943622365,154.166080796189,0,-77.5110442865269,124.40132144385,55.2657579784328,367.861559694557,210.706359152831,156.820333862957,9.94609961433889,1.45421594818617,0,0,0,0,0.106751582763459,0.404363218882198,0.297611636118738,319.741458287146,117.072990398607,162.763789467707,0,1
pAF,277,distributed_node_runs,25,-75.0071664132053,120.613803621808,57.0422314650854,341.175489719846,292.147424505609,210.44714933075,14.9711136424812,1.85574827836535,0,0,0,0,0.103618785735581,0.756354032756285,0.652735247020704,357.409552423283,102.69740869313,144.429922515108,0,-72.9581827836842,115.729486424094,56.4387663737095,302.397849428536,237.168863666066,175.469971419963,17.3335819499443,1.90522718898865,0,0,0,0,0.12973068236966,0.526532368410616,0.396801686040957,313.782016732894,114.581400363259,150.743330270674,0,1
pAF,280,distributed_node_runs,26,-75.157153281093,113.013726803797,60.2502047461365,275.566627141796,279.322574070909,205.845039386484,34.0034045430511,2.26289693323633,0,0,0,0,0.0992297152059716,0.715957816880379,0.616728101674407,380.421463829902,110.918837066863,152.640634667088,0,-73.6363539057629,109.258920688379,58.5011513345979,251.341137693376,228.212180603921,175.561607529566,35.0058045034129,2.27052490426649,0,0,0,0,0.135064964928273,0.538060177879919,0.402995212951646,319.051399328619,115.662140083386,154.331327057217,0,1
pAF,289,distributed_node_runs,27,-76.9417898371782,127.78352189379,59.0572480691526,393.311115116817,228.943457774119,169.210952478323,12.7605324475662,1.66211487539113,0,0,0,0,0.0968002619732395,0.668051794353175,0.571251532379935,384.603266430742,108.352270919044,150.821698786589,0,-75.9385504096483,126.083714768982,57.938006732472,379.805658759659,193.058355905818,148.252002135188,11.7793012143447,1.65584131741707,0,0,0,0,0.132292584230377,0.512566425302079,0.380273841071702,317.407162914773,111.92270277426,155.271361015235,0,1
pAF,299,distributed_node_runs,28,-72.4230766280786,100.934072820693,53.0173207875745,203.927869242618,326.823046353325,236.850602716797,26.8317440725878,2.14110261842143,0,0,0,0,0.103918129128414,0.796358088126075,0.692439958997661,367.71777252906,102.082322384675,151.538070074577,0,-70.4916833316739,92.5599894925186,51.2711488900067,161.092315912284,268.495025379416,201.00313468742,35.6878992544953,2.40427231918147,0,0,0,0,0.141902955582185,0.595039287963969,0.453136332381784,313.482289016185,108.693114164878,151.184792646007,0,1
pAF,309,distributed_node_runs,29,-79.7048713983843,107.955978254308,64.0251177111873,245.799512762862,225.845603547277,163.110013951991,42.6341358168502,2.73316402956698,0,0,0,0,0.0905710115416302,0.642210347370155,0.551639335828524,346.673291375628,106.25499862375,132.844290688452,0,-78.5018158660021,107.602512836973,64.3205057493976,244.134872769552,187.745587949881,144.979032971482,48.6997584913734,2.53080331835008,0,0,0,0,0.114353817512918,0.477454345689564,0.363100528176646,306.265206507054,115.589648590554,139.967940458064,0,1
pAF,312,distributed_node_runs,30,-80.9428003480044,123.112938831716,63.4645858960757,351.676594441927,225.688304750962,183.45784454274,26.8696412620848,1.5820366818225,0,0,0,0,0.0910867667811897,0.716368693459695,0.625281926678505,375.499770162023,117.601352710364,144.843216509008,0,-79.9925754678098,122.092595076314,61.7764215663319,346.242534706666,192.349338368429,158.311951483138,22.6947383718107,1.54227757842455,0,0,0,0,0.130851298264576,0.56996268744381,0.439111389179234,312.413054393568,116.745488323413,145.253770525165,0,1
pAF,333,distributed_node_runs,31,-75.679870390081,120.003990999601,56.9446469183226,330.123940641508,309.75945348094,229.589761944371,14.6027828266888,1.72608463832876,0,0,0,0,0.0884636505099792,0.616296756137884,0.527833105627905,381.481169780891,114.705030559031,156.335955048687,0,-73.8355898326816,115.456924625628,54.9273291236832,296.873929139013,253.585596711928,191.141115508744,14.7839986563849,1.76167780135074,0,0,0,0,0.117332384820811,0.458185336570424,0.340852951749614,321.758973087097,119.332733778432,161.530932481985,0,1
pAF,367,distributed_node_runs,33,-78.4619214245307,120.931738229669,68.8494694165565,338.812560559149,275.151427211116,204.801079408484,45.61087900251,2.44343080598628,0,0,0,0,0.0908217655750604,0.699538962619145,0.608717197044085,355.019982955804,115.154078403597,137.722641321239,0,-76.7047086012235,119.361498911383,67.3223774795004,325.481063826821,235.210905942586,179.55549445931,43.9965863681209,2.30910602472795,0,0,0,0,0.123193511446353,0.552781402975752,0.429587891529399,308.347318078973,119.291646782956,139.101234318904,0,1
pAF,377,distributed_node_runs,34,-76.8402008602867,125.666818650864,61.4579105133844,376.002235210971,211.20735500774,164.772360662566,17.7641521559199,1.88015051635739,0,0,0,0,0.107134246264376,0.789207562332425,0.68207331606805,371.39812361123,104.404190499634,145.053232654791,0,-75.8768167598181,124.485311941396,60.6426575700211,365.391508573644,187.897925408128,151.537380210812,16.9990900439734,1.85669800804317,0,0,0,0,0.147618260555752,0.606181501332418,0.458563240776666,313.070608258826,109.861816282395,148.822569729941,0,1
pAF,380,distributed_node_runs,35,-76.0380949194946,115.441326700055,59.0588247693014,298.176578285905,299.58222273556,221.2083409279,23.1141272724853,2.17137677844585,0,0,0,0,0.101736397688669,0.740556134457449,0.63881973676878,363.162522210441,104.581167680757,147.93156449165,0,-73.9942268672461,111.836763341267,58.4345840071898,270.911503333114,250.42734588245,189.970670183764,26.7608435567599,2.16731287586299,0,0,0,0,0.129505236021306,0.526464879907135,0.396959643885829,316.256938523125,115.162672306527,154.754949593622,0,1
pAF,383,distributed_node_runs,36,-71.3966251670644,108.56030580929,37.5103248596517,255.332715775653,251.120627726377,169.39802079332,6.25361867721222,1.68699606777227,0,0,0,0,0.104600330192601,0.663238261268127,0.558637931075526,386.420668259518,101.204264154643,146.563626773683,0,-70.4468884516987,104.60597645986,36.8461859967932,229.844247085827,180.941563881348,123.872210289406,6.70465577820505,1.74180270334182,0,0,0,0,0.12085322027927,0.402702992655762,0.281849772376492,324.77824844218,109.342361163595,164.95073273392,0,1
pAF,384,distributed_node_runs,37,-70.515292908513,91.9167356627727,48.6212649941931,157.407937190719,307.781587825921,227.301112218382,26.2512274968249,2.90829663139448,0,0,0,0,0.110753449710323,0.77415394761562,0.663400497905297,379.116546462494,100.106678107193,152.681257269584,0,-69.2247343385065,85.4131230209731,47.9565175217725,128.628717740653,251.334924032042,191.670589754303,33.5022504248991,3.25558701606133,0,0,0,0,0.138919988905913,0.513496878419367,0.374576889513454,320.96556530576,108.867265152723,161.795142092756,0,1
pAF,387,distributed_node_runs,38,-72.7160373745304,96.3853431008475,54.1745222081394,178.700762402357,284.083264879293,212.488870963127,33.7395734404636,3.08451635474921,0,0,0,0,0.112023947328492,0.841497277985665,0.729473330657173,369.747874926165,98.9173646126146,149.268457796818,0,-71.4590405373051,91.9839632224829,53.9036146326162,157.326695418977,232.791064025681,180.963615459143,40.021054636567,3.20934211233543,0,0,0,0,0.148254987234733,0.598290267502476,0.450035280267743,314.169470459507,106.736153667389,152.754559064528,0,1
pAF,464,distributed_node_runs,39,-75.9594817518851,122.914939477147,56.0145212966615,350.815192701361,212.210772805112,168.107657613124,12.7072007784445,1.81716072062409,0,0,0,0,0.109022704938479,0.759815759075538,0.650793054137059,380.773186908758,103.340996724233,151.368925900003,0,-75.2793005257322,121.916297770838,56.0536576755744,342.535665207628,186.003193367949,151.569934986528,12.5542489222862,1.8081818983228,0,0,0,0,0.142667845333943,0.54147640988978,0.398808564555837,318.159247656222,109.600930157958,158.287779910614,0,1
pAF,469,distributed_node_runs,40,-75.3578505237179,125.647383436261,63.3831104131263,376.117110822683,307.580933083504,218.92443632373,22.0089534927392,1.87650358630344,0,0,0,0,0.0973929002430931,0.747393820802176,0.650000920559083,375.139660999557,113.951879656437,150.075840497684,0,-73.2422686186996,119.491269495432,60.6930595624907,327.757946771593,251.838407070471,184.784754739165,23.2998908353184,1.93773896767016,0,0,0,0,0.137944913752064,0.593555451582922,0.455610537830857,313.984441891538,115.270360454946,146.536506927501,0,1
pAF,475,distributed_node_runs,41,-75.4247653934101,99.3684010017671,54.7055630280907,194.107125004957,305.865472046884,218.950309064647,33.277434976837,2.38397106872435,0,0,0,0,0.0912961428147637,0.647007320165396,0.555711177350632,386.308715661129,108.085990515247,154.117248210196,0,-74.0997636196733,96.0218383852059,53.1902991413707,177.648925855401,245.996553008699,181.881006264328,33.6188787167193,2.39617319612444,0,0,0,0,0.127050749772665,0.498164552022018,0.371113802249353,318.901645179161,110.916796170652,156.877239908865,0,1
pAF,476,distributed_node_runs,42,-77.7257557313201,121.840336498167,62.4187193927427,336.773212296675,230.532698914416,172.10074129729,24.7383605298746,1.97882720026246,0,0,0,0,0.0905037435200277,0.623545700327315,0.533041956807288,392.999283654121,113.729701373457,153.10595228056,0,-76.9399264568549,120.197398263387,60.8852550202431,326.192325245669,191.548835720703,148.234822456237,22.6105892294872,1.95302692325276,0,0,0,0,0.127288957036497,0.491049522231012,0.363760565194515,319.111989658908,113.783611166018,155.08755772668,0,1
pAF,508,distributed_node_runs,43,-72.5968980230839,113.0335785377,49.4749954609171,278.849288932524,236.559850452388,177.750749415245,12.0079618740638,2.10277342847257,0,0,0,0,0.120105956767484,0.819063485976221,0.698957529208736,380.752419439996,99.3876217593206,149.065533639059,0,-71.9461289119862,110.941702958141,49.9458807987992,264.249419994701,201.072517031036,155.576402287625,12.9422037828954,2.12080435613098,0,0,0,0,0.14515407240442,0.521197162369023,0.376043089964603,322.510820385662,108.147247923025,161.208613601081,0,1
pAF,509,distributed_node_runs,44,-76.853143809708,97.2039510394909,53.5212836791137,182.436803928565,228.639305110657,184.036849569988,33.1245853856017,2.73116814432433,0,0,0,0,0.107069658079524,0.774302668258029,0.667233010178505,377.597955589175,101.936228599821,149.159492199566,0,-76.1172078523943,96.4530210571089,53.6614119718687,179.043536637796,202.468103358824,168.524050708325,36.1758643393987,2.6161937882207,0,0,0,0,0.141249597142061,0.546852726700522,0.405603129558461,318.055705597733,109.171938575975,159.234918670533,0,1
pAF,516,distributed_node_runs,45,-70.5763672419531,100.461242760331,44.6118105210518,202.971081911827,332.391209550609,227.465982155016,13.281882148156,1.8784879925297,0,0,0,0,0.0889721131070784,0.58044962837528,0.491477515268201,383.432637639926,104.810308300162,152.061669937556,0,-69.1220811739918,92.0605137502292,43.3098788228629,159.484985832512,248.83616141637,170.513132143678,16.6742886679349,2.12478688788542,0,0,0,0,0.113117425208562,0.407300052121056,0.294182626912493,320.313604151779,110.003759652165,159.947066509481,0,1
pAF,522,distributed_node_runs,46,-78.8743585240434,122.986830608715,63.4173506378049,350.690008954444,215.792865175899,166.215734422112,25.2573665005621,1.82602071446308,0,0,0,0,0.0977459975411161,0.739421514039008,0.641675516497892,375.279197104501,107.386106344682,144.663346971187,0,-77.8833619969621,121.873527545128,62.1641001467221,342.81709197294,187.720438756522,149.430156031925,23.7300181180835,1.77824423966013,0,0,0,0,0.140233106687094,0.592111852450889,0.451878745763796,311.702470455297,110.141182615549,145.636759838978,0,1
pAF,526,distributed_node_runs,47,-79.2975218848849,119.791009792925,63.3480328712762,326.678016988506,308.010152959512,220.574804260585,33.2996006510002,1.7797489496661,0,0,0,0,0.0729982107014686,0.510433789597425,0.437435578895956,380.356385293715,123.945551864381,149.114901085781,0,-77.5637293112874,117.784576312151,60.7459505558191,313.219058165541,244.88545097442,176.867477038497,25.7937691839979,1.7393459457744,0,0,0,0,0.0999419237944475,0.404186896973524,0.304244973179076,316.471871651582,121.046601818551,153.095550884271,0,1
pAF,527,distributed_node_runs,48,-79.9825653942722,123.380547161901,62.6692744352234,360.748297933733,232.494608078603,180.932722244266,23.3034255074308,1.75887009024154,0,0,0,0,0.0893861816701248,0.64595888762067,0.556572705950545,367.468800409573,115.86142260451,143.744090164264,0,-78.7181635863198,123.021947632575,61.3419185697326,356.844881423738,200.974882023256,163.787301510652,19.9854500452457,1.69995785474748,0,0,0,0,0.119650399193913,0.49149298289245,0.371842583698537,316.280024320342,123.165485716741,150.482422393992,0,1
pAF,531,distributed_node_runs,49,-78.5646645572584,123.386913447265,62.3267770193422,363.923518098589,295.568553316232,221.613576714299,22.5034255644423,1.5846944756413,0,0,0,0,0.0937880845514195,0.757818547730823,0.664030463179404,356.833736983979,118.794032718222,139.320791682896,0,-76.6191630804648,121.70537702253,59.9535651250256,347.506047962459,248.038112293423,190.265295225789,17.9962533918406,1.53519651436727,0,0,0,0,0.12640449921706,0.577784706256003,0.451380207038942,311.483149043837,122.070914576019,141.993369741558,0,1
pAF,542,distributed_node_runs,50,-76.185658393154,123.776020776473,69.3701450563778,360.353469265358,303.983869611147,216.129435835792,45.7758423690975,2.66470237605245,0,0,0,0,0.091534703004638,0.684073008680996,0.592538305676358,361.238358284594,117.328066729802,138.052948159591,0,-73.9926756137972,119.174371674982,67.0936280089892,322.489360170528,249.856510319169,180.20576052845,45.2335696488226,2.66150154622665,0,0,0,0,0.12285210486901,0.532601049663133,0.409748944794123,310.778727363293,120.224793879835,138.316351874747,0,1
pAF,575,distributed_node_runs,51,-75.9762655793202,104.911453742882,59.9983494738554,226.890558225898,281.570333019947,207.044687000729,46.859881773591,2.56766698697902,0,0,0,0,0.0886002755003633,0.612633982685868,0.524033707185505,373.134135560475,113.848646871738,147.926341150703,0,-74.4858359791017,102.099657403653,58.5146095369933,210.857180032048,229.742685088302,175.368217307107,46.7304325077239,2.52895378963876,0,0,0,0,0.116610471120571,0.458286099915266,0.341675628794695,318.147217051599,119.804039436694,153.324064939471,0,1
pAF,581,distributed_node_runs,53,-77.1025868097087,124.631119331562,65.7765724134726,371.610362226778,295.242877101125,212.874959464054,28.6949940317354,2.37483672048256,0,0,0,0,0.0882141108875444,0.618148895263388,0.529934784375843,359.534994667752,112.993603289673,142.314921159642,0,-75.0309085221438,121.77603533676,64.4317942635454,344.850165067408,244.944594672703,178.557841511749,30.3849437103636,2.35270895094072,0,0,0,0,0.112632378014593,0.461127299263001,0.348494921248408,313.598076193059,120.347418592275,147.031984963667,0,1
pAF,599,distributed_node_runs,55,-78.2023952565825,110.98290519109,58.159625969474,268.168925899615,272.877716438379,204.499183475084,29.2362070425879,1.90981527991244,0,0,0,0,0.0874652678200563,0.614295618197331,0.526830350377275,356.342697888264,113.858958581812,143.270292947435,0,-76.6933050978484,109.780342291284,57.1949726375158,259.734631802913,227.192676151084,175.922511460565,28.8829231834316,1.85177211404516,0,0,0,0,0.109809005375622,0.446760092253343,0.336951086877721,314.195482648454,123.621416092614,151.541681154487,0,1
pAF,609,distributed_node_runs,56,-79.1121973889174,118.558620964018,66.5715194380176,317.494056749835,239.15776806583,176.49247188431,42.0094892529523,2.24697952697898,0,0,0,0,0.0802149302268247,0.560721312292509,0.480506382065684,367.557101378341,117.340591237793,140.95396349821,0,-77.870013983664,117.457285739865,65.1552312463628,310.087512233534,199.718867348958,153.037535345444,39.4971023715698,2.15863685910881,0,0,0,0,0.10851666193281,0.443593748643724,0.335077086710913,311.91293188648,119.294649726784,145.377377907405,0,1
pAF,613,distributed_node_runs,57,-79.6076135076422,126.452486538859,64.232881824705,392.884863558669,313.320938579353,240.801432571468,24.4142002458539,1.60607824480394,0,0,0,0,0.0936291486460432,0.784847819799692,0.691218671153649,361.103996795617,129.219103046868,137.880392157905,0,-77.6340020978447,125.297337468401,60.0912368577976,376.998792136567,252.779343487357,195.0442929403,15.0051382043057,1.54208609942725,0,0,0,0,0.123849545287374,0.596110263195744,0.47226071790837,304.738915415564,114.773467876406,142.010818130092,0,1
pAF,631,distributed_node_runs,59,-74.4032920698164,106.087487160125,51.7904557462931,231.886432500484,337.602272066411,237.841649003974,18.108986781117,1.87670898076613,0,0,0,0,0.0797631634622076,0.521828115002301,0.442064951540093,402.712518784079,115.145541654107,165.058212933996,0,-73.2532192226634,101.66664990925,49.7287306483851,207.697346738652,254.960390106731,182.852589327809,18.4757321980505,1.94747650389036,0,0,0,0,0.109353816835109,0.398385012153657,0.289031195318547,324.341184826066,114.815107713624,166.465431444624,0,1
pAF,633,distributed_node_runs,60,-73.9084629028634,111.95204575107,59.6365204396389,267.724751097019,300.628545557527,219.695476841523,29.0322584250825,2.36901918826334,0,0,0,0,0.0995249428531265,0.728757795644325,0.629232852791199,380.445436066439,107.687205366383,155.612985294158,0,-72.3929232752179,106.364239962686,58.0525047279267,233.540548980374,250.638075397976,188.773517506103,32.7569084353418,2.46294746227795,0,0,0,0,0.138991515760826,0.564913342824782,0.425921827063956,316.559757077564,111.313222005338,154.058952925537,0,1
pAF,666,distributed_node_runs,61,-77.9517519887846,116.039974333321,51.1033572600186,302.094586994072,256.288180219432,194.378677692759,11.3629587649775,1.73178514204483,0,0,0,0,0.0916822516888939,0.593806924154702,0.502124672465808,385.554567731517,109.560853542935,154.684269416255,0,-76.7866704069028,115.418758295806,50.9430275341146,296.186752985557,206.739926703071,161.735175242018,10.8667849965641,1.70493412787255,0,0,0,0,0.112663528506438,0.400043162563358,0.287379634056921,324.745064025672,116.623162438755,171.418799225991,0,1
pAF,682,distributed_node_runs,62,-74.0922119465119,119.372243402775,54.3770121998884,321.865537946758,267.549471459541,199.443114022455,13.0674183998854,1.9031871125917,0,0,0,0,0.107412663079071,0.741334628605963,0.633921965526892,387.677742424712,103.967925098666,157.905425885801,0,-73.1890912147474,116.316555065619,53.8658763833853,300.148582258426,225.146911244676,172.372695394632,13.7698322718752,1.93411463847951,0,0,0,0,0.141720477440648,0.533888530450224,0.392168053009576,321.340266380292,109.556030266125,161.454772271826,0,1
pAF,683,distributed_node_runs,63,-78.2656967034532,103.539095452751,57.9605930416766,215.688862823859,212.813979111219,165.130121357506,34.7244456235858,2.53589868818381,0,0,0,0,0.107148886487989,0.81502132434298,0.70787243785499,372.884318524979,99.7475915045361,142.710343385394,0,-77.5032764547159,102.746808848177,57.8021586738056,212.249965383142,186.691847840932,150.998678944128,37.3940128999602,2.40100636416537,0,0,0,0,0.148893479322281,0.614328520443912,0.46543504112163,312.222967303685,105.369860468956,148.215295091229,0,1
pAF,702,distributed_node_runs,64,-75.4721698455551,101.307642023508,59.0631092191717,205.250903530404,229.161619410836,160.6728247848,33.3107618956201,3.60775588217075,0,0,0,0,0.0902519308391811,0.595703570047903,0.505451639208722,376.459839916861,105.823316944763,144.662419857007,0,-74.5004110920446,99.4872992730205,59.1325839865014,195.683120723573,180.654617986656,134.975837576749,35.7171146088585,3.48275250121515,0,0,0,0,0.116951495786594,0.437119945259859,0.320168449473265,315.581483386206,110.49208471286,152.601648418384,0,1
pAF,726,distributed_node_runs,65,-73.186815566648,93.2451674822427,53.4661810742988,163.974778888537,329.221871087248,239.394175844187,37.1961793385271,3.19695068894362,0,0,0,0,0.0988361037502608,0.686162798134855,0.587326694384594,378.927581139964,104.895866723797,155.0922295894,0,-71.4338091649733,87.3508154933497,52.3405695069092,137.053446663871,262.81349602987,197.685085754201,42.3928463473785,3.49315684452449,0,0,0,0,0.128235103870993,0.488066957648039,0.359831853777046,319.56683825258,111.987093149066,159.271659144947,0,1
pAF,738,distributed_node_runs,66,-79.8648498537263,129.294303749042,68.8827308431846,414.316846952062,245.242548920047,184.452100212009,31.4206650394262,2.16828044307476,0,0,0,0,0.0790249557861768,0.545679485513795,0.466654529727619,365.413462998542,120.542012461272,143.055848985792,0,-78.4938859704041,128.691313447932,67.5763078387283,407.152619566701,208.866443880524,162.053278505962,29.0756230037114,2.08495992829194,0,0,0,0,0.105077713518979,0.429554612129841,0.324476898610862,313.342542051349,123.569154374141,148.491948574624,0,1
pAF,747,distributed_node_runs,67,-77.9149967677561,119.276825443474,61.9332987535188,324.109698010004,290.217403659459,219.020072398533,32.7290033559475,1.83838487842877,0,0,0,0,0.0956122245930705,0.738810381178663,0.643198156585593,373.006211392894,120.665358779552,146.411035306756,0,-76.161362839179,117.178989758087,59.6265049037628,307.969827927758,239.452974376618,186.666040099852,24.4086608653088,1.79637630777506,0,0,0,0,0.130392152711808,0.555558347252883,0.425166194541075,317.704718343641,122.691505507188,148.979308777027,0,1
pAF,752,distributed_node_runs,68,-78.7449277480234,127.249935330616,59.233437929924,394.260786364483,249.184789986422,177.170434401814,13.6807509307037,1.73310980214592,0,0,0,0,0.0828264916201647,0.533849659275539,0.451023167655375,381.88916092908,112.630588744381,152.285509306778,0,-77.3466795853612,126.372862399571,58.355860200018,384.373602167543,200.682676931043,148.374202187519,12.290164790531,1.69797744003517,0,0,0,0,0.107446508652447,0.39745274389493,0.290006235242483,319.768998962169,117.427123547015,161.386976174295,0,1
pAF,754,distributed_node_runs,69,-74.6469206421345,120.621165492217,61.4011411408309,336.071072264044,322.169419419624,224.352420641437,23.2671616273437,2.11339141161443,0,0,0,0,0.090234580347031,0.631178322875639,0.540943742528608,368.168741914145,112.109048594364,146.011169031306,0,-72.3093002674152,113.28628548973,59.2405022315633,282.009786493282,255.13142496366,179.435595909472,28.2951786305966,2.22869415002424,0,0,0,0,0.116862145784277,0.466574633989964,0.349712488205687,315.841336141173,118.090080901027,148.449786706661,0,1
pAF,760,distributed_node_runs,70,-77.2046742667104,114.442380579599,59.6150672899577,289.585435049597,248.865594828836,177.426468148151,24.8753510988681,2.3111371902778,0,0,0,0,0.0887809068904723,0.582336900434917,0.493555993544445,368.422219067936,108.37231945066,144.783854115679,0,-75.8500668684042,113.137483939762,59.6445853930025,279.406967662053,196.592905205551,147.223312022128,27.08243221058,2.25812275065982,0,0,0,0,0.110280970708431,0.413672793166758,0.303391822458326,316.153561285017,116.09819998789,155.064086416467,0,1
pAF,779,distributed_node_runs,71,-76.5542747953651,118.870340130238,61.7807204522174,322.1308881311,277.167935918835,211.031998350169,27.5073876318638,2.20898533540458,0,0,0,0,0.10049395703042,0.731167474659412,0.630673517628992,369.867348458167,110.773435944408,150.313696593266,0,-74.8327716948434,116.419182752032,60.4112047248191,301.805922372927,238.433619194762,188.877551390233,28.2539029214749,2.17094558575991,0,0,0,0,0.132930843984566,0.539707649983432,0.406776805998866,318.833891511022,120.171675937352,155.364432003427,0,1
pAF,786,distributed_node_runs,72,-76.2159727782414,123.767853359539,57.4330010137022,366.883120772674,248.423588008496,176.575671852464,14.6234686360549,1.84750927142886,0,0,0,0,0.0942911446099299,0.638602733017272,0.544311588407343,358.087516585925,103.7902681755,141.362971151978,0,-74.7713954459143,121.912741073521,58.0122425969597,349.481497764663,193.2823413638,141.566958468673,15.8241621015259,1.85146182228709,0,0,0,0,0.113881546369472,0.437441034575376,0.323559488205904,312.927084754421,112.81521366469,152.027577187309,0,1
pAF,789,distributed_node_runs,73,-77.4089897984103,121.077458080011,65.9323031345812,345.534820952025,278.233141745673,202.161443790996,33.525074482488,2.18454138638481,0,0,0,0,0.0985034353349314,0.764127129780387,0.665623694445455,335.700182652356,105.376890851163,130.750350919012,0,-75.4747104306474,119.169012907787,65.4074551832171,326.678317818884,234.712375558796,172.801971982655,37.9165187286417,2.10932882066481,0,0,0,0,0.124711008835133,0.569065568668403,0.44435455983327,301.696442255641,114.798740317441,132.958285293147,0,1
pAF,796,distributed_node_runs,74,-78.8661578763664,125.471643038401,57.7561395610211,382.018047630772,229.453648783056,174.247089300305,12.8766707586328,1.46574748509011,0,0,0,0,0.0886310239449907,0.625978592988789,0.537347569043798,367.039092696803,109.265493689054,145.495644540326,0,-77.6168514385056,124.97204516562,57.1548250524432,375.366242559908,196.967317698804,155.618637951688,11.4137078362619,1.43588929766702,0,0,0,0,0.117191010685925,0.471456448806924,0.354265438120999,314.778661845976,116.661242785653,154.697043147798,0,1
pAF,807,distributed_node_runs,75,-77.8619025000206,114.768412426058,66.2413034314048,292.114333075029,261.703325389033,188.306424187016,46.2886003156818,2.66987264109775,0,0,0,0,0.094509914804086,0.689423192703349,0.594913277899263,354.703077466998,110.251284814462,136.016871812897,0,-76.2183130073348,113.340378276173,65.3509990060442,281.113925374488,212.933940744999,160.350801866545,49.7065511895344,2.52989399647413,0,0,0,0,0.122341500077873,0.514588356287703,0.39224685620983,310.489149600333,118.688579761441,140.034363155899,0,1
pAF,814,distributed_node_runs,76,-78.5235679996808,127.621637553109,70.5099823637751,396.642721107447,260.828909533069,192.034402550278,44.2202253250216,2.27173016871529,0,0,0,0,0.0861818864634046,0.641277761587599,0.555095875124195,360.773860328271,120.455170443376,136.619473749337,0,-76.916060986863,126.287563448258,68.6852721337478,382.74893260928,218.422194521721,164.977649582816,39.5795341785597,2.18349055227372,0,0,0,0,0.116765767919004,0.507582180550371,0.390816412631367,309.234217266341,122.185604974351,137.597934330569,0,1
pAF,820,distributed_node_runs,77,-77.2758708374059,126.665677842108,69.0502703876339,385.236583134206,306.794166766878,232.224874024658,40.7001299156182,2.33451705585321,0,0,0,0,0.0979028408969467,0.76833949061057,0.670436649713623,371.001473425284,119.034367068714,146.951736064189,0,-75.0758999083537,123.214258969601,66.515940565367,354.046653592086,261.465701065819,202.51862977272,37.0254042164452,2.29266682886373,0,0,0,0,0.137511982942471,0.611073133489276,0.473561150546805,315.37393494662,121.560166602321,146.805270934114,0,1
pAF,821,distributed_node_runs,78,-74.257940710443,92.1531175761671,50.0867435355754,157.430625003825,224.998711185151,172.076549504302,28.0841087312874,3.10246136153728,0,0,0,0,0.105209637019867,0.731833490987082,0.626623853967214,387.305641344632,101.502462907774,148.585262033847,0,-73.9756431003176,91.1379188188958,50.5221139300146,153.193577543007,189.685992581904,149.599108301529,30.2486464754948,3.04193499926259,0,0,0,0,0.137092164602341,0.504683100786526,0.367590936184185,320.614783413024,107.26375975466,157.773675619188,0,1
pAF,826,distributed_node_runs,79,-78.1328434094986,112.500851988565,57.9987015276651,273.823466774581,225.129134886636,164.859050767736,24.1724676975427,1.84346518750681,0,0,0,0,0.0880572737179738,0.621633277828723,0.533576004110749,377.59023113583,107.553108387801,145.813888804226,0,-77.1160082795824,111.261894559075,57.0980333726516,266.601013819286,187.18340095209,143.470753117093,23.788492348569,1.79788751923843,0,0,0,0,0.12118145339705,0.481255465941438,0.360074012544388,314.400732093109,111.363432366034,151.934350168804,0,1
pAF,829,distributed_node_runs,80,-75.9897968798908,122.739430150516,51.1735679850217,358.159551019084,256.746099779906,194.168363806435,9.24611870970693,1.53058809825598,0,0,0,0,0.105841566853923,0.759702816851954,0.653861249998031,372.827998326924,100.72822218966,148.710275149756,0,-74.6944013631071,120.811671792561,51.3573404938405,341.955657091802,216.737441764304,168.416015706262,9.0227503471142,1.53334547955092,0,0,0,0,0.134805839690032,0.521607882316289,0.386802042626257,318.155702928267,109.672211778699,160.232673049069,0,1
pAF,841,distributed_node_runs,81,-78.0773284192979,119.261634524523,57.1719302779668,331.002221458491,274.793412517858,205.100829556693,16.2319209513735,1.5960243654481,0,0,0,0,0.0869227128282691,0.613800806060209,0.52687809323194,356.278703327174,110.024041716832,145.164776617804,0,-76.4363988362469,117.974881308569,56.5594169927981,318.803648025549,232.763063296494,178.002973731516,15.678452021908,1.5644314839883,0,0,0,0,0.110173846429375,0.452770455582205,0.34259660915283,313.115658403676,119.138142862794,154.497251725344,0,1
pAF,848,distributed_node_runs,82,-72.8135789667119,116.482443131471,50.8178872232804,306.115341239249,280.71456706772,190.331571007526,10.4595945252222,1.57859362316958,0,0,0,0,0.0944780523548846,0.668697086162859,0.574219033807974,386.037108093122,104.913009659991,152.432717220884,0,-71.8809370126453,111.765910837671,49.682367118817,274.072555413367,217.269252295966,153.426581553718,11.1092748210976,1.63225564159075,0,0,0,0,0.129943578660984,0.503760531988114,0.37381695332713,317.867920152243,107.959088192627,154.76388996283,0,1
pAF,850,distributed_node_runs,83,-72.0276428833338,104.148278087558,49.0475975361395,220.628372080752,248.16606859825,178.905320333324,15.8546331363032,1.92021152816596,0,0,0,0,0.104940349147982,0.771420608323787,0.666480259175805,378.358523240015,99.468381546867,147.483886699296,0,-71.622098281971,101.498458793109,49.0312482395286,206.485223307896,202.212446140322,151.073453250712,17.5010283044503,1.94863165862625,0,0,0,0,0.142659352800714,0.562976431377347,0.420317078576633,314.852531612396,104.709677008737,152.048969145228,0,1
pAF,856,distributed_node_runs,84,-80.0270874721796,106.445645226201,59.1828295883076,234.920303278868,251.67830256006,186.644768196107,38.0673034739593,2.32652138729463,0,0,0,0,0.0854667079308334,0.571668215774048,0.486201507843215,363.306993217186,113.167237388734,144.303256319116,0,-78.6981968673131,105.909939719417,58.8138494949063,232.854827434176,209.882549604543,165.158085569008,41.5906088664087,2.20777819752766,0,0,0,0,0.10690780374929,0.415894281804036,0.308986478054745,316.687793375393,123.220286705346,156.780911838112,0,1
pAF,865,distributed_node_runs,85,-74.38413342137,114.25924111667,58.2664400109873,285.655877336334,267.184925453374,178.786315304882,22.3043934918314,2.16268835705705,0,0,0,0,0.096400607065032,0.688338373068784,0.591937766003752,370.564564810207,102.500852409088,144.792840970663,0,-72.8211795968021,109.723437684372,57.5893161136396,255.87098930831,207.34901327244,144.784431788492,25.5338237751093,2.21726944266265,0,0,0,0,0.129213738653174,0.517603769998396,0.388390031345222,311.718147334897,107.773669775917,146.858934710485,0,1
pAF,874,distributed_node_runs,86,-80.1228684777954,121.489825546506,61.5734914959581,340.873029018742,215.099861883566,186.397865192434,22.346419437461,2.06817380748544,0,0,0,0,0.1078170063203,0.781307845153891,0.673490838833592,379.132208975381,107.478177481244,153.843150124162,0,-79.4095767276599,121.839146152471,61.4801840861925,342.249138716564,204.461349373694,180.67021691212,21.9326063954832,1.99969667665209,0,0,0,0,0.144370516944119,0.568873607016103,0.424503090071984,320.618058514974,115.682740226632,163.743790571698,0,1
pAF,875,distributed_node_runs,87,-74.7564187988329,95.7298800339216,48.0144242202319,175.710937190689,216.387311087055,163.070825246432,20.8534543342976,2.81951713403396,0,0,0,0,0.104135770681624,0.693494983035214,0.58935921235359,389.849012948769,102.409311644202,148.59076315063,0,-74.2708952037821,94.7734207136603,48.4982013589576,171.12605697529,178.052512142072,139.219536054465,22.2147045318306,2.78202778317063,0,0,0,0,0.129504599750277,0.454470852033631,0.324966252283354,323.778287688143,109.349236117338,161.840225590773,0,1
pAF,877,distributed_node_runs,88,-77.2424003352018,126.598336195126,64.9751584993835,388.301715614495,258.948167748349,192.500034269142,23.510330641795,2.52370712648553,0,0,0,0,0.0908029275931091,0.598598052047627,0.507795124454518,370.618003138465,113.23926925096,148.527569794152,0,-75.7212935771304,125.267869251783,64.5282818919547,372.788624055271,215.273136366381,165.633468225216,24.4015824186645,2.48309951553892,0,0,0,0,0.114271220568614,0.43392559374372,0.319654373175106,319.084443641372,120.963527302938,157.496709203933,0,1
pAF,884,distributed_node_runs,89,-81.2242713247075,120.785173731364,62.5076773288372,337.390652091487,237.307715638875,192.493484778948,27.9336099810098,1.8117251994845,0,0,0,0,0.0894833745559524,0.652984723894666,0.563501349338714,368.551625296226,120.135801246943,145.537933562038,0,-80.0028613114987,120.673205466138,61.2550964017988,336.74742902777,210.471394143387,178.464807125813,23.5970633767975,1.7409474934575,0,0,0,0,0.11881046770022,0.491061057634046,0.372250589933826,319.5990781828,129.110412759746,155.00669552427,0,1
pAF,889,distributed_node_runs,90,-71.2584116500044,111.60712911689,45.6527430185971,276.822097795964,252.113024495469,176.313667807663,9.96020174190926,1.66521326542716,0,0,0,0,0.114047079144246,0.861542222596345,0.747495143452099,368.84565088497,94.6378422240159,140.626497106909,0,-70.364044694481,107.187360222992,46.159631127147,246.862730068012,201.866474184124,145.700789251721,11.2873072194125,1.72887726674162,0,0,0,0,0.148589466824283,0.590092894990679,0.441503428166396,313.265245448671,102.390079836608,150.158334928289,0,1
pAF,907,distributed_node_runs,91,-77.9977644846533,126.848884542687,63.382792519237,392.437479268678,278.0624930552,210.779840101641,20.3713468437782,1.76501562436169,0,0,0,0,0.091601376328778,0.68129412015699,0.589692743828212,366.792175006274,116.434958120597,146.296489586184,0,-76.2146251579024,125.152452088902,61.6431840251267,375.025942703287,236.471247856745,184.385938588479,18.1511630217974,1.73636955539769,0,0,0,0,0.123111297509278,0.520480572339253,0.397369274829975,316.391633287258,122.981635899851,150.342685640753,0,1
pAF,923,distributed_node_runs,92,-72.6003686309287,88.9261218068219,43.979354981275,144.307066816055,292.011707001569,211.965888417355,19.9262975549354,2.77568978803174,0,0,0,0,0.110493694606212,0.765425217879044,0.654931523272832,379.32716787768,98.6958573481897,144.84633691731,0,-71.4458552656904,85.3813173852256,44.0778512532839,128.850012775883,228.899248452391,170.883225730209,23.0881223346987,2.90482471173164,0,0,0,0,0.133736624218023,0.480886281004163,0.347149656786139,321.942852842207,108.219652909425,160.691936286743,0,1
pAF,937,distributed_node_runs,93,-76.3624784503406,98.7591323978411,51.1639960084158,191.344387316239,275.543033632501,204.008316693908,24.2378278820979,2.3135425570872,0,0,0,0,0.0857753383311525,0.556705266032424,0.470929927701271,392.846707006312,110.692295336397,156.590273531538,0,-75.3114490844415,96.9320881217864,50.3285814715262,182.435003536915,219.780956838997,167.821603240351,24.4394629315539,2.28608691270347,0,0,0,0,0.112239496226077,0.404221595607612,0.291982099381535,323.535674371455,114.626711240562,167.206476992055,0,1
pAF,972,distributed_node_runs,94,-78.2099084910767,106.600532887096,61.119935505368,233.898955951709,258.957904377916,196.07581528039,42.0295505664835,2.57775049934571,0,0,0,0,0.0923119563573306,0.661068226101977,0.568756269744647,382.707627590666,110.137434652781,151.144988471969,0,-77.0069867349497,105.118089743655,59.8708722439798,226.443025618661,220.870522147372,173.447238073499,41.2351277515481,2.44601079573113,0,0,0,0,0.129084459700616,0.516532986124043,0.387448526423427,317.39882137872,114.109915418238,155.652704933027,0,1
pAF,974,distributed_node_runs,95,-79.2694148803682,123.614846278513,64.1784762396128,362.145287420547,220.701827638637,177.871793378028,27.0284326332257,1.94953835376509,0,0,0,0,0.100701761113472,0.758527214631724,0.657825453518252,365.409899668426,109.856146092556,143.403279540522,0,-78.102930386931,123.445246058721,63.3718490000661,358.734940902819,197.890563137469,165.936963706456,25.7517773447653,1.87170060348217,0,0,0,0,0.137068656075814,0.577859367940121,0.440790711864308,314.248335264805,118.307695083578,148.596049511243,0,1
pAF,975,distributed_node_runs,96,-75.6157591610725,111.665145886415,56.8550900778664,269.750476382522,315.106764868964,237.416265868473,22.9911857137267,1.84667897443433,0,0,0,0,0.0947944733667809,0.710138255104353,0.615343781737573,374.584743232299,110.29912836833,154.023297255448,0,-73.7120018387026,106.999809432783,54.8201029462468,239.953050745145,265.992537763024,205.224986746995,24.0984888279418,1.87521756189381,0,0,0,0,0.130437709025839,0.543860764166769,0.41342305514093,317.693791120331,115.499819769444,157.160492974926,0,1
pAF,988,distributed_node_runs,97,-77.6326834380509,118.771632780523,53.0228484995349,325.889380326951,210.41206403057,164.15947095133,11.740577716504,1.68205528304679,0,0,0,0,0.100231529356801,0.687215141514119,0.586983612157318,367.285738347506,104.064050463858,144.931158540146,0,-76.6753664639847,118.812050598427,53.8271393973942,323.129053518221,181.241911233927,148.538500580773,11.4451053106495,1.64002778023132,0,0,0,0,0.123217944715832,0.463515890807691,0.340297946091858,318.167873027767,114.636677039754,160.247950653466,0,1
pAF,1003,distributed_node_runs,98,-76.8854773700798,125.613872299692,53.280043878659,375.644141804426,244.814062742982,174.737608074698,9.20248175656889,1.62159775573673,0,0,0,0,0.0910011628376152,0.580453633125138,0.489452470287522,393.195405583399,109.137235428308,154.258214868805,0,-75.7946674549946,124.038288620186,52.6415283969899,362.607628981572,195.078756326438,144.524810084666,8.57323920349154,1.61602149176542,0,0,0,0,0.117096446646575,0.416290352800695,0.29919390615412,323.165097628163,113.372507503609,165.761454049866,0,1
pAF,1017,distributed_node_runs,99,-78.3444292039948,121.065222358042,63.3916334986723,336.403531760035,211.990255989862,176.713842390702,27.9904187409047,2.23229705862468,0,0,0,0,0.104380620460742,0.749917946554867,0.645537326094125,376.698927737496,108.946456674646,150.010625772494,0,-77.4981406886447,120.768515165574,62.9491015728985,332.986735758931,192.59728003274,164.652348718533,28.0854348375615,2.15332759438024,0,0,0,0,0.140850872959787,0.559013671875738,0.418162798915951,317.967775077494,115.702579817218,155.576218209562,0,1
pAF,1037,distributed_node_runs,100,-77.2690493657878,102.667847778368,55.674154424517,215.778674793505,302.727135369983,217.514996776816,28.8278158983085,2.2667350959382,0,0,0,0,0.0829617963813613,0.554374136431278,0.471412340049917,361.155222135632,107.779892073471,145.491430840996,0,-75.5350743299761,100.343347188083,55.0904026847885,202.972959925556,246.53483542737,179.261280734245,30.8619755285581,2.21412151005279,0,0,0,0,0.104034896882082,0.407728135875789,0.303693238993708,313.272335656289,114.798589152873,155.450853881652,0,1
pAF,1038,distributed_node_runs,101,-78.6123092353053,123.131672085475,58.618294199988,360.621872478516,251.60667907328,179.771896525504,15.7258463465259,1.53240405109682,0,0,0,0,0.0834496450241991,0.581416910699329,0.49796726567513,362.536394099305,108.518538720811,142.936445274805,0,-77.1397352716358,122.080663399074,57.8680739395054,350.393226744495,206.813003074185,152.436667206031,14.6079794275865,1.4981564246882,0,0,0,0,0.10922912137084,0.441586281840877,0.332357160470037,311.550444294662,114.675965567098,151.048990163373,0,1
pAF,1040,distributed_node_runs,102,-70.3462647102164,111.322037028028,54.2927847068279,270.09811658017,325.510509552252,219.698918544316,18.6120854855108,2.33440396817605,0,0,0,0,0.0975594703455612,0.659098677759239,0.561539207413678,376.206157681707,105.173764764884,150.815806087429,0,-68.3051233852347,99.2850011925373,52.7176490746601,195.850068905195,245.02740936456,171.367309304824,26.6446439306928,2.72053783144656,0,0,0,0,0.123918531704395,0.464843395902625,0.34092486419823,317.865738048109,111.671786953884,155.067021802045,0,1
pAF,1059,distributed_node_runs,103,-78.6968010978146,124.223668959661,65.7073550242136,365.017850146637,311.045256305428,234.060845519984,36.4290257667453,1.93904415805446,0,0,0,0,0.0810363994672345,0.587751070570065,0.506714671102831,376.183832872077,128.015359224846,148.206885375851,0,-76.7320059605928,122.198051166951,63.1746760873669,347.298828868409,257.291168744785,197.05109846222,27.8645222586238,1.88690892860905,0,0,0,0,0.109187622474071,0.455117391449769,0.345929768975697,319.824550068501,128.698705017592,152.648880750308,0,1
pAF,1089,distributed_node_runs,104,-73.2740221026123,119.00084636627,52.9132496711014,330.227053500933,301.641581348078,216.775488812527,11.9357817552736,1.76729914581665,0,0,0,0,0.109295917540434,0.809682724091189,0.700386806550754,369.118332332939,99.4008311817961,151.758496889515,0,-71.2939067832024,111.678776011496,52.0833747521298,275.294933054085,251.184444616745,185.440882503735,14.3327046113191,1.87135919694992,0,0,0,0,0.142252898332439,0.571585355243401,0.429332456910962,316.114855256299,108.139644506278,155.16367337266,0,1
pAF,1109,distributed_node_runs,105,-73.2293034032423,116.174958954442,56.07220829475,301.556830922995,226.402172144211,163.917816645167,17.9094800938256,2.4663370790804,0,0,0,0,0.112792821071748,0.766539405281714,0.653746584209966,371.778965414487,100.324929378316,145.619959282372,0,-72.2055306128051,113.56749829391,56.7748552063663,281.80919440728,176.718661023475,136.143728081548,20.6055102494101,2.49390950597444,0,0,0,0,0.136355368264052,0.502407445922431,0.366052077658379,317.511812482189,109.474089732881,154.562171426776,0,1
pAF,1110,distributed_node_runs,106,-74.3480229292334,110.056466726007,57.7284168037373,259.414000345261,291.79836738381,198.851260728334,26.5939273327022,1.91819462776039,0,0,0,0,0.0854641666519571,0.60663988929967,0.521175722647713,362.437680821335,107.086479720878,142.855643469275,0,-72.7144126280341,104.883597865597,56.131496067284,227.89197786181,232.820369609424,160.522169503834,29.5116763988844,1.98864620982567,0,0,0,0,0.114495996234362,0.469168603119779,0.354672606885417,309.356296613354,110.584068749922,144.224607251765,0,1
pAF,1125,distributed_node_runs,107,-71.8908413788489,106.176078632644,56.2927414888456,232.314372601679,253.965177307437,185.340771250485,25.9768007324819,2.96513446502649,0,0,0,0,0.117153518764416,0.861635937120541,0.744482418356125,371.051212980354,97.8219749025448,147.066598357478,0,-70.8813605258016,101.748557472602,56.370187036797,206.994366482798,212.112486880334,161.72536884484,31.5163895458136,3.07162309996056,0,0,0,0,0.153261964348212,0.604468334675562,0.451206370327351,314.309973829815,105.536350877454,151.642485104873,0,1
pAF,1135,distributed_node_runs,108,-78.8050099851326,116.844200196557,63.7183141944967,307.368729834683,240.082556175053,191.039507566005,45.8248343200758,2.00161158870469,0,0,0,0,0.0942458207712982,0.719776252800687,0.625530432029389,362.702615795039,116.934793299304,140.791053082753,0,-77.5414417687663,116.085647687874,62.3134373397136,301.442011388366,209.900149037243,173.963265936327,41.5720266444114,1.91920530648349,0,0,0,0,0.128047490530274,0.552552020820398,0.424504530290124,314.322489334354,123.735016931307,145.097452888911,0,1
pAF,1137,distributed_node_runs,109,-74.9310593798744,109.701747335786,47.2339419735248,259.381056826216,261.504803708907,188.72955789906,11.5455277416113,1.82294684161025,0,0,0,0,0.0968751020401196,0.629268264003682,0.532393161963563,373.880208712406,103.123955784213,148.062723592576,0,-73.6699063490175,107.436571145113,47.420735044905,243.556554958246,199.458456701595,147.107436283066,12.3857965616298,1.83178156783106,0,0,0,0,0.113532824578385,0.400885094319009,0.287352269740624,320.330822610344,112.595749873559,163.819109818997,0,1
pAF,1140,distributed_node_runs,110,-74.1983834389091,104.310545520922,50.6939881414964,224.481573659951,230.573480527251,162.804375267515,18.6133789478117,2.17263915809599,0,0,0,0,0.104685522952995,0.739268017012184,0.634582494059189,367.148430627407,97.9440688920295,139.731708635318,0,-73.1262364265647,102.03334484987,51.6598686480118,210.850819840264,179.763116209459,134.045973306282,21.6532046386128,2.1674001433712,0,0,0,0,0.130824461686685,0.500761723757534,0.369937262070849,313.683201235326,106.113169004941,151.197258986249,0,1
pAF,1141,distributed_node_runs,111,-76.7482281406301,108.781516996043,60.7067863994182,249.863504205962,242.621744933749,178.808036225193,34.6036702097335,2.86906403678586,0,0,0,0,0.0925853604678937,0.606755888498489,0.514170528030595,376.593148113912,109.824318317762,148.420020553254,0,-75.5474251665064,107.443874085075,60.5037722630046,241.118849921993,195.95752507605,153.521791464598,37.6453117218116,2.77101817874791,0,0,0,0,0.116677533001427,0.430770156078574,0.314092623077147,319.451390492628,117.757473678284,157.761579719313,0,1
pAF,1147,distributed_node_runs,112,-76.7073331818592,117.232825154045,61.8765451760119,307.478255026183,267.919190730659,183.777109008442,27.6317599646864,2.04388664961152,0,0,0,0,0.0861805416246684,0.603552033231352,0.517371491606684,371.659319877086,109.630975240354,144.548601452591,0,-75.1238144009474,114.517304756382,60.4751620629797,288.182523262887,212.969470397617,151.589600465657,28.0387072975718,2.01457775323433,0,0,0,0,0.11669555875412,0.469211854953824,0.352516296199705,313.25442515704,113.050523312464,147.321224017799,0,1
pAF,1173,distributed_node_runs,113,-74.0963092865976,113.552606421159,60.099343993839,279.246948511452,261.786270306453,189.436115059609,29.3956338056523,2.38187333256792,0,0,0,0,0.105410778553493,0.775984834997354,0.670574056443861,374.605137593055,104.929678746477,149.561179926913,0,-72.7803006550198,109.440288160333,58.8324604919062,252.783400722871,218.962530863668,166.156339839905,33.2099917583218,2.40293028186352,0,0,0,0,0.144492746495318,0.587230676153379,0.442737929658061,314.860776343736,110.38548557094,149.996894348346,0,1
pAF,1176,distributed_node_runs,114,-76.3164021250719,118.442422553682,59.0986444140021,319.11369477508,234.716738730975,161.215743792884,20.3106821811671,2.13340449183306,0,0,0,0,0.0884282937163156,0.58394230998749,0.495514016271174,365.654105108712,105.332061169567,142.493522612944,0,-75.0450997382073,116.74150267452,59.2982288263259,305.016012451835,181.941893981009,131.060586281645,22.0866567542944,2.11211184216882,0,0,0,0,0.110852198716773,0.420483923366892,0.309631724650119,312.659418970263,111.564095709677,150.792793295224,0,1
pAF,1182,distributed_node_runs,115,-70.8453729055994,112.726546137397,45.4460623783053,289.304470827217,353.89206329357,236.298584956479,7.62548005118151,1.60170354969159,0,0,0,0,0.0915874906227707,0.609453237055483,0.517865746432712,389.86540159674,106.173406381953,157.940584556348,0,-68.9267460361951,101.602242824898,43.3314781062573,213.920896122286,262.112950359209,178.051705607319,10.1967463834917,1.78825340648109,0,0,0,0,0.118280162089002,0.429106536510949,0.310826374421947,322.252400289006,110.880386570057,162.381285357722,0,1
pAF,1184,distributed_node_runs,116,-78.2927495157817,114.505243905145,59.8318008512189,290.289918497508,294.167845827498,227.067937728942,28.6852048673536,1.94103295441892,0,0,0,0,0.101632821742546,0.785348307617923,0.683715485875377,368.159342594954,109.659761221817,151.555634291728,0,-76.4208416516607,112.798893582083,58.1271092507217,277.818664307515,254.421281292918,204.573041344225,26.1073340919647,1.87162564228856,0,0,0,0,0.138414148551478,0.591336997700552,0.452922849149074,317.377610072635,118.088264701179,156.558349118115,0,1
pAF,1198,distributed_node_runs,117,-77.8503716789623,100.784405309938,51.6669515072701,202.3028915052,202.683012849477,163.226797826959,23.03036747031,2.31255708335084,0,0,0,0,0.113431985100881,0.853841422521382,0.740409437420501,369.529770798057,97.2782670853339,139.957873524485,0,-77.2380447138231,100.649251921523,52.5882019398418,201.740842551185,180.952084264456,151.246355773441,25.5802591079882,2.21467342904361,0,0,0,0,0.147582155605609,0.585414836770812,0.437832681165203,314.528831247077,105.468604706002,153.488594031196,0,1
pAF,1210,distributed_node_runs,118,-78.5096526713733,96.1920155915318,59.8907085311999,174.359658195439,225.197306369577,170.16951278635,42.9901354302638,4.73966168650804,0,0,0,0,0.0926617504971244,0.607878090085896,0.515216339588771,387.671244833866,108.819018838767,149.395323032925,0,-77.6475277965784,95.4874276746367,59.9886113197986,172.024877602857,185.593723732323,148.807024762908,44.3588110280034,4.32717230878916,0,0,0,0,0.120075451931812,0.436842090259437,0.316766638327625,321.202659861159,113.922554998302,160.851212719971,0,1
pAF,1213,distributed_node_runs,119,-78.9351024392726,125.735463252809,68.073070137028,379.28593323051,282.877712722904,203.211399122869,42.1269555558029,2.21214999987569,0,0,0,0,0.083255733275035,0.593790605368575,0.51053487209354,367.167998213277,121.255852781134,141.309709760344,0,-77.0799716131501,124.265182413752,65.9677528771049,365.047365310487,232.267997671635,171.148217316881,36.0951798274982,2.13215496345583,0,0,0,0,0.110918153071372,0.459672368810355,0.348754215738983,314.671053420443,124.430741203119,144.30523051622,0,1
pAF,1226,distributed_node_runs,120,-73.9303423821767,121.465438650666,51.2090338584379,350.138097449839,346.39580133096,230.547504680384,9.50691702903714,1.73332581486466,0,0,0,0,0.088356100924975,0.570915487003825,0.48255938607885,379.177092005368,105.667142545084,152.993469749959,0,-71.3379811043048,111.978627710465,49.3225383382658,278.165572160434,259.036130445347,170.524940622141,11.5236829851674,1.86207858013586,0,0,0,0,0.109001259755442,0.39461928909455,0.285618029339108,320.162121632122,112.427687282758,159.816830808502,0,1
pAF,1241,distributed_node_runs,121,-76.8133949743936,120.673082595656,61.5088630898495,337.779609118695,269.947083522195,212.546354602113,23.1963937402033,1.9467608327468,0,0,0,0,0.105506467630568,0.817250015904234,0.711743548273666,361.777686475027,107.68131217359,147.703179551492,0,-75.1842213063409,118.768817260618,60.5343296572581,320.359715541642,234.962939929745,190.986756816768,23.5570898514634,1.90883930631753,0,0,0,0,0.140923045865479,0.60521912618564,0.46429608032016,314.928421499731,117.171275849483,152.298357598176,0,1
pAF,1246,distributed_node_runs,122,-78.6228204544952,126.433365688151,68.1563301848273,393.136068055597,221.177486894398,164.597771638124,33.3255704202893,2.18299550120719,0,0,0,0,0.101717031034461,0.789048773457472,0.687331742423011,343.234846878499,106.145781835236,129.660447980438,0,-77.2471145170547,126.283192879321,67.9117558540017,387.115855932121,187.775460779863,147.523330754462,36.3783376601205,2.0810374127359,0,0,0,0,0.133414737916492,0.596090763336692,0.4626760254202,303.939667294853,115.620031660666,132.903069667522,0,1
pAF,1255,distributed_node_runs,123,-76.2226498352034,97.432634552248,54.3474049524811,187.266064672209,326.514211525384,235.537404389681,33.2361111464052,2.55023159332632,0,0,0,0,0.0899237739052707,0.608760041234861,0.518836267329591,355.8091690039,105.490767018571,143.348514948395,0,-74.1868456356912,93.9281137906666,53.9419308919114,169.29708363794,263.132837528261,191.367881051974,37.8870497844182,2.54456720885719,0,0,0,0,0.109028416624992,0.429549949453421,0.320521532828429,312.901154301337,114.355938173314,152.79006473234,0,1
pAF,1260,distributed_node_runs,124,-76.894911058504,117.300692335534,63.2809468987594,310.228829226857,254.686604007846,181.337033036478,28.99388657909,2.39186169193999,0,0,0,0,0.0884872846715262,0.610305744950402,0.521818460278876,358.175614903419,107.757025446226,140.640117580266,0,-75.4227343482727,115.478006557087,62.9763158210831,295.735490824526,204.244071777521,149.675552901452,31.2537059107781,2.32900934958889,0,0,0,0,0.11258469957825,0.451687814941384,0.339103115363134,309.586917922574,113.982906340272,145.952795193745,0,1
pAF,1273,distributed_node_runs,125,-75.7594737537563,126.189877225754,67.0565386872742,379.027982340634,319.55638051463,234.103182244406,46.6200881785044,2.09050519263837,0,0,0,0,0.0951256862134657,0.753127141104476,0.65800145489101,375.86698353041,125.638231037243,144.251276940227,0,-73.5417058612448,120.111807328302,63.863894460783,330.556978376462,265.082667276052,199.292425620562,38.9930939070364,2.13360847021613,0,0,0,0,0.134544626839289,0.597079210222236,0.462534583382948,315.593498346461,123.455589956571,143.062274642042,0,1
pAF,1278,distributed_node_runs,126,-72.2478292747296,111.522750000947,49.331133027226,270.681861415391,332.843094592055,234.574485233985,13.1194738712875,2.23911193924869,0,0,0,0,0.103320894845926,0.657882585795962,0.554561690950036,382.07401747792,103.533947716765,154.585116338668,0,-70.2534980596722,102.977624078821,48.1794000193045,216.337172967179,250.031491603546,177.160468728893,16.321816638716,2.45727420761614,0,0,0,0,0.119194722557204,0.410441685289733,0.29124696273253,324.836158975017,113.155949143107,166.646699835279,0,1
pAF,1282,distributed_node_runs,128,-79.0633732886109,121.329246080469,64.3049191678343,349.089700521814,256.936788142419,185.625420388191,29.6637055566825,1.86347419074445,0,0,0,0,0.094496302268596,0.721514183551238,0.627017881282642,338.524990337646,105.728003342476,131.088804729751,0,-77.3411348787933,120.67514065763,63.7050391432862,340.984754411665,220.888417907845,165.228770288039,32.3102608802583,1.78371761635935,0,0,0,0,0.121631731016005,0.547638726627162,0.426006995611157,304.039502315169,116.455840736722,135.271813681752,0,1
pAF,1324,distributed_node_runs,129,-78.429181110251,118.124382264335,55.6066837063214,318.964997514834,253.916800852479,188.988272264593,14.9996872717238,1.67160173195589,0,0,0,0,0.0858142383657173,0.571047852438425,0.485233614072707,369.637338963956,110.775343029352,149.75349936358,0,-77.0706597297207,117.344068068389,55.3326512094724,311.700977676182,207.767372168324,160.345101040039,14.5276256513753,1.63459396114922,0,0,0,0,0.107446566539139,0.408493485753929,0.30104691921479,317.977201517304,118.667309251319,162.110468680943,0,1
pAF,1325,distributed_node_runs,130,-74.2913702320752,96.9670999143376,52.1171014379639,182.101567625718,314.596495695354,233.748360914433,31.4901755883329,2.25191240599088,0,0,0,0,0.0928481256915914,0.661846354583737,0.568998228892145,383.197135215538,108.838464978304,157.758760267682,0,-72.8950128773844,92.751983787435,50.5302954848095,161.745071939019,254.302738324008,194.193721624637,32.9967215725628,2.32288472821165,0,0,0,0,0.126448324305756,0.496025756706722,0.369577432400966,319.442516875792,112.872907712182,159.729445564245,0,1
pAF,1336,distributed_node_runs,131,-73.7250307222637,100.798602503237,51.444411183873,203.387499734067,290.666216871941,197.830746301915,21.9292310535529,2.67652273348358,0,0,0,0,0.0908931732718746,0.580400151383686,0.489506978111811,382.829932936947,105.654923378861,149.401261718651,0,-72.3481045805158,96.6782721183792,50.9966277445302,181.487587456818,217.063761600199,151.945946320626,24.4473255600169,2.7838231755195,0,0,0,0,0.113048474941945,0.400981303335274,0.287932828393329,320.193526919928,111.465186401332,161.059206342549,0,1
pAF,1342,distributed_node_runs,132,-73.5875850309157,108.696200515697,52.6911837568145,247.600758895335,234.5745074812,167.655658641212,18.4311293547435,2.54755918094452,0,0,0,0,0.0968002552000542,0.604101035242127,0.507300780042072,392.478162461754,107.20056535265,152.883708730383,0,-72.8438051608366,106.424472856456,52.6257972490465,233.807366402032,183.93171519932,138.243363609869,19.8119744141004,2.57587966568462,0,0,0,0,0.12030195851472,0.413500962958669,0.293199004443949,324.382051313976,112.248975421466,164.616954982915,0,1
pAF,1345,distributed_node_runs,133,-74.1326408781749,113.83973772011,62.0975854672888,279.95616817358,285.992441165356,206.880223900946,31.7720707730186,2.58873602549284,0,0,0,0,0.104489763764022,0.794108986720435,0.689619222956414,372.499465355897,104.663264865841,150.229147576838,0,-72.5491274419544,108.553996574515,60.7109182475793,246.301924090279,235.509157979184,176.34484143091,35.5720730183566,2.66884113554988,0,0,0,0,0.146599082266376,0.619684027011583,0.473084944745207,312.033538553835,108.937605147665,147.367494285017,0,1
pAF,1346,distributed_node_runs,134,-77.0651793857908,118.304626207072,62.1255146160431,319.137725527456,278.114759467528,206.745859913761,31.9973247362141,2.02158056646294,0,0,0,0,0.1023084079596,0.792000619120994,0.689692211161394,360.01134305451,109.841687611508,141.861838917642,0,-75.2030260561647,115.937280946909,60.2743883145931,299.725349719074,235.38197221651,182.6184669996,30.6357529941524,1.96469093716223,0,0,0,0,0.137794436156021,0.596389338875666,0.458594902719646,313.189632962556,118.922164311392,145.558602859632,0,1
pAF,1350,distributed_node_runs,135,-78.1886350413706,111.581555346771,58.0176588165772,272.388416666502,267.374166380418,194.460195570769,25.1927056749628,1.9216013844416,0,0,0,0,0.0893361911780828,0.629934021298509,0.540597830120426,356.522997843436,106.994404495053,141.785025177429,0,-76.579859289544,110.259602477623,57.5306968406287,263.068259575447,226.264392913665,170.819798672615,26.8458482518254,1.85722534920205,0,0,0,0,0.114714766105037,0.469508111865449,0.354793345760412,312.300818225292,116.19811376572,150.883268642601,0,1
pAF,1356,distributed_node_runs,136,-75.082396000678,121.120851473619,46.9861315936399,342.769722821148,267.656787097418,180.242733435342,7.85335473198211,1.60519992186164,0,0,0,0,0.0947573620794527,0.596935636031849,0.502178273952397,388.72487660242,105.640618296376,152.683886287081,0,-73.7670333007424,118.24151553322,46.5578905165705,320.597018147144,196.150109488859,135.668755473751,7.90216857974519,1.62701631047821,0,0,0,0,0.114499503311396,0.394287743395878,0.279788240084482,323.806116290925,111.899902850913,165.818227244352,0,1
pAF,1450,distributed_node_runs,137,-73.9247680873367,118.298739342663,55.1619198235574,318.474618512184,296.143859592434,207.36275829807,13.4378851243309,1.62890903988591,0,0,0,0,0.0878453541380183,0.61513450827453,0.527289154136512,380.246992553657,111.720624935522,153.672936956928,0,-72.364169230451,112.439597041288,53.1770768136402,278.059335981052,234.300612749958,168.013265859849,14.5149309298104,1.69643132233978,0,0,0,0,0.118757722397825,0.466336581352596,0.347578858954771,317.464842275596,114.441487915847,154.309322848761,0,1
pAF,1461,distributed_node_runs,138,-78.4465867038598,112.173590222914,59.082554251155,271.483578075394,288.608850695833,230.203355450329,32.9677967133393,1.94355933817133,0,0,0,0,0.0929569479192025,0.690855504394504,0.597898556475302,384.339677791941,117.577692990089,157.828948427467,0,-77.0377939717817,110.58709002053,57.1868623182347,261.926097736436,243.16198956138,198.016253989732,27.009698271675,1.88694911151833,0,0,0,0,0.12848800446376,0.524342970423908,0.395854965960148,321.332642257712,120.290156526284,161.317277985677,0,1
pAF,1466,distributed_node_runs,139,-75.571634454253,119.010001052878,51.9156910942632,328.544175251925,318.955626323259,230.45830288437,10.5248742133699,1.60502968244691,0,0,0,0,0.09259864766046,0.628982024945254,0.536383377284794,363.413548965589,105.437350398686,149.370436692684,0,-73.4462302838629,114.200623118293,51.3082042333506,292.090175744124,252.355609278762,180.789317787727,11.4795516991107,1.65848502322842,0,0,0,0,0.11042206720969,0.422416021218807,0.311993954009117,316.560776039765,115.074167477018,159.297630514915,0,1
pAF,1476,distributed_node_runs,140,-79.7668473000113,121.064729216657,68.4552773080803,330.845817883406,202.874823576356,163.7437475837,38.7339432553636,2.83365839016915,0,0,0,0,0.0934381831447194,0.640455053816327,0.547016870671607,387.124284901714,113.253732458106,150.560929938106,0,-78.9489756621482,120.400755173888,67.7727866817897,326.831254816603,179.999537802792,149.613072912165,38.4997932920305,2.70539180344349,0,0,0,0,0.129539395572431,0.502044766701317,0.372505371128886,318.785367675653,115.844561680304,154.140603240952,0,1
pAF,1510,distributed_node_runs,141,-77.516162940016,120.896871992269,60.5310561077826,338.019031986589,231.675394122554,171.918640463402,20.6771814536623,2.10461110273172,0,0,0,0,0.0865793604874517,0.564328802366525,0.477749441879073,372.124583531033,111.001677544984,147.521847002693,0,-76.3432554669436,119.961317228084,60.3761488892854,329.020836552749,190.241266752408,147.221434814131,21.3597000200898,2.06485736893592,0,0,0,0,0.109562788527116,0.409889183726619,0.300326395199503,317.513678292908,117.489140196474,157.077824914516,0,1
pAF,1523,distributed_node_runs,142,-75.1354141136903,125.643004250629,59.4236477757113,378.272879677321,338.233975070463,233.910030742256,14.7582280942806,1.73922084090736,0,0,0,0,0.0775147606290776,0.51636286678999,0.438848106160913,384.401901173704,117.066253213721,155.144072326653,0,-72.9607235313051,118.542104526053,56.655617813276,322.789116353059,263.795119674887,182.201707940854,15.9255473095545,1.82577737648535,0,0,0,0,0.104266596464417,0.401864771059125,0.297598174594708,319.120897282188,117.32157949531,157.054332294245,0,1
pAF,1527,distributed_node_runs,143,-77.3886557392998,115.950491834309,53.5980464926051,300.957082765708,269.521003124137,215.37304394535,13.4768636254521,1.67838351255341,0,0,0,0,0.100924373489331,0.727287587098144,0.626363213608813,378.113284390078,106.538746782819,157.224003038736,0,-76.0689059090519,114.776344786071,52.9323505100432,291.268470302101,234.784260303521,192.423237278337,12.7517902196123,1.64752714211863,0,0,0,0,0.132242951117296,0.517590719322547,0.385347768205251,321.549488378158,114.990715472733,167.133087933945,0,1
pAF,1532,distributed_node_runs,144,-70.6318366762766,112.265968450744,54.9863078619692,277.05022446622,295.194107497948,201.942262819859,18.5222130943657,2.10195462934644,0,0,0,0,0.102397358644676,0.744626027647298,0.642228669002622,375.79814448383,103.845671668969,149.398556211196,0,-69.130093105032,103.164002904688,53.4625811769983,218.83631706645,237.23585583887,169.644547305066,25.4125428921398,2.30328021521564,0,0,0,0,0.139334174670776,0.559094200286579,0.419760025615803,314.775469604905,109.062491148841,150.857428424453,0,1
pAF,1544,distributed_node_runs,145,-79.6208492426278,120.630037909114,62.4824713954485,333.973364507097,203.462625517648,175.565998396509,25.8677383733448,2.16113396126457,0,0,0,0,0.110971996948709,0.823865785278529,0.71289378832982,372.717033286295,105.194774903634,149.285576390147,0,-78.9487809753699,120.928285981466,62.4711424945216,334.943619585092,193.259811603541,170.318449932514,26.1809169417356,2.07714672280417,0,0,0,0,0.149523621399548,0.603255097941223,0.453731476541675,317.101914335093,113.407743933807,157.018627481376,0,1
pAF,1551,distributed_node_runs,146,-76.9111183628982,110.717963655742,63.3345519774378,262.273568398302,227.67961970601,172.658388965807,45.3052360041256,2.59765682257421,0,0,0,0,0.104187094443034,0.797021376739407,0.692834282296373,364.424930787252,105.055332469325,140.482152804527,0,-75.7564162498277,109.236117473606,62.2959104543626,252.941009436755,198.55756558038,157.940453488485,47.7443523177899,2.46364448021995,0,0,0,0,0.14489397439765,0.618835340392601,0.47394136599495,310.488765802285,111.570227857381,143.639810637578,0,1
pAF,1557,distributed_node_runs,147,-72.6420573103862,116.019653579101,49.6216551013094,308.294792960615,311.554399310466,231.601545070196,10.2046522949386,1.59189224528382,0,0,0,0,0.110658474848676,0.847976139254725,0.737317664406049,370.381154776609,98.1407240908666,154.443989818657,0,-70.8554944565463,108.338588656498,48.5659225461739,253.816946842436,261.669183019651,198.862885194609,12.0532950052147,1.70216704592531,0,0,0,0,0.147598278054432,0.605215517034405,0.457617238979973,315.502533604438,105.912246484932,157.277040240752,0,1
pAF,1561,distributed_node_runs,148,-81.5460309775241,122.591112738946,63.8337223575048,342.831104532858,193.055814062063,164.255768536808,30.6597519574716,1.94153439792717,0,0,0,0,0.0821570781749413,0.543343337566855,0.461186259391914,395.482906988276,122.679062729738,154.014490481829,0,-80.9232932109666,121.924168267775,62.5440037979436,339.780011243433,167.322315625592,144.159845428047,25.8267674040108,1.90471954948953,0,0,0,0,0.112063765352647,0.416383916844922,0.304320151492275,323.122357102246,122.497469440976,159.339982976017,0,1
pAF,1604,distributed_node_runs,149,-78.3788830504425,128.73023876185,67.0161407295767,405.130343998363,261.154203335376,190.576548749879,31.8320642769395,1.70038998679229,0,0,0,0,0.0846420958904383,0.649728083430912,0.565085987540473,368.304171597621,122.661501169539,137.803961911852,0,-76.8961863621316,126.905453428744,64.7306761649101,388.943525800484,215.745168116689,161.343046749516,24.7916461466339,1.66442531803841,0,0,0,0,0.118972935663649,0.521986380133686,0.403013444470037,310.292312670179,120.554560768665,138.545922927327,0,1
pAF,1609,distributed_node_runs,150,-74.167790668855,101.275709328459,57.1425576955184,203.867089301882,231.754903801695,171.11409005164,32.7456644215126,3.20077550646965,0,0,0,0,0.102866466263694,0.715717987322608,0.612851521058914,383.134502346729,103.134419591988,149.489301406614,0,-73.4760755155374,99.3109333101865,57.1861688461761,193.748872592012,192.076016758077,148.782262113065,35.7833173967701,3.14051594950797,0,0,0,0,0.13669774110448,0.518234555949136,0.381536814844657,317.958519792814,108.747682574707,154.818759714001,0,1
pAF,1612,distributed_node_runs,151,-74.9757692583278,118.95745949694,55.7613689343755,324.685592859406,335.36424217889,243.500127957937,13.8159281510816,1.66942501339508,0,0,0,0,0.0933264999737766,0.678258154668199,0.584931654694423,372.9321403512,110.235709372726,153.373353605527,0,-72.5427086259964,111.407521705019,53.3465626819147,271.223006511103,276.622372656831,203.979851486522,15.5518721974331,1.75900397195437,0,0,0,0,0.12359729108991,0.500894722671349,0.377297431581439,318.647159997843,116.444589703686,157.006344644562,0,1
pAF,1628,distributed_node_runs,152,-75.2502363116814,116.099276917085,61.9082832835986,299.127910986466,317.981291729433,228.595006265736,35.536330762865,2.10140190134553,0,0,0,0,0.0902498323292868,0.662487564839047,0.57223773250976,374.330944677029,116.595092505893,147.876685034029,0,-73.2009383689992,110.312086608937,59.3471250502191,260.131979350417,260.962876407088,192.141023533695,36.4558963115815,2.15492351475405,0,0,0,0,0.123529029044681,0.512530261724881,0.389001232680199,316.838489848731,119.355529238048,149.359052722912,0,1
pAF,1643,distributed_node_runs,153,-78.0659620797425,113.592917962401,58.8516605451989,289.967229474932,293.686792664223,219.41465692909,25.7907073379247,1.78586025864934,0,0,0,0,0.101417054228798,0.791130287561483,0.689713233332684,338.23738976875,105.107612962987,137.168174084295,0,-76.0063628820728,111.939817231043,58.1588312090171,276.098293923716,254.778456172404,197.31175404539,28.2288980449121,1.72847297113549,0,0,0,0,0.127173983411858,0.576407217653643,0.449233234241785,308.849678772927,120.046826598951,143.223302042994,0,1
pAF,1655,distributed_node_runs,154,-78.765867435132,118.800042362212,64.0183790849801,323.202237305327,214.966300200053,163.070323620792,32.7930693712551,1.97112319933512,0,0,0,0,0.0959443119325826,0.72791057371063,0.631966261778047,354.844178580897,106.827393847198,135.490318119177,0,-77.5740489102346,118.219180589991,63.3379664505012,318.008701180996,187.103470707003,149.59322458112,34.3097491752887,1.88562202709363,0,0,0,0,0.130238139920546,0.565221030021412,0.434982890100867,308.210399660671,114.471228407954,139.713593284077,0,1
pAF,1660,distributed_node_runs,155,-74.4621071066448,118.369087841501,53.0475841955669,315.282361875144,263.900174065297,193.059217861482,11.9172278077531,1.75154404018394,0,0,0,0,0.0929930382370601,0.618871053686993,0.525878015449933,389.798684751135,108.501557417134,157.565450481423,0,-73.4278422396848,115.070451657449,52.164679978022,292.601077201156,214.052322442705,160.562732289389,12.256774241283,1.78398642360116,0,0,0,0,0.123149411757346,0.454102360479539,0.330952948722193,321.544047435309,112.416850201538,162.470201740963,0,1
pAF,1672,distributed_node_runs,156,-76.7581124297118,118.267255062032,61.7947513703221,319.344665348003,337.675686389455,240.140078618264,27.6070890600386,2.11265325535351,0,0,0,0,0.09380630236801,0.681026868057146,0.587220565689136,363.779247076498,109.723182681082,145.704675569318,0,-73.9626342580818,113.027401808349,59.6979977063017,279.427192676816,273.880989955691,197.418720550275,31.1119801358655,2.12983096187236,0,0,0,0,0.121283354151602,0.501756264320206,0.380472910168604,315.532513840728,118.396981138045,148.960169370222,0,1
pAF,1674,distributed_node_runs,157,-76.5818894110436,117.513429356467,56.3860885689245,308.507426911965,290.267897637706,218.324749659027,15.8770302394842,1.63042236795445,0,0,0,0,0.0964848065365532,0.725409693544669,0.628924887008116,382.549165890559,108.886700870215,155.576139521482,0,-75.2031571510789,114.652396394754,54.4731316455872,288.87032728335,240.669670332103,184.760947689825,14.8229479520523,1.63114541174582,0,0,0,0,0.136478874108095,0.56216421780258,0.425685343694485,316.94812568379,111.075524648088,156.615883727319,0,1
pAF,1696,distributed_node_runs,158,-77.7548564807875,120.854303000006,56.5766883890953,340.440107841986,322.341167056402,235.614753315815,13.8973261353749,1.50101784420258,0,0,0,0,0.0814474228711435,0.571690470627952,0.490243047756809,374.297685975638,114.648259790876,154.168836134837,0,-75.6546867564266,117.889654032623,54.4278632711842,316.506107005305,262.552737080219,193.732430574943,12.5507520008214,1.49901183578186,0,0,0,0,0.107583185729927,0.432283364207247,0.32470017847732,318.58769813698,118.575722023532,160.151785182909,0,1
pAF,1708,distributed_node_runs,159,-75.7179053578562,123.159013501223,60.7328608983329,358.265504230591,304.925045525073,235.11191596857,18.755384478769,2.12729471441708,0,0,0,0,0.110094311680802,0.817232655018546,0.707138343337745,371.294422441999,107.203213358829,154.949936219064,0,-73.6699004016379,119.006719327386,59.3370733424187,322.749095127118,262.440723562144,208.669846787849,20.1378406445983,2.16139344707699,0,0,0,0,0.143198156828221,0.580521764082281,0.437323607254059,320.757164598483,117.848895096577,161.129071000799,0,1
pAF,1709,distributed_node_runs,160,-74.7023429178771,120.157183493939,54.9984231366603,339.696957774167,299.431101611597,212.231416547351,12.597394302371,1.62756972941133,0,0,0,0,0.0988605789845401,0.724419412701086,0.625558833716546,356.027990029594,102.489786568724,143.622840132901,0,-72.5183684240401,113.907725605745,53.8540688779992,292.422805951007,247.050419903342,177.7513222083,14.2800448116068,1.70045559087157,0,0,0,0,0.126453800415438,0.522536168897962,0.396082368482524,311.627178765237,112.527852534862,148.384174279305,0,1
pAF,1710,distributed_node_runs,161,-74.8752351383546,109.153310948478,51.9139906567729,251.932761508674,276.926648615779,188.196595984089,16.7265779038935,1.85850023305829,0,0,0,0,0.0869952524386669,0.582256358171078,0.495261105732411,387.49229967095,107.115656221955,153.202435684685,0,-73.7203766090549,105.857005645813,51.0185601938989,232.363321769925,213.926282062359,150.665164754071,17.5104446971782,1.8906984918176,0,0,0,0,0.116764367929207,0.435101667009796,0.318337299080589,319.613614128029,110.237893977868,158.159158736943,0,1
pAF,1713,distributed_node_runs,162,-76.3162149949774,107.575121730407,53.1464268701527,246.293602009706,271.110279177163,194.50322934935,19.5154297626723,2.1080828750637,0,0,0,0,0.0955344009155029,0.639341591857804,0.543807190942301,361.708571457311,103.114202023615,143.10185109538,0,-74.8417008587358,105.78984626917,53.8734457635219,233.9688936086,209.939776989821,154.755649220289,22.4058355397246,2.09095156364128,0,0,0,0,0.113262126889083,0.424924807091136,0.311662680202053,315.274595791012,113.592632569264,157.250501533434,0,1
pAF,1715,distributed_node_runs,163,-75.6054270749809,121.804398227428,50.5445705431063,347.750577833717,257.143077435358,197.923696133272,8.72744320573838,1.63413321602275,0,0,0,0,0.097664499285642,0.632929173490089,0.535264674204447,383.970576633532,107.769757273505,156.481671886048,0,-74.4468679459202,119.891104562961,50.3339996433894,331.834727969255,213.806167222421,167.831725820692,8.59013178998066,1.64410969589517,0,0,0,0,0.119557246263522,0.42497464592699,0.305417399663468,324.356824845545,115.80686228456,170.409157281144,0,1
pAF,1721,distributed_node_runs,164,-74.358958168941,117.967943537185,49.0534574652415,323.203531315051,300.591305354676,229.573134314582,8.97361618401919,1.56254639223334,0,0,0,0,0.108205710626083,0.783930091773272,0.675724381147189,365.376443354973,100.289454746868,154.044906276818,0,-72.5481504232243,113.140129486375,48.7859305920294,286.472579635372,249.778581083061,193.729274949263,9.90870433209057,1.62418002442064,0,0,0,0,0.130668487941798,0.506325750029413,0.375657262087616,319.240395124849,112.28318167603,164.688136909378,0,1
pAF,1722,distributed_node_runs,165,-77.3112286053866,117.715915710263,61.773071928121,311.645677498882,299.347195845985,221.406675287006,32.7298410601288,1.70159092843824,0,0,0,0,0.0950664008326254,0.779684785264087,0.684618384431462,368.760270778774,116.617755844563,144.308502362749,0,-75.5813208512922,114.689297528107,59.3452789113517,290.675708000826,247.262145519257,186.53945519845,27.5629329249714,1.67953730005684,0,0,0,0,0.136079651387266,0.618132450713998,0.482052799326732,310.891634576561,115.781918181077,142.787782731981,0,1
pAF,1733,distributed_node_runs,166,-80.4206923553128,128.046797483559,64.0224885727289,396.609751146401,280.699483160104,228.981612905118,20.4709397389452,1.57502445950377,0,0,0,0,0.0879358368526942,0.68705201143994,0.599116174587245,389.521212237058,134.179225593893,150.681712756932,0,-79.1826256079395,126.882074082904,62.0058926761998,388.000901020807,225.791323463818,184.253499570877,16.7947528840486,1.53873313106305,0,0,0,0,0.122491589592107,0.522821708654659,0.400330119062553,319.983504545755,126.648295667059,152.046947995987,0,1
pAF,1747,distributed_node_runs,167,-81.4922311503238,124.292166009432,63.3776073261601,359.150648316451,192.014963360394,164.053317589322,24.4819553496418,1.72272227978101,0,0,0,0,0.0834474915828317,0.579481005021039,0.496033513438208,388.864434536416,121.391876214744,150.102209163161,0,-80.8508887040808,123.571786607642,62.027143564518,355.644750952082,166.353488438774,143.417125408938,21.2201655916288,1.68593861741465,0,0,0,0,0.115683290201528,0.450319918825922,0.334636628624394,319.663713106325,120.857592130902,154.076360011908,0,1
pAF,1760,distributed_node_runs,168,-75.4815372792878,122.703114822827,61.2236795645017,349.362735578947,279.412453513498,221.584002876261,20.212607492831,2.08018409425131,0,0,0,0,0.110740264342489,0.825073008424745,0.714332744082256,377.608015787271,109.163171627973,156.659932458839,0,-74.0224985053064,119.418779903524,59.5004642442125,323.321930437663,245.950362699761,200.032216898577,19.9747195340169,2.08236364092954,0,0,0,0,0.151004437519641,0.620059267228457,0.469054829708816,318.566333567702,115.16052021056,158.686175573969,0,1
pAF,1766,distributed_node_runs,169,-79.1847931022739,115.912817286028,62.9620911194611,298.336855073598,233.94968207871,177.78510774544,32.6260008116151,2.19144776268513,0,0,0,0,0.0909227962627728,0.642869403389925,0.551946607127152,372.245417673701,110.880040444325,145.575585167033,0,-77.9382109950707,115.228431200296,62.2952604181966,293.521629606826,199.307273963859,158.885168231791,33.4380023945305,2.09547882515108,0,0,0,0,0.121834923667037,0.489176508322155,0.367341584655118,315.385816227514,117.393138564639,152.248873112806,0,1
pAF,1774,distributed_node_runs,170,-77.2309683162425,120.85400650029,61.8467113573606,338.192954860403,240.289131030222,174.603709911295,22.8281957119107,2.1641655207859,0,0,0,0,0.0951891068253288,0.664928702413168,0.569739595587839,367.131720869445,106.188013069295,143.630798319691,0,-75.8581532812321,119.625059551529,61.7526438767546,326.428188149612,197.409406285886,150.268052602059,24.2930104290353,2.11010996988261,0,0,0,0,0.123508874440247,0.488387108272183,0.364878233831936,313.817226258656,113.60978842013,151.094723964094,0,1
pAF,1783,distributed_node_runs,171,-70.4717274383184,108.917695761268,46.3483257192436,257.815217557074,338.84161955912,232.148362365071,10.3912933139873,1.67443248333439,0,0,0,0,0.10224285211082,0.741019890524079,0.638777038413259,385.107575679831,101.625667133747,155.328894073087,0,-69.0610416651907,99.8373399793997,45.0535046250433,201.155249330648,260.205806157013,184.551146129565,13.2797271482668,1.85563468678083,0,0,0,0,0.1379359861258,0.534625542238415,0.396689556112616,318.869174638647,106.382939999839,157.814160399275,0,1
pAF,1789,distributed_node_runs,172,-76.1410814439717,123.398490082259,54.2712795717564,367.401228968351,265.777846429191,196.298413426521,11.0192136557307,1.50906501685677,0,0,0,0,0.0994084393607057,0.723611836816636,0.62420339745593,357.522088850579,101.968099971309,144.553163267062,0,-74.4381295845258,120.534310394639,54.1759279534091,343.519477352677,226.725446276181,172.059328785625,11.0463196398596,1.53054324954428,0,0,0,0,0.126599082624032,0.517367501208794,0.390768418584762,313.00705847537,112.510739694808,153.855205252261,0,1
pAF,1795,distributed_node_runs,173,-77.145321960306,121.609990563907,65.7620318824104,346.869617165978,253.479025767796,186.259984068893,33.0989409194444,2.27718312845536,0,0,0,0,0.0971348801547599,0.719460152398113,0.622325272243353,349.180691994436,108.719401877264,135.82718718085,0,-75.5647094757204,120.175707176478,65.312137430202,332.153086703957,208.925426932285,158.854445411405,36.6726594793472,2.20931817627206,0,0,0,0,0.124127225223885,0.530181066498907,0.406053841275021,308.401814749046,117.700839667592,139.131548873035,0,1
pAF,1800,distributed_node_runs,174,-79.0390170871097,105.635762337589,64.9800772742234,228.467812079802,212.641486648412,162.193206947624,45.0028496144732,3.9570978793854,0,0,0,0,0.0969462652170639,0.675245805449834,0.57829954023277,369.074278440356,107.122303444412,141.715791635767,0,-78.0383342206193,105.319661929929,65.3591178012614,227.029944647177,177.830134266551,144.910640073023,48.6769875039536,3.57517968459069,0,0,0,0,0.124801422772698,0.489222085997487,0.364420663224789,314.953164025777,115.018030283743,149.898602819945,0,1
pAF,1810,distributed_node_runs,175,-75.656713288177,121.151432842315,54.8215259273973,339.089803015735,229.865708102232,167.746487514312,11.9116191860085,1.59521384503751,0,0,0,0,0.0890018519037223,0.6056941961651,0.516692344261378,376.841054660312,107.885703592467,149.425190143126,0,-74.6404906988249,118.91472654334,54.0239573639378,322.893088509879,188.812603678067,142.805077921657,11.4752476424401,1.59918277279576,0,0,0,0,0.118183205902519,0.452230727995918,0.334047522093399,316.532242780489,112.633341437264,155.00920815058,0,1
pAF,1811,distributed_node_runs,176,-75.1627713885299,110.462312861314,59.6920502135115,261.384611788218,252.94677403236,173.347077379396,28.537614467532,2.31124800834368,0,0,0,0,0.0912057560023218,0.6432102274303,0.552004471427978,365.160029296458,104.115608272135,141.792935856693,0,-73.7880124775785,107.317806741987,59.1059813994129,241.532494012918,199.553438776238,142.298717709305,31.4761020185651,2.31452465022448,0,0,0,0,0.121182216538005,0.488347736041177,0.367165519503172,309.72390937103,109.009015451611,144.909855579774,0,1
pAF,1824,distributed_node_runs,177,-80.7265281304353,120.838785993577,66.1720300793199,337.948378431762,256.328447839849,201.82402354123,40.4756403425054,2.15864751020854,0,0,0,0,0.086600612226975,0.624884050891475,0.5382834386645,363.740774035017,121.746592847667,143.900061808949,0,-79.2798780787597,120.580465543577,65.0904445554652,335.535117907239,224.429095497206,184.537886785416,38.8768376927183,2.05723440524525,0,0,0,0,0.113512017109996,0.474750063490942,0.361238046380946,318.302224237061,130.196628629215,153.5076852643,0,1
pAF,1831,distributed_node_runs,178,-71.3402700110455,103.269082391227,46.8835187769136,218.033908291833,308.392956363758,213.710939883262,14.3716000449785,1.90455584123993,0,0,0,0,0.109180997535245,0.809145457686067,0.699964460150822,371.130711969228,96.8217279856035,145.068284740173,0,-69.6666045281828,95.2286616253888,46.4557546404729,174.303490410227,240.694210258112,171.86222207388,18.7498703131096,2.11875769530161,0,0,0,0,0.141447389088148,0.557487398210537,0.416040009122389,315.198253239032,104.493243082114,151.637361951892,0,1
pAF,1840,distributed_node_runs,179,-77.5741218403043,100.180893615081,55.320058799099,200.749852512963,246.277483966034,178.607372152605,30.7675779325,2.7870829215608,0,0,0,0,0.0909876018828059,0.585239814277059,0.494252212394253,362.548595691325,106.610088808986,143.003446588177,0,-76.3919643542811,99.4235552115406,56.2455648953856,196.477676634021,193.633990745522,148.828818020495,35.3016454570316,2.67266025366189,0,0,0,0,0.107643755943121,0.394712261234858,0.287068505291737,316.524757291489,116.591214273842,158.950519842346,0,1
pAF,1862,distributed_node_runs,180,-75.9104850472942,119.338255931136,46.8752263289952,322.640760177543,243.279239128853,178.276006051317,7.25775467526546,1.62208625771746,0,0,0,0,0.0964019713589106,0.602110931358027,0.505708959999117,400.16687557767,108.065515874136,156.314625113964,0,-75.1809597558021,118.033715639201,46.4316508494882,312.88356483416,196.416253564035,147.077674939941,6.9800417740953,1.62753407684067,0,0,0,0,0.119849197750913,0.405116210122948,0.285267012372035,327.510967762839,113.247391209727,170.382380542451,0,1
pAF,1870,distributed_node_runs,181,-73.3194236720173,106.087839730068,53.5064602302307,232.43155454627,290.234210302013,216.372193604861,21.3566963415797,2.53779001869407,0,0,0,0,0.0967491989804107,0.625219290007962,0.528470091027551,389.753116284533,108.446241351783,159.623079284697,0,-72.0849712096832,101.762513395384,52.7989849167738,207.511009532164,234.018773958247,178.975984581502,24.0442421323569,2.63997978039333,0,0,0,0,0.122223567283808,0.434285551813939,0.312061984530131,324.631478621828,114.321084722829,167.341391666079,0,1
pAF,1872,distributed_node_runs,182,-78.3010951710842,121.088932056675,56.3329551294629,342.095707063742,264.641050856328,184.871990549327,14.2151245526838,1.49222595120955,0,0,0,0,0.080130997739422,0.543378471189202,0.46324747344978,369.072720329008,109.228456087367,146.187925471778,0,-76.8000913576843,119.623670690763,55.3251750674042,329.87879137201,211.014919534842,150.362713745038,13.1456810928539,1.46949763309021,0,0,0,0,0.104773866228917,0.411046133335501,0.306272267106585,313.714174595589,113.26512697354,154.85528479054,0,1
pAF,1873,distributed_node_runs,183,-75.4368581259252,93.613013655404,56.5349704180123,164.206926948571,305.432133799215,215.542598512955,45.0914692421284,3.44821203802712,0,0,0,0,0.0829724977040021,0.538082803159451,0.455110305455449,394.943834932194,113.367192080623,157.207390723779,0,-74.2709534255194,90.8085317980204,54.9914660355325,151.903962197963,238.766993463578,175.226815979458,42.962464642198,3.39506449119654,0,0,0,0,0.112278767233633,0.409373195871186,0.297094428637553,322.566344279552,115.291400586,162.679934760964,0,1
pAF,1881,distributed_node_runs,184,-79.2366609832959,99.3226211213457,60.8160683147645,191.038323121677,227.646156223796,168.447117117226,44.3402540606985,3.63769716029492,0,0,0,0,0.0875653659610657,0.574747790015873,0.487182424054807,379.588523403487,110.667991357943,147.422312350186,0,-78.2075032300991,98.6253540431396,60.6974772041141,188.864798430191,186.83174208854,148.045102702254,46.785576201677,3.34654407576454,0,0,0,0,0.113050602450092,0.4211552031044,0.308104600654308,319.264247789128,116.49529522123,157.435194940866,0,1
pAF,1886,distributed_node_runs,185,-77.3149050420772,122.930625935663,57.8296090052362,349.34019635889,250.907834484155,188.162116606822,13.6156580125753,1.64755471132958,0,0,0,0,0.0821586372307335,0.540063358613772,0.457904721383038,394.170072454908,117.900913717051,157.633641345392,0,-76.3287386818266,121.189721797367,56.1208947322753,336.508594356245,203.33245918556,156.039413508497,12.1949862832698,1.63531211111331,0,0,0,0,0.111317586917008,0.413003246136526,0.301685659219518,322.522814498054,118.32229694807,162.780889057258,0,1
pAF,1892,distributed_node_runs,186,-76.03511463365,117.149070104382,59.1839140992549,311.29180752372,287.213280809745,203.530735424269,21.32304307702,2.52237536592293,0,0,0,0,0.0920713255860039,0.605118076116317,0.513046750530313,357.616670247109,105.096012305483,142.885358136468,0,-74.2971112320271,114.516546232189,59.5795182034469,289.431325111225,221.830642999106,156.903614416584,24.2249446092464,2.52690744644497,0,0,0,0,0.107488892602792,0.404126376177883,0.296637483575091,313.604136473354,114.406486643846,154.578083424892,0,1
pAF,1919,distributed_node_runs,187,-78.4805245156068,126.946216014743,69.6076096430489,387.539035973553,319.424549620351,241.114163252707,43.7972266033612,2.28620829398278,0,0,0,0,0.0812895267806259,0.599342485002453,0.518052958221827,377.513350327907,128.678619578961,148.568995566834,0,-76.3509411782433,124.387024101744,66.8397746443529,364.11031722961,268.387074851511,205.651671132888,35.5636170271137,2.21524627202234,0,0,0,0,0.112695398009121,0.481588500153501,0.36889310214438,318.396765849353,127.425118290364,151.209561900742,0,1
pAF,1937,distributed_node_runs,189,-78.0068371698152,116.407188165747,65.4041156358955,300.362028197847,292.373747558937,222.416625879407,45.2966481422991,2.31694531050744,0,0,0,0,0.0806175281599383,0.571430757825262,0.490813229665323,380.737919553576,123.593137825512,152.271952569849,0,-76.435036642415,114.207455072377,63.2827563202683,285.723698832988,244.561912727651,189.756685363707,39.4149681488598,2.24446791370428,0,0,0,0,0.111561217777787,0.455445930170978,0.343884712393191,318.563369163719,123.76489888045,155.056333430879,0,1
pAF,1957,distributed_node_runs,190,-77.7645128472275,109.833145142974,66.298127131758,256.668244344588,231.317660205612,164.343994031566,44.5836987732546,3.15120282093994,0,0,0,0,0.0960208012487155,0.719445853475935,0.623425052227219,355.684086680762,104.572266952149,133.648981651846,0,-76.4400989906658,108.499754564929,65.7328754014566,248.57438825731,190.841906424452,143.417391592498,47.0907972224741,2.88603720452011,0,0,0,0,0.130081983723811,0.560789489515659,0.430707505791847,305.331372535384,110.122236227246,136.8831835901,0,1
pAF,1960,distributed_node_runs,191,-80.0859417581538,109.11095726083,63.3835054731122,248.694863451587,222.099815420319,177.998134267844,44.2410070707265,2.6849743293642,0,0,0,0,0.0947550526404764,0.68608834509884,0.591333292458363,374.609933839303,109.773641136191,147.578275729573,0,-79.0678433172127,108.577944390434,62.7802483982791,246.773622659293,198.988915003716,166.046829414914,45.7981901145322,2.50529303250732,0,0,0,0,0.13034870383504,0.52980900319631,0.39946029936127,316.523807001133,115.911237638622,154.098479195919,0,1
pAF,1982,distributed_node_runs,193,-77.2803054889405,120.703188803403,63.7549767426768,334.444658103135,247.821449776435,175.895715011757,26.4355457577985,2.35656493004353,0,0,0,0,0.0816787552958802,0.535661473017711,0.45398271772183,370.260179886922,111.903538857769,145.227668215445,0,-75.9626255079233,119.09145724558,63.06458559053,321.233023928803,195.829709672635,143.731683661204,27.0472828171769,2.31132285845524,0,0,0,0,0.105279004690334,0.403595480861268,0.298316476170934,313.956050632227,115.543329165226,151.528748217509,0,1
pAF,1986,distributed_node_runs,194,-77.4260927900734,125.078366214742,59.2171028912988,378.872453714704,259.678383916871,182.943100699275,15.1702153610386,1.7381676107907,0,0,0,0,0.0902667217531941,0.620713658411653,0.530446936658458,357.743894062383,105.981996558206,141.966267944042,0,-75.7564261934663,123.504933498127,58.9828555210988,362.837117231786,208.060855293541,150.659161041145,15.1030879637547,1.72522118738198,0,0,0,0,0.112826225828639,0.447031434096525,0.334205208267886,312.167449842869,115.09271475576,149.456647246419,0,1
pAF,1988,distributed_node_runs,195,-70.4290217988302,93.8794390617338,43.5400475030268,166.556422560173,246.118766885484,175.017887860617,16.1125203204574,2.55062970869039,0,0,0,0,0.108246424231274,0.718637690295506,0.610391266064232,388.167051013625,100.78311732912,149.38840363809,0,-70.0260811194869,91.5090151801224,43.7152563824517,155.465641235695,190.71525718912,140.506727297623,17.8688727505541,2.62231826945936,0,0,0,0,0.132260676968335,0.459617446543195,0.327356769574859,324.09688596028,108.182843941613,161.33431829311,0,1
pAF,1992,distributed_node_runs,196,-77.2952091797653,122.841079483111,59.1760070199579,354.617648805289,311.540411322392,222.821278020099,16.1755674416709,1.64553565897222,0,0,0,0,0.0804065110103013,0.553979868390161,0.47357335737986,374.58802415018,115.250764834076,150.985669605462,0,-75.2990797899922,119.593151489541,57.0755932179606,328.372828693237,250.870239755877,181.013900081951,15.0821232202579,1.64321664277668,0,0,0,0,0.106388136896246,0.422589639906016,0.31620150300977,317.437457649521,118.832138786256,156.086914578272,0,1
pAF,2036,distributed_node_runs,197,-78.3415826508212,109.818256527246,57.132375167001,256.047210099232,202.00283466305,173.934817713503,25.1181720175009,2.58381988077599,0,0,0,0,0.113192350672622,0.780820953139284,0.667628602466662,381.069099678512,103.81129710102,152.191404989406,0,-77.8970140756302,110.255650591424,57.9108333881887,257.825404066644,187.615832451738,165.172831699649,26.781916185686,2.49176860461739,0,0,0,0,0.140177756041434,0.510440169913828,0.370262413872394,322.840302040346,113.246372961188,166.405067762599,0,1
pAF,2054,distributed_node_runs,198,-77.8683365909285,122.190802743905,56.0587700369908,356.622208815933,276.872728285918,208.9793203917,12.8109057209076,1.66629249009566,0,0,0,0,0.0935739483995065,0.650428388913679,0.556854440514172,358.613071151449,108.832766497952,148.230797477214,0,-76.1693084233321,121.241362042937,56.0052179856755,344.227188067131,233.114027934775,181.159386210591,12.288543859675,1.63267082039602,0,0,0,0,0.113794029065342,0.450204465786927,0.336410436721585,317.536275245377,121.217817352488,160.82940923581,0,1
pAF,2062,distributed_node_runs,199,-76.1065050511717,115.72657147166,65.9670409810045,293.429118760353,280.457845864199,196.881854821273,45.9957161579441,2.46302361994458,0,0,0,0,0.0816989456044235,0.577273452240633,0.49557450663621,377.688310589459,118.462392487731,145.3423304468,0,-74.6352186758598,112.235015907442,63.7628165051933,270.854620106549,225.311354209967,162.883728135021,41.7670803259971,2.44023275842483,0,0,0,0,0.114252438630592,0.466429446806901,0.352177008176309,313.422650663437,117.682054954923,145.632034882136,0,1
pAF,2070,distributed_node_runs,200,-75.7811045563611,88.7239348309114,51.2802824089323,141.177003960495,217.77832930423,164.1072261546,32.483596047321,4.03349486481602,0,0,0,0,0.106634261690895,0.749204034443315,0.64256977275242,379.738744388458,99.7315918303429,144.282780344401,0,-75.1547452559068,87.9029198037658,52.1991723745024,138.099045228453,181.269641562842,143.632631243214,35.7220222133328,3.79295680976793,0,0,0,0,0.136439547753605,0.510570418450524,0.374130870696919,318.373473027928,107.05148213197,154.932092158581,0,1
pAF,2079,distributed_node_runs,201,-77.5710741650268,94.7992445716113,53.9602894033548,169.632818185919,292.392969874105,213.922434413384,35.3755601771118,2.93803784647753,0,0,0,0,0.0901557608306307,0.607213073831362,0.517057313000731,384.863063896912,108.469511440271,152.147668116051,0,-76.1529758669513,93.0916740700769,53.3037811377249,162.495485609283,235.455605232451,179.222804293637,36.3785090670062,2.79922538303072,0,0,0,0,0.118169889132106,0.443113976629487,0.324944087497382,320.94159227507,113.901532637658,163.205386206558,0,1
pAF,2080,distributed_node_runs,202,-75.5693727642195,123.350713894224,56.6309207626972,363.793557248877,246.995339571411,177.981612991942,12.994757419212,1.62286019511521,0,0,0,0,0.0985509895526856,0.71463159123167,0.616080601678984,361.319169533519,102.696262902471,143.20745944432,0,-74.0793399536115,120.409408395964,56.2315473651828,340.019541586943,202.742487341515,151.986879007254,13.2778862284431,1.64453498565854,0,0,0,0,0.12857273674927,0.523313923040085,0.394741186290815,311.772526440895,111.371483421899,148.272416623808,0,1
pAF,2110,distributed_node_runs,203,-78.1018416628968,112.134961550175,56.3360611877289,277.195856772405,223.069464498716,167.286776393281,21.0702098066176,1.89457200243487,0,0,0,0,0.101599097300569,0.736784390231455,0.635185292930886,352.875351855611,101.251074550484,137.861991455922,0,-76.8881606941871,111.815235439857,57.0567178227968,273.46910693684,192.622851810782,153.948593587556,23.4545081189426,1.82658163250017,0,0,0,0,0.128428869747206,0.525605206917933,0.397176337170727,311.075478621904,113.233041600441,149.079453008586,0,1
pAF,2116,distributed_node_runs,204,-77.2758367368939,117.714649678272,62.0599730627267,308.711474398818,212.630528386479,160.940868582627,27.341222781899,2.3316513324462,0,0,0,0,0.0855609089943533,0.550680201634026,0.465119292639672,385.884454317464,113.586056671804,150.938279694606,0,-76.3988080748151,116.566433367739,61.3775480808409,300.688892960012,176.979822653953,140.213703236168,27.5567948917123,2.27771349772956,0,0,0,0,0.113102380336393,0.41563071118183,0.302528330845438,319.637507167245,116.925489666432,157.756844990876,0,1
pAF,2125,distributed_node_runs,205,-72.4024026885719,95.3009389990046,50.0771775731802,173.791971079905,280.256070555981,210.894512833314,24.7095404087158,3.24608078742313,0,0,0,0,0.113198287208496,0.76115385069025,0.647955563481753,384.26188556297,101.289790228104,154.027880267389,0,-71.4219430112176,91.9239003829482,50.0992226164473,157.248574982612,227.667012957812,176.790305191218,27.8863873675691,3.37830608009244,0,0,0,0,0.13672631179082,0.482469832299869,0.345743520509049,323.659714976522,110.028327320546,164.402066200314,0,1
pAF,2128,distributed_node_runs,206,-79.5751495155695,118.326521814994,58.4834327554742,319.828657432939,235.811296256143,183.402806225444,19.0689942952376,1.63158905476303,0,0,0,0,0.0916498731105381,0.665742304028497,0.574092430917959,365.576524385833,110.628173390192,145.848576179397,0,-78.3074977778136,117.87300427667,57.5744020633395,315.948204407275,204.495942271777,166.43271983655,17.3908173013115,1.57997613897169,0,0,0,0,0.121844465643886,0.500330165426767,0.378485699782882,315.496677035248,119.100211350516,154.281638129755,0,1
pAF,2155,distributed_node_runs,207,-72.3057401108661,90.1974921147093,44.4485323734068,149.427082666128,302.325187331131,221.08167161551,19.5682572993173,2.62736362341093,0,0,0,0,0.107230085740367,0.739406313009946,0.632176227269579,385.857076342938,100.633767230698,148.81107567169,0,-71.2720035691578,86.430886673952,44.1464387006998,132.881287221148,236.1846715512,177.31619745816,22.3919702004096,2.76766388991382,0,0,0,0,0.133611220725515,0.480272285637328,0.346661064911813,322.86737319209,108.745554568566,162.177981400693,0,1
pAF,2163,distributed_node_runs,208,-74.0187395598198,114.995760813509,58.8697629688011,289.04666634544,266.805225401768,187.393992488287,23.4247114685932,2.16604488859593,0,0,0,0,0.0950213375818563,0.663219673491085,0.568198335909229,380.751565477418,107.718870626159,151.947804173079,0,-72.7116284775941,110.602226294947,57.6326793714417,260.530075314171,213.639861748419,157.16600403719,26.0992387234837,2.22140537291489,0,0,0,0,0.129082538851926,0.504018099284482,0.374935560432556,316.94433440689,112.19512147069,152.453834433815,0,1
pAF,2178,distributed_node_runs,210,-77.8072651172645,120.902929187765,54.5846394400277,343.911764609002,220.711102764209,180.667970166709,11.9181257271775,1.59940590236511,0,0,0,0,0.113743439310002,0.875926335405725,0.762182896095723,358.996743992175,98.9983355075456,144.878989791464,0,-76.8101994869245,121.055816700663,54.7701502169639,341.405105214646,203.694387044437,172.889901400911,10.9200719995715,1.55553617325131,0,0,0,0,0.148734026501162,0.618075192473822,0.469341165972659,313.310045535276,110.321084434108,156.000566771071,0,1
pAF,2184,distributed_node_runs,211,-75.2599419362588,117.722953087512,57.7982713846821,309.282489450706,282.087632842988,191.620007190933,18.9145077475405,2.11075080875162,0,0,0,0,0.089059002012854,0.586846946666869,0.497787944654015,386.616994441501,108.615799290455,152.040917625978,0,-73.7193829605674,113.789146337299,56.6635601724256,281.895983279325,220.673926004176,154.944077299708,20.1866601123438,2.14476359306718,0,0,0,0,0.118036517590227,0.439075148370649,0.321038630780421,319.639351598056,112.331366459697,158.361500475172,0,1
pAF,2198,distributed_node_runs,212,-76.5926091480273,113.084384474882,59.523685103799,281.16043957906,243.809740368299,175.159516474931,26.1031705050627,2.30573782743886,0,0,0,0,0.0925326147016211,0.628017223664776,0.535484608963155,361.330670566858,105.853005538876,142.010074163459,0,-75.2568976450866,111.55975108384,59.7149454189053,269.529350483056,195.511221222725,147.255068848273,29.5976857615387,2.25056186689835,0,0,0,0,0.115534292952193,0.447826133435141,0.332291840482948,313.60051739799,114.622273606983,150.33151419798,0,1
pAF,2200,distributed_node_runs,213,-73.0743667674848,98.1520703709361,57.4126789810876,187.682376235553,331.035336580804,241.207096429112,44.0292672152864,3.30726798022079,0,0,0,0,0.106018884407357,0.780018403744361,0.673999519337004,377.452026457795,104.099416326797,155.004506001636,0,-71.1933376777601,90.9932657730111,55.6429114170286,152.847059569248,274.595826572433,208.063929669919,50.9402734039541,3.63979629877576,0,0,0,0,0.144279950612177,0.579181842724547,0.43490189211237,317.444327774214,110.160015873749,155.455853727686,0,1
pAF,2274,distributed_node_runs,214,-71.4835951325917,115.229579941855,60.8336788226872,297.336785250666,274.765528986332,182.472890324614,26.6704967444166,2.7785257804062,0,0,0,0,0.108034713717197,0.791461343766404,0.683426630049207,352.609206815177,99.2803257236737,136.105185595292,0,-69.5439411690138,106.246468616498,60.1951117735746,236.27151781197,209.447045682628,146.275857911045,37.1998717169408,3.04600150235638,0,0,0,0,0.137692917507542,0.566619599728936,0.428926682221394,307.091261718433,108.842808092104,138.637499249914,0,1
pAF,2275,distributed_node_runs,215,-74.3748373453189,119.24349572173,53.2718603286389,328.835161388462,314.939171006437,231.479571852578,10.6756963844309,1.55372276559501,0,0,0,0,0.0930649147786883,0.665000418195411,0.571935503416723,376.849613090038,110.481615154058,155.811308715193,0,-72.4498439765434,112.822381660326,51.3545898561463,282.697200046292,257.071771620052,191.719657481859,11.5253216137389,1.62964253732935,0,0,0,0,0.122420939228899,0.48393410815365,0.361513168924751,319.601552422613,116.214758723087,160.076241492032,0,1
pAF,2280,distributed_node_runs,216,-76.4684673284088,88.7070995466936,55.5326587250115,140.917452392996,235.793779087311,182.289120730937,46.5859807087763,4.92263203709444,0,0,0,0,0.0982000848723077,0.641782808535166,0.543582723662858,384.043607302039,107.173556678412,150.388486955682,0,-75.6287279682187,87.8085569009606,55.7943229397089,137.54391237179,196.586319199505,160.761551894273,49.2409154013476,4.58280072997877,0,0,0,0,0.123077028104959,0.441253921561463,0.318176893456504,322.231894994107,114.581056681644,163.536380348681,0,1
pAF,2288,distributed_node_runs,217,-77.3246874616298,124.410619604404,61.9101147890222,370.582832068923,240.604134478177,179.467561952442,19.985247716897,2.04672559088795,0,0,0,0,0.0936332853727282,0.645180111565116,0.551546826192388,363.517400024553,108.827112497151,143.926226685338,0,-75.9309287788949,123.409769818618,61.7912149183262,358.685174215688,203.064518043611,157.999176117348,20.7047154620304,2.0038252693339,0,0,0,0,0.119054963770459,0.46825921877857,0.349204255008111,315.704607147971,117.826174451493,152.771233858887,0,1
pAF,2305,distributed_node_runs,218,-74.476088195531,100.516150163322,53.0009642724169,201.306787769928,289.645834866446,221.851663253328,27.7423253276356,2.27762792637077,0,0,0,0,0.0978869969999761,0.695940321219106,0.59805332421913,382.418384169112,106.933265643616,157.782637947068,0,-73.238408790933,97.0864951305501,51.8991256750635,183.410781617724,240.337932212416,189.415400911454,29.8347649689895,2.31782687902523,0,0,0,0,0.1315617798505,0.510192754849782,0.378630974999282,320.076513986463,112.530886629029,161.430922647226,0,1
pAF,2306,distributed_node_runs,219,-78.580042963897,119.939262234453,61.805862962628,331.674674056688,268.299116487811,205.617876594202,25.4626767991722,1.87859416007996,0,0,0,0,0.0989384843740719,0.753274203503742,0.65433571912967,367.21929351618,110.0546970301,147.311189636771,0,-76.9153734449671,118.777636287047,60.298510002209,321.36316311211,234.187135699161,186.63330790494,23.1525613247177,1.8076180936514,0,0,0,0,0.135240336260819,0.57576184688937,0.440521510628551,315.49093180096,118.214579880834,152.184885465538,0,1
pAF,2313,distributed_node_runs,220,-79.6764893403483,114.719857742455,63.91204633887,290.155783776358,241.591753042332,181.320959907142,41.0941138567869,2.14798698052618,0,0,0,0,0.0866814468137293,0.621320996303234,0.534639549489505,366.494147938669,114.054063562187,142.615663129196,0,-78.355912701767,113.934794734656,62.698015710625,285.420637341052,206.074700057688,162.161006661976,40.5024692212646,2.0459886204444,0,0,0,0,0.116812195417065,0.481846886559398,0.365034691142332,313.776936889779,119.91600005651,148.415283921309,0,1
pAF,2321,distributed_node_runs,221,-70.155261330936,106.512985583338,45.2590388411742,238.773048566832,280.812714110325,189.523051457014,11.0152766507526,1.79951688688016,0,0,0,0,0.0986057895576371,0.675813563276887,0.57720777371925,391.522683490206,103.274288124194,153.960044714223,0,-70.074054491988,104.08836107703,45.3652395255137,224.046568785603,212.156686372644,149.064865579057,11.9180859543994,1.8403242183922,0,0,0,0,0.130418691495935,0.479865114156311,0.349446422660376,321.619549504849,107.686177125859,159.155585384075,0,1
pAF,2327,distributed_node_runs,222,-75.8181786267992,121.128664519666,59.1180883295131,338.720563440949,250.223287046021,178.25251685339,17.4378320185497,1.71190418482729,0,0,0,0,0.0882017774210693,0.622758897569563,0.534557120148494,370.990820105791,110.508972093034,145.329226324537,0,-74.5023975348079,118.210081284742,57.5982277006098,317.342749317724,204.944497548368,151.001895659047,17.0814239120264,1.71686672088981,0,0,0,0,0.119133486390307,0.478280222678654,0.359146736288347,313.867145586479,114.522668297661,148.598520216811,0,1
pAF,2329,distributed_node_runs,223,-77.5275439011,120.759754836829,54.6533656548475,339.440435014345,257.187323475155,209.844230915856,11.662134540602,1.5879378314421,0,0,0,0,0.111736763826145,0.86218386012682,0.750447096300675,367.168691586718,101.67411638968,152.808185114158,0,-76.3002752054852,120.112374625747,53.9883821233343,331.646812243448,230.869107185001,193.495315905639,10.4245366792202,1.55499152430639,0,0,0,0,0.148674436447414,0.615762923077604,0.46708848663019,316.671002385665,111.643584606343,161.398720358171,0,1
pAF,2360,distributed_node_runs,224,-77.2704463566576,123.471553877756,61.4054351742101,357.070258535545,217.443781918642,172.349175523486,19.8671843177435,1.93041673291009,0,0,0,0,0.107041556129228,0.798092578462382,0.691051022333154,370.850061945275,104.344512296702,146.546483825514,0,-76.3059852073157,122.583908319898,60.7222444579515,348.635184779526,196.016524725066,160.127551380599,19.14363324035,1.87903004262625,0,0,0,0,0.14786928429524,0.611448948001495,0.463579663706254,313.007967758815,110.465870585373,150.108601422832,0,1
pAF,2385,distributed_node_runs,225,-79.0789989348105,124.549328510175,60.7103764236505,374.145969385909,279.485422352998,211.874639775204,17.3606756303416,1.65151201400295,0,0,0,0,0.0848506159985058,0.59976110935468,0.514910493356174,362.822459781972,116.589386719352,147.49635950476,0,-77.3559225473817,123.696993211993,59.6024039695948,363.900731069392,236.351710918298,184.065983831686,15.6481724581754,1.60348213553516,0,0,0,0,0.108747120942269,0.446122808033093,0.337375687090825,316.672217213265,124.816922087313,156.678623960538,0,1
pAF,2396,distributed_node_runs,226,-72.6386830661171,84.8625333966698,42.7549501624495,126.830967673077,333.197018214036,241.913177875074,21.3054804824424,3.00951978570811,0,0,0,0,0.100925744151138,0.653280460029997,0.552354715878859,385.010903370443,102.809984871667,150.925987071242,0,-71.1312329546784,80.156629249615,41.9350726189887,108.156856070838,253.64437792333,186.955603034399,24.0720145895466,3.27455027681208,0,0,0,0,0.119588562566538,0.410539476135525,0.290950913568987,324.969506957434,111.846407300349,167.522074995088,0,1
pAF,2400,distributed_node_runs,227,-77.0413635192956,107.909929622566,58.945242029838,246.579744944827,288.758726447435,220.846359315219,35.7402074237543,2.33017494971136,0,0,0,0,0.103232632247829,0.775699452021027,0.672466819773198,363.507745355113,106.315679024548,148.97609223822,0,-75.2534724909597,105.680022929605,57.9326698685416,232.232115683633,251.22636848106,200.793474145772,39.6148473625253,2.25606426048034,0,0,0,0,0.136487096993112,0.570979082576695,0.434491985583583,316.865193623988,116.853734871052,155.89382607387,0,1
pAF,2421,distributed_node_runs,228,-75.2525313485498,118.790317865343,51.8553807253351,317.239443030166,223.999443382112,164.164253680538,12.3079128645986,1.9777815129346,0,0,0,0,0.107077555677446,0.695575405081742,0.588497849404296,392.460058612567,104.179826646301,151.51123235585,0,-74.6403834662298,117.758919698487,52.1894334770058,309.200226040158,184.3304521315,140.245475485845,12.6123070571048,1.97058360607843,0,0,0,0,0.132657635300499,0.464547648842996,0.331890013542497,324.542099664985,110.359611346274,163.333885581233,0,1
pAF,2433,distributed_node_runs,229,-76.5162157926875,106.120413919276,57.2218923416967,234.751353723029,306.094068520499,232.515940560108,31.1076006926596,2.36838696735504,0,0,0,0,0.101719093773814,0.742667571659444,0.64094847788563,370.044495779344,106.269175876718,152.456844094458,0,-74.670460348622,103.313921896379,56.4552941693279,217.635204905125,253.691029658657,199.532296581692,34.3970340781707,2.32551023923224,0,0,0,0,0.131331296980734,0.528255553165587,0.396924256184853,318.476099625914,115.91780457769,159.723046148126,0,1
pAF,2450,distributed_node_runs,230,-73.6700125838694,98.0476930438839,54.9971381353285,188.894115997163,288.833226807888,203.25214073719,34.7341500619514,2.68869256001199,0,0,0,0,0.0933567879641719,0.636166586895543,0.542809798931371,369.588557039009,105.455997118821,147.074518432615,0,-72.1378926791204,93.460985735607,54.1396697557149,165.757982040907,227.51807732059,165.304837999462,39.7775369247684,2.78696577770097,0,0,0,0,0.119420514976693,0.457972306740738,0.338551791764046,315.508972269723,112.761930126522,152.376565782224,0,1
pAF,2481,distributed_node_runs,231,-78.952844467733,119.602543731361,68.0814865528736,323.670610559977,258.626440875327,185.918449029567,44.6649449420001,2.43487952642317,0,0,0,0,0.0779569931931345,0.53757404468092,0.459617051487786,372.508948571434,119.588049027276,144.453602003035,0,-77.5420897967856,118.117966544295,66.2580440566478,313.614969697,212.086257759849,157.607540835845,40.5110477566814,2.33752108682893,0,0,0,0,0.106190119955924,0.429370792148526,0.323180672192602,313.149556212484,119.786659261827,147.094497223413,0,1
pAF,2487,distributed_node_runs,232,-76.7771223180409,107.916326335339,57.5724288042047,243.303742460978,229.669672575546,161.692730821953,28.7655104826335,2.1558744425638,0,0,0,0,0.0813831779745967,0.533194259208828,0.451811081234232,387.697822686954,111.489098237769,150.076179169904,0,-75.9589077497144,106.290192009158,56.3742714034734,234.522801163598,181.463267121064,135.226191985745,27.7799541907298,2.12969992139915,0,0,0,0,0.110178574539034,0.408450047141365,0.298271472602331,318.756891072979,113.113497026276,156.49965933127,0,1
pAF,2497,distributed_node_runs,233,-73.5409662105923,117.72880723371,47.5102225952984,318.448198789174,313.991724555941,221.114773532172,7.87910965486662,1.67003287246916,0,0,0,0,0.0966936671171885,0.627154224849915,0.530460557732727,385.133387284084,105.484666550932,156.146470643397,0,-71.707038778119,111.312426208213,46.2885670100072,271.999682146551,241.147544426916,170.698439375763,8.81119703527656,1.75717235886987,0,0,0,0,0.117145976345652,0.412919828496568,0.295773852150916,324.089063522664,113.021571669055,167.19990246592,0,1
pAF,2512,distributed_node_runs,234,-76.5371663456964,94.4481723511813,50.367041656682,168.678076512599,229.082983144093,174.235026591115,26.1140259720487,2.66161897154234,0,0,0,0,0.105255559412244,0.767979318438261,0.662723759026016,376.390857226586,99.5385946113602,143.741361234614,0,-75.7844023374164,93.4424890454554,50.8216367473677,164.409897862331,194.673128979743,153.949198848331,28.6676947626293,2.55749451344309,0,0,0,0,0.139813025276463,0.546525666008733,0.40671264073227,315.738613517657,105.586631553655,154.068320391747,0,1
pAF,2515,distributed_node_runs,235,-71.3119374841765,112.106409120908,51.4660632377331,275.170981350914,312.316040571815,207.945536244406,15.0157387024519,2.15173835433961,0,0,0,0,0.0929562546052465,0.602531519426849,0.509575264821603,379.039660964831,104.510632448255,149.384305675316,0,-69.5469733468008,103.002079758217,50.4125211745878,217.27129784764,230.583686661401,155.74738818996,19.2523478779003,2.39288201570162,0,0,0,0,0.115530569534883,0.417510264693897,0.301979695159014,318.682160848934,110.621650622546,157.130582980988,0,1
pAF,2536,distributed_node_runs,236,-74.2072598516572,108.032543397375,46.3853665996753,244.337836951416,285.904389610012,204.303006620154,10.9874693923848,1.75463944939838,0,0,0,0,0.0917884766318541,0.599370849590739,0.507582372958885,398.705225545003,107.361423146533,156.970951757135,0,-73.3707789361115,105.127722246464,45.6382663440789,227.432725579826,223.522211795374,162.788088580088,11.3549191857346,1.78904598507143,0,0,0,0,0.119632609576695,0.422696828942088,0.303064219365393,325.866983508862,111.329850048554,166.435921661588,0,1
pAF,2552,distributed_node_runs,237,-73.8600105590513,118.93611472612,46.2302505317798,333.383061305651,225.180335300749,162.621575091121,7.55423168234847,1.47649050126347,0,0,0,0,0.113445017393516,0.837588564582212,0.724143547188696,365.874911766106,95.4433482742606,139.61350183767,0,-72.8946150571652,116.69684189665,47.0876540688605,315.874981520669,180.915313841702,135.516406667943,7.5967229664966,1.49685553042582,0,0,0,0,0.141313079417506,0.547497481609173,0.406184402191668,314.624386575204,104.621181741586,152.061943646656,0,1
pAF,2582,distributed_node_runs,238,-77.357861937097,110.209780115503,60.7171458545017,260.362803342822,223.71412856978,172.051200217451,34.5073984173869,2.38949459421565,0,0,0,0,0.100927264314533,0.736033411680645,0.635106147366112,364.022146690761,105.050855838395,142.40522797063,0,-76.2287791640925,109.334274712376,60.5938338031395,254.186137325185,191.649975683846,155.32046772556,38.5232534380739,2.28030973374189,0,0,0,0,0.132906690032892,0.541331087875052,0.40842439784216,313.172512142311,113.834625998916,148.878845304456,0,1
pAF,2599,distributed_node_runs,239,-70.9288709949953,110.549776365909,41.1532629554995,277.455457181447,323.450943416079,231.577897266332,6.613460659064,1.57702948058432,0,0,0,0,0.116603882719441,0.848022938540071,0.731419055820631,367.031828783751,94.4937459136199,147.148533472305,0,-68.9558072606874,101.091175205835,40.2601589006696,212.532713996046,248.771698050736,178.618388568982,8.59179561208293,1.73993507183695,0,0,0,0,0.136714592204969,0.507573880192988,0.370859287988019,320.263347077598,106.488643832898,158.617676063606,0,1
pAF,2603,distributed_node_runs,240,-76.1067325775977,117.124640215385,56.5528319775729,312.202314048223,281.909677891636,209.479688698164,16.416143817085,1.70794400802697,0,0,0,0,0.0994876229308748,0.739181169966356,0.639693547035481,356.55220886966,106.435963883174,144.197900469866,0,-74.2844743041295,114.029618662042,55.4092780791663,288.146082739982,236.22118030355,181.351411232077,16.6201132130664,1.70895242185725,0,0,0,0,0.127961089973578,0.533445400254837,0.405484310281259,313.676590234594,117.5568830253,150.607887565391,0,1
pAF,2605,distributed_node_runs,241,-78.5497283943543,104.05037692901,66.0605824686274,221.137380387379,220.611569263267,161.229916205535,47.7549294494747,4.4051204911666,0,0,0,0,0.0885699661377307,0.600545550823362,0.511975584685631,358.537040556235,108.898272439241,137.076722030634,0,-77.4719020091722,103.434609956243,66.191379726749,217.981712374886,182.802625251417,143.163636751702,51.5519145952749,3.95196468713402,0,0,0,0,0.112752115080726,0.446688807513336,0.33393669243261,310.723757070911,116.239611745619,144.840281595032,0,1
pAF,2634,distributed_node_runs,242,-72.9273782699451,109.483038366115,51.8933087177665,253.773484972591,320.300493020201,219.987616742779,16.6976934679042,2.21098210056516,0,0,0,0,0.0969316768085239,0.635819594761792,0.538887917953268,386.724101136329,105.728729294569,155.509136958374,0,-71.1409742649649,102.514260600734,50.8520165056314,212.034081834652,238.187030684472,168.184583001446,20.0028879010424,2.3862052415825,0,0,0,0,0.121250906619704,0.435073840106084,0.31382293348638,322.290667405894,112.03258393583,162.279656251635,0,1
pAF,2642,distributed_node_runs,243,-78.861909131006,124.882817411145,62.2064679128468,374.404132689338,253.674453084146,208.256266141965,19.8898839447356,1.80421304450283,0,0,0,0,0.0996848004295202,0.746238078491467,0.646553278061947,370.999343547235,114.124905986857,151.125749888504,0,-77.48914238129,124.525921682673,61.1781543542784,368.199879933358,225.846414778396,190.830530400246,17.7922465515076,1.74473100565592,0,0,0,0,0.133593454339473,0.554463455490848,0.420870001151375,319.446588094743,123.292982769683,158.512532127677,0,1
pAF,2643,distributed_node_runs,244,-74.5063630163192,123.582831927336,57.8939416941503,361.777561051931,345.408027738224,239.797724475924,14.3877591116325,1.77299626359309,0,0,0,0,0.0793853347197374,0.527168382619941,0.447783047900204,383.554170739721,114.669554039203,155.884322338321,0,-72.2520890584174,115.383658246029,55.2843069914419,299.418809381439,269.309849028945,186.717817984751,16.4828274339598,1.8848353332105,0,0,0,0,0.105619811316471,0.404131149447371,0.2985113381309,319.253453347526,116.541487001032,158.105055424374,0,1
pAF,2672,distributed_node_runs,245,-77.05794567021,124.902896785969,55.1375833315714,380.164825326707,284.966645778339,225.154543416429,9.98146378459205,1.55320034147735,0,0,0,0,0.101711401881758,0.75161987601897,0.649908474137212,362.626751364573,107.892717235882,152.789993181187,0,-75.2759983447057,122.92067346936,54.3163578130717,360.785443353282,250.351084361944,204.491405450211,9.15357933490668,1.55206718773479,0,0,0,0,0.128074273020204,0.522017873479841,0.393943600459637,321.308093566739,121.530420067262,165.831934682423,0,1
pAF,2697,distributed_node_runs,246,-77.4728705166537,110.001678947226,56.4027924218918,258.385383053188,297.829625219536,206.755746144438,23.4096560004982,1.94447313681303,0,0,0,0,0.0805674386342455,0.533165288912897,0.452597850278652,380.879625971487,111.841209441351,151.32696879177,0,-75.8045902698764,107.56786845239,54.7684514273038,243.638544118916,232.801110809396,165.546071982866,22.7012933246624,1.91137162025188,0,0,0,0,0.106230726300715,0.401468212923425,0.29523748662271,318.993691524993,115.509479873504,159.912926870985,0,1
pAF,2699,distributed_node_runs,247,-77.984319239194,122.691129898441,63.9439952841478,353.582992124997,292.861252202048,209.191346593158,25.7344366746111,2.14985515142325,0,0,0,0,0.0796353873011497,0.53567760495899,0.45604221765784,366.351797625553,114.467601310556,146.684475954867,0,-76.1301211618501,120.61926487211,62.5310274141206,335.310226990145,240.625663873019,173.431414840852,25.4130153142651,2.10141113914869,0,0,0,0,0.102834148797874,0.40817796029785,0.305343811499976,314.000818377332,118.951420622747,152.745613964149,0,1
pAF,2726,distributed_node_runs,248,-78.6859868254154,126.001768038333,64.4110099633686,380.351941493652,218.552976982653,170.038555084204,24.4395924131095,1.82984357326495,0,0,0,0,0.0821506529255479,0.56521794896378,0.483067296038232,374.145931525796,119.430842566602,144.531414768973,0,-77.6585632496342,125.142764219786,63.0567575205228,372.620352601778,185.866319519198,149.717923310862,21.857745447629,1.78797992459658,0,0,0,0,0.110840061056759,0.440546793511852,0.329706732455094,316.19384707143,121.809103077641,149.060803538844,0,1
pAF,2727,distributed_node_runs,249,-76.9995621114957,122.355324159661,55.9194539242914,349.549337416241,233.895589340093,160.390649555309,13.2917002653194,1.5970238520822,0,0,0,0,0.0843678029550404,0.56201665195132,0.47764884899628,376.610890612174,107.353553199879,146.811811591193,0,-75.8017476119481,120.665754779612,55.332820517155,335.919365061408,183.599259805229,132.007543240983,12.8714029345101,1.58135490065251,0,0,0,0,0.110871066634737,0.420705620029146,0.30983455339441,315.419434908337,111.151535716996,154.288371237669,0,1
pAF,2742,distributed_node_runs,250,-79.1851746466657,125.067103572588,61.1612234232284,374.213318700901,233.442132887969,174.941367067382,17.7908828911241,1.69946181929117,0,0,0,0,0.082077543165896,0.553759991432514,0.471682448266618,373.769393295603,114.864402401938,148.016709305177,0,-77.9591953172778,124.365054896353,60.1451526842017,367.257018899788,195.286525946784,152.36233207109,16.2366900555462,1.65800555540773,0,0,0,0,0.108532199815104,0.421928908479487,0.313396708664383,317.104972847006,119.551623574804,155.827525565325,0,1
pAF,2758,distributed_node_runs,252,-78.1959336460569,112.161829945325,66.7121094634111,266.683770472343,214.11113198167,168.698353042186,47.8310153687635,3.47230403277354,0,0,0,0,0.104817119536698,0.74961518321384,0.644798063677142,383.803223487841,106.981015199381,148.997238088474,0,-77.4904678522748,111.26857120037,66.089740855516,262.007263216777,190.572648154706,155.41473680456,48.687230192736,3.25704093809327,0,0,0,0,0.145570080078758,0.574681219359473,0.429111139280715,317.200785054352,111.146549689889,152.59804642468,0,1
pAF,2763,distributed_node_runs,253,-71.3194079705001,94.9126669363639,55.0366828584844,171.281898405317,332.361728520969,242.93603226744,41.9891796099328,3.13421293857391,0,0,0,0,0.10370736204609,0.772885714605551,0.669178352559462,374.34171277834,103.87314478925,152.676684394238,0,-69.6274961256567,86.4427136357882,53.3830707240273,132.789889181765,272.335131682339,205.62078670946,49.6752151587862,3.76823490982497,0,0,0,0,0.141839155170494,0.578511786779741,0.436672631609247,315.400607531701,109.762326104155,153.488179050849,0,1
pAF,2765,distributed_node_runs,254,-77.9217649503663,121.100814282257,56.991897698936,342.900409162782,214.181776676247,166.761714505228,15.3404461675382,1.83684305421048,0,0,0,0,0.0995811867849026,0.687813660617093,0.58823247383219,370.311012296232,104.919375287544,146.067406670716,0,-76.9164546727087,121.021064673169,57.6402155957794,339.310017503446,184.398236157376,149.959977077619,15.5254555017455,1.78489600973626,0,0,0,0,0.125704448966074,0.479839964057275,0.3541355150912,317.491061082012,114.209406726906,158.10236237733,0,1
pAF,2766,distributed_node_runs,255,-77.0614586820775,113.39346826423,56.075566022012,280.75697653071,299.991507078244,232.106707348663,18.9991004664043,1.68125245136616,0,0,0,0,0.0806009107083654,0.557861020567276,0.477260109858911,389.271495966248,122.396620815984,159.915902930586,0,-75.7258821016617,111.007114525265,54.1800993841325,265.495761624641,241.057138193832,188.074288668682,17.4820056549615,1.67598869441281,0,0,0,0,0.108632374579155,0.421472234848208,0.312839860269054,322.496968456639,122.532508483113,164.958250080699,0,1
pAF,2775,distributed_node_runs,256,-80.0631905795827,107.266655778035,59.8800241446296,241.274623562167,282.569849552667,213.120272067092,43.2678419764852,2.20991416662582,0,0,0,0,0.0860963207205638,0.606485008503814,0.52038868778325,355.068320054954,115.859268593624,143.251190045084,0,-78.4172369106608,106.445465134351,58.9121518512642,237.538851588395,243.009151921993,191.367136895769,44.8505886401472,2.08448239019344,0,0,0,0,0.108597199395649,0.450141180008697,0.341543980613048,315.795958804356,127.053788280602,155.422696570189,0,1
pAF,2792,distributed_node_runs,257,-71.2895904365937,111.302881964366,38.5538321479922,282.945339290502,335.090596959672,230.13132015337,5.66429290112865,1.522272686816,0,0,0,0,0.101782322158387,0.668381995542196,0.566599673383809,377.429225189699,99.728772824521,146.473517685381,0,-69.2296965637269,101.494931713606,36.7283689194144,215.633422369133,245.740324140806,163.90242284241,7.14914430635326,1.67750164167228,0,0,0,0,0.117272276379446,0.405028975439494,0.287756699060048,322.664531886669,108.818254187165,163.197423953704,0,1
pAF,2803,distributed_node_runs,258,-78.881371765979,106.749708679292,57.5493184914671,240.357501655848,236.671412754542,176.382858512407,30.6997696337203,2.17092781732936,0,0,0,0,0.0938229073986749,0.654973172851316,0.561150265452641,353.765651020134,106.16313624505,139.4519776918,0,-77.615338267512,106.319457656254,57.7420656814514,237.529064534022,202.248393728503,160.858713285968,36.2600515324557,2.06467038874325,0,0,0,0,0.117570510006544,0.473649233572166,0.356078723565621,312.835500788249,118.42902100741,151.23897234135,0,1
pAF,2805,distributed_node_runs,259,-72.2721726934712,112.114018977223,51.9619258420965,277.194344199909,318.47142645382,225.111617005692,14.3613960547227,1.92618949963799,0,0,0,0,0.101482733328484,0.710190376862985,0.608707643534501,364.252077627963,101.923585203818,149.625677685063,0,-70.0811229286198,102.567475817065,51.0073462937589,215.83403270913,251.969783622382,180.469129487654,20.1267200914626,2.1298694375073,0,0,0,0,0.124704265733054,0.480112090596729,0.355407824863675,315.747454314489,111.606764909669,154.700984502116,0,1
pAF,2824,distributed_node_runs,260,-73.385579380618,93.4435740381797,54.1721406829224,164.309164364861,316.736781061249,235.327384408847,43.954312509064,3.11910376409651,0,0,0,0,0.0886926360805806,0.58374987199419,0.495057235913609,393.717631837819,113.033123180729,162.645304073603,0,-72.2088324152939,89.2139430005175,52.6130580245879,145.119475847397,252.129149450451,192.309365945377,43.0531985283924,3.25265261803725,0,0,0,0,0.117942551869136,0.430221903682646,0.31227935181351,324.118244871246,116.343828211488,165.372473212236,0,1
pAF,2825,distributed_node_runs,261,-77.2733175238775,96.8710761051941,57.0251925672335,180.55418088531,260.013544097746,199.589838229353,43.1547284425906,3.25470704828331,0,0,0,0,0.102669759764974,0.737292899498667,0.634623139733694,372.322772133986,104.582898173983,148.175434950452,0,-76.0505076402045,95.6955759317408,57.0170620558192,175.189723276546,218.214912067102,175.845665254314,46.99837453687,3.02972122178471,0,0,0,0,0.133685953132707,0.526709376096069,0.393023422963362,317.218544801686,112.989674705324,157.299312967885,0,1
pAF,2866,distributed_node_runs,262,-79.7845423270598,120.48078006517,62.8355975035568,331.384794767274,325.915714172967,238.88331240783,37.2341211826206,1.71423970405885,0,0,0,0,0.0854934254043377,0.717878986825243,0.632385561420905,365.632156717984,122.250816152839,141.765521628217,0,-78.0966874168838,118.269249901534,55.1338995812038,313.527434464547,243.845439878834,171.203863379167,14.6329277993718,1.65564670789536,0,0,0,0,0.116211440593025,0.552405370284262,0.436193929691237,296.018374556588,98.4273355733749,136.23560353944,0,1
pAF,2872,distributed_node_runs,263,-74.8890468569737,93.3084042460026,47.0777191688289,163.202770406866,259.997947986187,187.327215169957,21.2829472715821,2.59326944016357,0,0,0,0,0.0992039795725934,0.680057321260539,0.580853341687945,392.302366866556,103.128096607536,151.162677419476,0,-74.3660558758778,91.797640186412,47.1613944294075,156.572292607761,205.69818261193,153.608233802381,22.5753696544343,2.58510775106333,0,0,0,0,0.130292064803926,0.474347094177049,0.344055029373123,321.666772278713,107.957714900371,159.681906371263,0,1
pAF,2910,distributed_node_runs,264,-79.5257167633739,122.115570846998,62.7768676308984,351.106295843883,249.903261187828,192.156329976184,25.0847339288594,1.81489848202909,0,0,0,0,0.0951119669087025,0.711237394228485,0.616125427319783,361.775707891022,112.089345742053,143.165672546053,0,-78.0103629188829,121.702538373805,61.774126264945,345.88330460262,216.374772685784,174.386475563082,23.2119572945703,1.73482283887643,0,0,0,0,0.126542882993235,0.536446136556019,0.409903253562785,314.70198771498,121.396903599918,149.586681548911,0,1
pAF,2911,distributed_node_runs,265,-74.813868876372,117.190113681958,59.1225892306603,304.987634083618,319.859262214763,232.837937679142,21.8854852308941,2.05593485155987,0,0,0,0,0.081605682403768,0.536204594531255,0.454598912127487,393.226423121589,121.187040135927,159.808826893714,0,-73.1823200640687,111.854867933733,56.6758161410762,269.284699031125,255.310402542946,188.733215681739,22.5117283821055,2.118703953558,0,0,0,0,0.1092819516294,0.408139122388883,0.298857170759483,324.250108051881,121.86087144466,163.815988152371,0,1
pAF,2923,distributed_node_runs,266,-76.3571030165115,107.713624180951,54.2499722606098,247.954923243886,313.801127141851,236.418131324164,21.3989148830224,1.99377644194465,0,0,0,0,0.0970413308279371,0.688380104450807,0.59133877362287,359.177138577252,106.789493024909,149.384512171828,0,-74.35865850303,104.506525138173,53.679004239668,226.822095246686,262.785279049313,203.731353240069,24.3174367690262,2.00003472488606,0,0,0,0,0.11881262073995,0.476240464879502,0.357427844139553,317.706854649776,119.157870521642,160.167363462867,0,1
pAF,2933,distributed_node_runs,267,-76.8406461260423,127.22096245166,59.8330851085571,394.082321526036,286.509067725608,212.154609254401,13.0871962840902,1.49337085939624,0,0,0,0,0.0933793657087687,0.723063368783454,0.629684003074685,372.35518985433,118.639102936766,146.922456845883,0,-75.1785049543144,123.894281127284,57.5440714217116,367.929171103072,233.836536836308,176.013187750217,11.6641082141432,1.50102998124203,0,0,0,0,0.128389067068147,0.550415470619576,0.42202640355143,314.851804363825,118.477400043532,147.469197207216,0,1
pAF,2939,distributed_node_runs,268,-78.5452072553094,102.375926267437,59.0340442151696,211.926504975726,255.739466684194,196.952057564013,43.0356825749623,2.79142680311634,0,0,0,0,0.0916491858082377,0.627367126889954,0.535717941081716,364.729634879681,111.526871641152,146.816836379045,0,-77.2334629056149,101.625289899487,58.9227730807829,208.084318158843,220.089458046328,179.32328374085,47.5698147405055,2.61782594967735,0,0,0,0,0.115551219914153,0.453120140718596,0.337568920804443,318.343159437307,122.631502583317,158.33751067662,0,1
pAF,2947,distributed_node_runs,269,-77.6974919842367,123.58345032474,60.3762240244107,361.525797368116,219.848076345275,179.015899677586,17.7659979849414,2.08771285438706,0,0,0,0,0.105649689221877,0.72772258463954,0.622072895417663,375.783601526135,107.97204209536,150.949151613017,0,-76.7420701838659,123.56400049586,60.3486282783239,357.834201044766,197.957853339532,167.259460310732,17.3053521956099,2.02841664886,0,0,0,0,0.135437003682169,0.51445641499023,0.379019411308061,320.571666555643,117.256960461596,161.243507845226,0,1
pAF,2979,distributed_node_runs,270,-77.9875516949434,104.973466537315,61.3829227701574,226.705898465651,302.355663586444,228.420746505835,45.8409815117193,2.8848155498199,0,0,0,0,0.0833183167830219,0.561791745113698,0.478473428330676,374.351455415461,118.070484533651,153.325167777769,0,-76.3403984688454,103.152525505834,60.1915664127109,216.595827853685,249.111459625903,193.896754890473,44.2950353937958,2.75332841931231,0,0,0,0,0.107161353217485,0.417317135181143,0.310155781963658,320.374366569464,123.862051621411,161.913994755238,0,1
pAF,2992,distributed_node_runs,271,-74.3808296936443,113.808532460278,53.6469627774928,284.373682579797,322.380430461424,235.17099356254,15.6626826016654,2.03965681303089,0,0,0,0,0.0918635542988423,0.603089834658741,0.511226280359898,381.311145789812,108.773975842021,157.744685373874,0,-72.403206923569,107.716307404762,52.4320630714773,244.058866018366,260.004905966536,192.140549730237,18.1916644388766,2.14628540422927,0,0,0,0,0.114378530010458,0.418602563943147,0.304224033932689,323.674628555502,116.43735743174,166.660111399895,0,1
pAF,3007,distributed_node_runs,272,-78.3342622521287,124.572847992645,59.216475342526,377.238355085409,283.821452006538,223.140534260325,14.3761762815484,1.59751056701498,0,0,0,0,0.0999314642415928,0.788788571512316,0.688857107270724,355.895778108104,112.761846034366,145.421660449026,0,-76.5114116722125,123.436689836653,57.1613046133478,362.692426679055,247.735548245128,200.600056061925,11.7435732176091,1.55530143854048,0,0,0,0,0.131070229168921,0.583722208059542,0.452651978890621,314.389632686154,120.909822498899,153.132839475655,0,1
pAF,3015,distributed_node_runs,273,-76.692548329486,124.093348701703,65.5450521043772,359.649076321009,243.855273363108,182.065034752159,27.9788842189519,2.22362836718821,0,0,0,0,0.0868209237392569,0.604698827398351,0.517877903659095,375.379940071092,114.362383308828,147.147298288438,0,-75.4612987548772,121.980704913774,64.2709330135271,342.504276243512,204.68387852365,157.310445552845,27.818159654631,2.18873146633632,0,0,0,0,0.119297075656545,0.480124238098237,0.360827162441691,314.310465761064,116.639226836189,149.677030105994,0,1
pAF,3016,distributed_node_runs,274,-72.0025739756819,109.203402138504,54.0779127372365,254.742085550059,339.027217074246,244.705565374068,19.5133194057562,1.85138604704844,0,0,0,0,0.095398927522693,0.705302373755982,0.609903446233289,373.038957599834,108.834386846967,153.02267847043,0,-69.9036459792992,98.5648894371556,51.8481182921609,192.227088838597,276.579014682899,204.129254355641,27.7844161922658,2.11297352206748,0,0,0,0,0.128976338064578,0.528756476214807,0.399780138150229,316.163822922877,113.694651976784,153.472963241944,0,1
pAF,3018,distributed_node_runs,275,-79.3561037512434,119.903633827318,58.1716178487971,333.688597671067,238.89824549629,180.962124799895,17.3388486349359,1.67845636505808,0,0,0,0,0.0859469291510619,0.588193459809405,0.502246530658343,365.272605783,111.391388187447,146.199739109701,0,-78.0566842007519,119.504054836415,57.8346783824027,329.248927490936,204.678640436119,161.814026792028,16.5428961151811,1.62814612533475,0,0,0,0,0.110276639498442,0.435308632864017,0.325031993365575,315.974489710905,119.878210212733,158.023682889078,0,1
pAF,3038,distributed_node_runs,276,-78.6227002486014,122.943827344686,70.4080994216572,346.603964608175,209.080583385898,168.843751319189,47.0004040496642,3.20107656251639,0,0,0,0,0.105663606304448,0.731753177943578,0.62608957163913,384.666054506743,111.917062263965,149.936968326139,0,-77.8077395659597,122.323441219123,69.4465383852422,341.863403523621,188.592166482103,156.794232052576,46.5432558319626,3.02680797420544,0,0,0,0,0.145306662099031,0.567138454341689,0.421831792242658,318.34704915043,115.790634188863,152.5437227831,0,1
pAF,3055,distributed_node_runs,277,-72.3272781926386,93.4481788336429,47.7984127466685,165.372846290525,305.367993658394,223.806240708909,22.4800924588853,2.79230336340697,0,0,0,0,0.1060043300273,0.709912108664365,0.603907778637065,378.245650605822,101.829809226074,150.833343352673,0,-70.8713554320245,88.4418022850726,47.4469963963545,141.824588277827,236.227623945597,177.636774053652,26.7907680291137,3.00830668656272,0,0,0,0,0.126125268234188,0.448410411722729,0.322285143488541,322.208612462146,111.281793651644,164.157060234081,0,1
pAF,3064,distributed_node_runs,278,-74.9639305026869,119.375841793267,57.9859341374373,322.439355220597,254.074953869815,183.831808900737,17.5625161774515,1.92264090148092,0,0,0,0,0.0952965302504573,0.665078737708885,0.569782207458428,380.455005615921,106.908674372702,151.533922945545,0,-73.7649553232552,116.138472090453,57.0245148071038,299.538047566021,211.818184452066,159.099813239449,18.5205293966246,1.94311734204894,0,0,0,0,0.129385769085333,0.505392297760658,0.376006528675325,317.244711699688,111.729610480641,154.482522135986,0,1
pAF,3082,distributed_node_runs,279,-79.5649721733812,116.845684907173,62.3722735007534,304.269430364734,214.382668255465,173.287718384221,40.1080808408951,1.98134543828201,0,0,0,0,0.0805931440548033,0.545867222496765,0.465274078441961,380.69371324555,123.25689823147,146.955221828235,0,-78.6996733558091,116.172683546916,60.9832150976937,300.281705680383,179.872152342039,150.020389499463,32.4818821150984,1.91922761981914,0,0,0,0,0.106973237500648,0.412124969665652,0.305151732165004,319.51201500453,124.85667923322,153.166023825146,0,1
pAF,3090,distributed_node_runs,280,-79.2773149770104,122.54313286167,60.1957373080183,354.745789689737,235.320134706293,195.726289199018,18.0859251961228,1.73678782847128,0,0,0,0,0.105345950594232,0.815481684626832,0.7101357340326,365.149950643638,108.5945010016,147.904045218602,0,-78.0974894644836,122.435051196458,59.0427071534577,351.676241526436,216.731333552398,186.00354139668,15.5752997131458,1.67740122385294,0,0,0,0,0.143751901598796,0.612628007385006,0.46887610578621,315.968498934821,117.840832617265,155.187331032762,0,1
pAF,3094,distributed_node_runs,281,-78.8618775358263,127.742317788459,71.0211794431565,394.080409526438,278.371664223036,206.3382327902,46.9415820293507,2.44875263961876,0,0,0,0,0.0837421219912562,0.603238162742931,0.519496040751675,375.36223706809,125.421247485225,144.594071695033,0,-77.1284630450852,126.156434611936,68.7980100696106,379.035755534887,231.708280614079,176.654095410169,39.6252777464979,2.34041875644471,0,0,0,0,0.115487718155387,0.482836811789978,0.367349093634591,315.780402643155,125.419440980098,145.860470531768,0,1
pAF,3104,distributed_node_runs,282,-76.5916813643111,119.658768995171,49.0631006015232,330.756280734574,251.767025339119,183.56108308777,8.73517471857485,1.57588666521042,0,0,0,0,0.0969009035487759,0.643620180500806,0.54671927695203,381.124615501292,104.739135026764,149.848657228722,0,-75.3886400735549,118.461348654286,49.0926810316883,319.66713050137,197.695568804818,148.180334215929,8.37276767910953,1.56874272599816,0,0,0,0,0.118603337226343,0.426694390639577,0.308091053413234,321.683837452245,112.44205680157,164.645884272616,0,1
pAF,3108,distributed_node_runs,283,-77.291163870873,116.190444840984,57.6879687296052,301.224553027854,219.12597261538,165.547006154928,19.8460910689755,2.00161183772434,0,0,0,0,0.0868148576035107,0.567554764082068,0.480739906478558,378.953748047548,110.085871160532,149.047817361756,0,-76.3257315215228,115.197994263897,57.491521785211,293.674478497872,182.910286760271,144.071053328767,20.4091240897178,1.96460956109149,0,0,0,0,0.112318323187663,0.416552638306159,0.304234315118495,318.601939012016,115.655548252009,159.320524175708,0,1
pAF,3130,distributed_node_runs,284,-75.0507833126167,106.449865082896,54.9701971012233,236.296807247555,328.924827779672,233.150879853027,24.5919608657132,1.91250167595717,0,0,0,0,0.0968589592872221,0.727473731748983,0.630614772461761,371.057707343803,105.079118542169,150.98141112205,0,-72.8821011559935,100.459964559855,52.8391673710211,201.972304534525,265.937845212051,194.302207341716,27.6192155958415,1.98819377099426,0,0,0,0,0.133171349776168,0.554855989801289,0.421684640025122,313.822146656563,110.458500338329,151.24163325975,0,1
pAF,3135,distributed_node_runs,285,-79.3455687719533,130.639007279263,64.7509657045524,420.243912711768,237.760186817643,185.852244525508,19.1285353761778,1.6793828116497,0,0,0,0,0.0969204481962834,0.724459512392877,0.627539064196593,381.990905335406,114.358848195792,149.688630538401,0,-78.2547273248276,129.471690804132,62.9289610013407,410.361612619301,204.837352115588,163.358645492764,16.35862141088,1.6486184720161,0,0,0,0,0.138919329012568,0.582248040003839,0.443328710991272,314.86787630005,114.493785452545,149.213363280879,0,1
pAF,3136,distributed_node_runs,286,-75.0414583068671,99.2990572295033,56.123873113448,192.864292410372,245.309538470421,189.78100302659,35.660857488183,3.11325086434954,0,0,0,0,0.104689433696927,0.730660531751592,0.625971098054666,386.666070311294,104.088113500977,154.946664871328,0,-74.3657824969828,97.7377745538858,56.0078037590066,185.159731924158,206.943055352109,165.821467430938,38.0855051745202,3.05356232657869,0,0,0,0,0.13855592994828,0.51991276219092,0.38135683224264,320.799509382068,110.106853963389,160.070142908362,0,1
pAF,3151,distributed_node_runs,287,-76.1801227093695,125.831323912653,59.1003515274921,377.509450447592,225.206988601516,169.193127049642,14.5799387259904,1.67473035729199,0,0,0,0,0.0925250402680032,0.64582906167559,0.553304021407586,378.142261421512,108.254811522958,148.454522387317,0,-75.1972531726373,123.787843035797,58.2781419792352,361.816509323962,192.066701097287,148.595194509297,14.316787467742,1.67635575665554,0,0,0,0,0.12669714721901,0.500430705605132,0.373733558386122,315.847496321592,112.084837006772,152.846924222778,0,1
pAF,3153,distributed_node_runs,288,-75.5023913625247,124.245585534959,57.8201634898944,368.180298892483,314.603229851469,227.350515819242,13.750227952667,1.66006722304155,0,0,0,0,0.0932247247649216,0.670346788229163,0.577122063464241,376.82726908828,109.423450197224,153.652302407358,0,-73.3397308854898,118.464488674855,55.9454076621045,322.867290038178,256.589587815444,188.184490510714,14.6525631400145,1.72463510564194,0,0,0,0,0.12535313246004,0.504950267376508,0.379597134916468,318.276929074262,114.626169741008,156.969578224555,0,1
pAF,3155,distributed_node_runs,289,-74.3801471597626,101.596401992544,46.6123143237023,206.522480201525,231.042463054648,169.952260196413,15.0727959800788,2.06009655256639,0,0,0,0,0.108588892458932,0.780450319289856,0.671861426830925,382.413076966841,98.6817675265775,145.218917388343,0,-73.946114450808,100.340477192054,47.1417497628047,200.033846087587,188.548451491813,143.200645020326,16.2206700834067,2.05397294207796,0,0,0,0,0.140531715440628,0.526656940439684,0.386125224999056,318.975561090436,105.594112285435,155.596512648551,0,1
pAF,3170,distributed_node_runs,290,-74.1485858783809,108.191046174303,47.0871105490059,245.528985592793,287.850857862839,210.314989547747,11.8369472688937,1.95885603584611,0,0,0,0,0.0973051164083627,0.622267985930643,0.52496286952228,399.694466171764,107.163877520914,158.543426020461,0,-73.1717165869946,105.19862436923,46.3828895345152,227.549199341795,226.984768776369,169.427457116268,12.4785116346648,2.00104815449959,0,0,0,0,0.122077193946945,0.419535285325908,0.297458091378964,327.838534805403,112.737652210468,169.428058199403,0,1
pAF,3175,distributed_node_runs,291,-79.5394188048241,114.856794223359,64.0212868605427,295.986958297117,282.209715880192,217.338397181171,45.5176607644025,2.17680823940464,0,0,0,0,0.100937638236378,0.796701694637358,0.69576405640098,345.454803658795,112.09165178363,138.281642311574,0,-77.7078579599509,114.277430298004,63.1790497358985,290.50709179972,247.767463879376,199.715589718839,49.4933041212935,2.03532773951883,0,0,0,0,0.129389396502199,0.588735910677385,0.459346514175186,312.457343342132,126.243427629175,144.770675312562,0,1
pAF,3183,distributed_node_runs,292,-73.6311149695163,108.660722161718,61.9943637183689,245.705351562873,246.92717850842,177.821726884256,36.5072566696326,3.55634687467682,0,0,0,0,0.0946815318274948,0.591139924419418,0.496458392591923,391.975090262385,112.137119263003,155.301487273888,0,-72.6908649932764,105.630847496465,61.1272216446386,227.850391823387,193.731184302684,149.112606598654,38.0635090899777,3.58277558964983,0,0,0,0,0.121499809609024,0.428784039911086,0.307284230302062,322.80504140315,116.197221592774,160.764821726403,0,1
pAF,3189,distributed_node_runs,293,-76.6960290109769,112.46234804936,61.9980586889404,273.696719421902,225.475064843871,161.977356089868,31.4033078212306,2.85152985706372,0,0,0,0,0.0902525734959888,0.588484682682996,0.498232109187007,377.025998662197,109.143772664065,145.890713475895,0,-75.5953405461988,111.108514936736,61.8297378661789,264.398312852054,182.811597981192,139.972930542339,33.9761961513104,2.75529595525586,0,0,0,0,0.116001750788504,0.430250519301207,0.314248768512702,317.836391591805,114.959378345433,154.637936912154,0,1
pAF,3192,distributed_node_runs,294,-74.1059012281044,118.427382225454,62.8618515974997,312.647316742483,267.548186415042,192.754760114272,31.139435891273,2.23008773642505,0,0,0,0,0.0918910441427163,0.65536506706198,0.563474022919264,379.60261962287,114.242309033929,150.160954974891,0,-72.836409794475,113.821341808202,61.0473560982726,281.59987091822,217.841302721135,162.732398360808,32.5821163519831,2.27886036473137,0,0,0,0,0.128029253185194,0.517348585953535,0.389319332768341,315.758665291913,115.671452520288,148.587007671068,0,1
pAF,3199,distributed_node_runs,295,-76.1867720466228,113.210753247137,58.8352905995402,280.986396508477,280.356326389076,205.317873517182,26.95151103635,1.96884592048445,0,0,0,0,0.087550388621281,0.611726196473378,0.524175807852097,368.987499622373,113.004576169682,147.062523800744,0,-74.6096515616966,110.316246338946,57.3560003109861,261.256477767601,229.998853716679,173.45139781394,27.3608733883666,1.96269030632902,0,0,0,0,0.114888541839578,0.457920237065228,0.34303169522565,316.197071831532,119.045992459683,152.574722773827,0,1
pAF,3211,distributed_node_runs,296,-77.0078686498289,120.614710892728,64.2052357968066,327.498469742346,223.817761388644,160.068468287362,27.7120978900493,2.44862254194595,0,0,0,0,0.0844183538012864,0.545594362937546,0.46117600913626,391.328135200478,113.639185856591,151.271902849081,0,-76.1117439667647,118.890309796597,63.2205385063374,315.833875739455,181.399966561941,136.711431326778,27.5328361295651,2.40371170872095,0,0,0,0,0.115421102983179,0.429026468133609,0.31360536515043,318.892678575889,114.328267009747,155.965829837601,0,1
pAF,3212,distributed_node_runs,297,-75.9949770408632,124.385936818244,57.9679484142698,372.081044057235,295.844752965029,220.942648689903,13.1449203466182,1.77398105455359,0,0,0,0,0.103618956334894,0.758808209451648,0.655189253116754,367.071428352385,107.509656370952,150.588451249345,0,-73.9704276224329,120.65396012585,56.7842521871725,339.775942562083,242.706454291023,186.691391298526,13.3201066363072,1.79653376638089,0,0,0,0,0.131885833531268,0.530231813854142,0.398345980322873,319.156496084204,118.376078720601,157.042889731291,0,1
pAF,3239,distributed_node_runs,299,-79.9402800716779,127.068060038423,63.2235427425265,392.6698828371,222.276407245568,165.7434979877,19.9686149275658,2.04013392111665,0,0,0,0,0.0842714830506761,0.54851428394692,0.464242800896244,376.783394403843,112.523477675801,148.719887327181,0,-78.767798324246,126.880608223834,63.0689929192798,389.136038071622,186.81661556246,145.86707277699,19.8908011580716,1.97309460457473,0,0,0,0,0.108863225414125,0.409007482314763,0.300144256900638,317.989092852542,117.908606451074,159.659893134238,0,1
pAF,3245,distributed_node_runs,300,-73.9282795211924,89.8601181668177,55.2993156138296,146.563490786096,266.248494539621,203.094347644444,43.9706712322004,4.89988273894414,0,0,0,0,0.115752085564134,0.868123742659014,0.752371657094879,369.683367116551,98.0558463609923,147.85273775008,0,-72.9426752089081,87.5710460896273,55.6335211581247,136.751861825862,220.820791030525,175.991295557498,48.7146863954586,4.72036143852165,0,0,0,0,0.151211639834004,0.603776600395583,0.452564960561579,314.631083023294,106.202565861611,152.552549849635,0,1
pAF,3246,distributed_node_runs,301,-77.9941550960795,98.6638881094126,55.1865470313822,192.006913942312,317.770627151694,237.352477909779,37.3254223651384,2.60761800787441,0,0,0,0,0.0899916524389573,0.606659923015559,0.516668270576601,365.058095267479,111.041146071118,150.990410452654,0,-76.1633698441182,96.8985866426233,54.8043439031605,183.223611509199,257.375010930406,198.139206509044,39.0973000486629,2.50279619044886,0,0,0,0,0.108974285127724,0.421657631647386,0.312683346519662,318.97238926006,121.094863054943,163.750565167624,0,1
pAF,3250,distributed_node_runs,302,-74.5290503931974,109.397030584385,59.7693589817048,253.346954314649,306.10054458685,213.955143128587,39.7998925328793,2.15347559989459,0,0,0,0,0.0888531498864154,0.642852085311216,0.553998935424801,373.606834741797,113.584720342478,148.372520313947,0,-72.7847720633553,103.915732566575,57.4995934405574,220.796700156834,245.024215973339,176.093553967588,39.8337491024504,2.22225086212347,0,0,0,0,0.121727029717158,0.49763430800001,0.375907278282851,314.706401569289,116.121283338012,147.545041565802,0,1
pAF,3258,distributed_node_runs,303,-73.1400883412489,113.725819316237,54.2296954152349,284.70024271662,317.017918974205,237.960788995952,15.5932413908304,1.94396358123777,0,0,0,0,0.10979773163454,0.820133898192628,0.710336166558088,371.802627958481,103.103841368342,157.591491198094,0,-71.1464813743599,106.023949921871,52.6682739346376,234.23538096556,262.812452061862,203.898797713005,19.7892478109316,2.07545235414727,0,0,0,0,0.143310029039014,0.575949787977393,0.432639758938379,318.655808855056,112.40813582356,159.642846851155,0,1
pAF,3307,distributed_node_runs,304,-78.6851739251173,91.9404890323675,56.5686278456795,151.794646253459,214.197584299756,162.690533726411,44.0349982725311,3.79346515722864,0,0,0,0,0.0898019073865321,0.617153313520422,0.52735140613389,385.701661190469,107.137055213629,146.902275502791,0,-78.0190794191319,90.9782811128009,56.1652573810527,149.137226243834,181.228747185782,144.616342434983,44.6922920917277,3.46658656103682,0,0,0,0,0.12326429070836,0.471688747388913,0.348424456680553,317.569438287803,110.28345992936,155.327272590116,0,1
pAF,3320,distributed_node_runs,305,-79.1887407244797,125.697909614444,59.6727833215078,379.586524022181,295.668223438901,224.901027996224,13.7980049999533,1.54981288820272,0,0,0,0,0.0797951815925709,0.557224244031685,0.477429062439114,382.973181925903,126.343817881767,154.612427239477,0,-77.5834657872042,124.429673022423,57.6503580240643,367.802448021511,237.620660027143,183.53493406712,11.4249723242719,1.52080793502682,0,0,0,0,0.104746593147561,0.412901891324434,0.308155298176873,322.413319988686,127.649266200682,162.09887991694,0,1
pAF,3329,distributed_node_runs,306,-73.427256498598,106.170780375381,49.401262567418,235.206176318277,284.938359246247,201.423412258082,14.9959454696218,1.96175801844947,0,0,0,0,0.0928048200823672,0.607697639905003,0.514892819822636,376.617075714043,105.339250582401,150.929106954114,0,-72.0119305174887,101.601281060496,48.877488005053,208.328830311925,218.136778626686,157.928353364572,17.2312408989419,2.04124208140274,0,0,0,0,0.114337885727679,0.413850000720682,0.299512114993003,319.128807043115,112.330868859841,160.998530005746,0,1
pAF,3336,distributed_node_runs,307,-80.4156075232176,118.986661685964,71.5247053413659,320.578050909564,234.076196574053,165.70898334447,47.0801343827625,3.1235149571512,0,0,0,0,0.0858981491005609,0.61261523364493,0.526717084544369,355.086316838686,111.718556364038,133.507140036498,0,-79.0212611115013,118.458421052308,70.7934632754631,317.096380205282,192.07378682011,143.431815436117,48.1434844714822,2.88677720878331,0,0,0,0,0.112973888103783,0.47603571157616,0.363061823472377,305.854467404126,115.82116137768,137.816064613586,0,1
pAF,3341,distributed_node_runs,308,-74.9059101972818,121.88930154883,62.7349282506794,343.289886683549,335.496427078142,238.543686886267,27.3024585544554,1.88970825099386,0,0,0,0,0.0959576085670015,0.756079105242697,0.660121496675696,376.471753537,118.614407477195,148.474217850728,0,-72.4939464522976,113.692586676391,59.4703621382107,284.186183769291,273.520789245998,200.07702115356,30.9783671416808,1.99178480895716,0,0,0,0,0.136335908198901,0.596882860077773,0.460546951878871,315.147380414146,117.960045889489,145.328501197739,0,1
pAF,3346,distributed_node_runs,309,-77.1807831195621,120.867824509188,53.846146204732,338.235802264987,235.469786728863,174.1002308854,12.3056397662222,1.82216965069529,0,0,0,0,0.0977515873274484,0.64118173040143,0.543430143073982,385.228447607384,106.293072048386,150.37251861203,0,-76.1099381747281,120.172618885236,54.0423234566435,330.575629231864,193.020870049415,148.300309271635,12.0842506790723,1.7954692590065,0,0,0,0,0.121970555747288,0.437922433972601,0.315951878225314,323.043231270865,113.537533184979,164.850454529795,0,1
pAF,3367,distributed_node_runs,310,-78.3738708232379,116.223221639189,59.2927536384807,297.721928469797,202.859704706083,161.983068797192,23.0637108701267,1.85569337924971,0,0,0,0,0.100633500807383,0.754730741976817,0.654097241169434,375.971147650191,103.976801202087,146.074823198294,0,-77.6869781163586,115.258404723382,58.6851042891549,292.111887704961,179.153375458416,146.943435701116,22.9910495010663,1.81025778509138,0,0,0,0,0.142304178441856,0.586664003859553,0.444359825417697,312.682792254713,107.910171415042,148.922507173508,0,1
pAF,3382,distributed_node_runs,311,-80.5790865851881,123.816970438758,61.8119124105158,366.86116596819,229.23763427596,175.254681015926,20.2357614435168,1.77943623524334,0,0,0,0,0.084183779361151,0.571542499242093,0.487358719880942,360.040471685366,114.303833303726,144.00369982092,0,-79.3633480993589,123.902618792418,61.7389555396521,365.819795887338,194.240484540158,155.87886070177,19.9838295219561,1.72541207940958,0,0,0,0,0.105639872394763,0.418396574005753,0.31275670161099,315.209106231938,123.050723398679,154.922876904042,0,1
pAF,3395,distributed_node_runs,312,-72.3435639404461,115.855369928876,57.5985595474803,296.626094509086,259.201522786025,175.503009460772,20.1245586327932,2.35615396124194,0,0,0,0,0.0895995274010729,0.584742715278001,0.495143187876928,382.174460378192,107.843963204687,149.87355492431,0,-71.2938891048153,110.862638350401,56.81733871063,263.410658987279,200.413585442337,142.201135180505,22.9218495529858,2.45149858576769,0,0,0,0,0.117920091972608,0.438565301696046,0.320645209723439,317.226518164207,111.49092767818,154.292300055383,0,1
pAF,3396,distributed_node_runs,313,-75.6465600931841,121.332463130977,61.0336883439009,340.536782111108,325.326239824382,236.900240335075,21.5018386648226,1.77648831514671,0,0,0,0,0.0835405981558074,0.604133597875755,0.520592999719948,373.364379697836,120.292497832961,148.251631402536,0,-73.5646913012297,115.620034518626,58.4091824363792,298.728950863423,265.982662912829,195.535948024462,22.3134292560317,1.83482839279168,0,0,0,0,0.112323779166547,0.464702713521276,0.352378934354729,316.722100655501,121.569329609629,150.738024507454,0,1
pAF,3413,distributed_node_runs,314,-77.2725563429141,109.451290910369,56.6461916347661,256.849211537814,269.605252234927,199.09302306045,24.5759490734999,1.91324151921435,0,0,0,0,0.104964675105509,0.812928781678754,0.707964106573245,358.043899342709,100.336327811034,143.234984274971,0,-75.6203702901584,107.64195482149,56.1186737832996,244.874314150916,226.336300102223,174.785147222941,26.5153212257392,1.84959861174502,0,0,0,0,0.140328935241748,0.603208655310388,0.462879720068641,310.002667223143,109.506013999551,148.206995428661,0,1
pAF,3414,distributed_node_runs,315,-75.1849346585952,108.825344551444,62.5984533060261,249.236134866809,252.029969365743,194.445917741272,41.5964096052703,3.15103172536328,0,0,0,0,0.110548891317927,0.825602650952853,0.715053759634926,365.743981265048,103.621149513376,147.041694943962,0,-73.9169786096664,106.475662046828,62.2288529207034,234.295308027615,213.665761326003,171.824502260861,46.580038918084,3.04840495438475,0,0,0,0,0.146259599331371,0.599812364186537,0.453552764855166,313.951287780375,112.516527671243,149.970018597564,0,1
pAF,3424,distributed_node_runs,316,-78.0365695305402,121.417151991877,58.659477732718,340.90150458957,240.997682545734,189.689317916505,16.7292799877687,1.60980333475891,0,0,0,0,0.0924273988460292,0.677121555906945,0.584694157060916,377.605109475866,110.229904350788,151.270825454593,0,-76.9165381224554,120.154922603757,57.4273413420902,331.0738535009,209.296089806317,168.557386059281,15.346615271359,1.58035998732157,0,0,0,0,0.129025851422454,0.527936511746488,0.398910660324034,315.956447423265,114.267750321113,155.198155481262,0,1
pAF,3426,distributed_node_runs,317,-71.1358005115934,113.254318544938,44.6537269573798,291.151332441824,332.42090567854,227.120543325582,7.07862253001804,1.62020360911265,0,0,0,0,0.0937021190877224,0.613504445563405,0.519802326475682,391.542619511456,105.966267623175,157.823243727601,0,-69.5555209159227,104.517086608529,42.94819998371,231.021652769207,247.265956318479,171.186660263334,8.6781248871448,1.74749321151467,0,0,0,0,0.118770773814634,0.421769571629616,0.302998797814982,324.562509086249,111.218465480077,165.032033118851,0,1
pAF,3435,distributed_node_runs,318,-78.1612923155804,125.781318813021,70.0052885254528,377.201655738215,231.868828868872,171.33436165491,41.0385064916773,2.7446156828737,0,0,0,0,0.0838222084566992,0.558844372423115,0.475022163966416,370.347993132462,119.58179790042,141.639904538807,0,-76.8932392143003,124.752179022141,68.7247683403136,366.955646588263,193.6773977989,149.780779450928,39.4629615313897,2.64021410675196,0,0,0,0,0.110435999115275,0.432899837117665,0.322463838002389,315.584337601667,122.905655382812,146.183644948976,0,1
pAF,3444,distributed_node_runs,319,-74.8055279769871,94.3288972947364,49.3947917799801,168.805043736496,235.60534945086,174.431144630806,24.6094809285278,2.60162979900633,0,0,0,0,0.0930786074124629,0.615046163670598,0.521967556258135,388.578320732362,105.573185752633,149.982074552257,0,-74.1447915410859,92.788844793552,49.2696589300868,161.753544112765,187.130622675239,144.698427260962,25.9203448025219,2.58510815522823,0,0,0,0,0.120477308156807,0.433885379362985,0.313408071206178,321.526106489506,110.618568832047,160.85087229853,0,1
pAF,3451,distributed_node_runs,320,-75.7741258947747,119.482116260606,64.6887009114642,330.903160898644,319.876548633969,240.779856768095,32.5910249966037,2.7668157320295,0,0,0,0,0.110029038838713,0.849532013883588,0.739502975044875,350.925655406136,105.157124483427,143.734095080933,0,-73.263277552257,114.310572529229,63.8314822941254,288.317352349209,275.18108581235,212.902184274717,41.824498079859,2.81845950416755,0,0,0,0,0.137449761942316,0.595182765147874,0.457733003205559,314.76658676787,119.439476993346,149.218439312019,0,1
pAF,3456,distributed_node_runs,321,-78.3034804078665,121.308196568065,61.8990352287588,345.089692052257,253.947156679023,189.398485519429,23.3923788768225,1.76178330155381,0,0,0,0,0.0901763171388558,0.661059634605198,0.570883317466342,356.52469818353,111.084942044443,140.734581864817,0,-76.7820643481336,120.274196344443,60.9882919031464,334.828470804621,214.628398602192,166.197585791411,22.7836165095432,1.70739584249532,0,0,0,0,0.11821196265404,0.500308335215914,0.382096372561875,311.145655044598,118.89588559014,145.687627055232,0,1
pAF,3470,distributed_node_runs,323,-78.1883340933146,114.281190347631,56.0307656654839,288.10483252822,244.434007027354,186.406193486895,18.4190947342722,1.76220875525178,0,0,0,0,0.0975597292830321,0.706809281309987,0.609249552026955,373.807264865492,105.586646859469,149.191591852131,0,-76.9560183898005,113.337415431216,55.4037771807124,281.344635500412,209.50877757425,166.398202317083,17.801246693758,1.71732281535878,0,0,0,0,0.131165284116452,0.524715450156878,0.393550166040426,316.309137957825,112.193926722779,156.641906227237,0,1
pAF,3471,distributed_node_runs,324,-77.0745691736106,119.002709408502,64.924842779551,317.90979197066,269.153541699547,189.789831171678,35.7091918787846,2.23228084437869,0,0,0,0,0.0958387275772422,0.721172832981403,0.625334105404161,375.879450090237,109.407619431338,145.315312033129,0,-75.5193592533104,116.253721258966,63.0449624577101,298.726598314417,222.068656639793,163.047561190226,34.3699125181993,2.17604206264878,0,0,0,0,0.13754083420198,0.582700209553685,0.445159375351705,312.739757982632,111.424800941739,145.515679931348,0,1
pAF,3482,distributed_node_runs,326,-76.1805083813966,126.678261361074,68.9939273769148,384.322471984375,272.664529808477,195.530878512713,39.0685167626943,2.46997277448099,0,0,0,0,0.0990088530656641,0.757997939844611,0.658989086778947,366.166450124991,114.097146467393,140.97839449819,0,-74.343643800095,122.974277816415,66.8992765813209,352.71125396362,227.393800936065,168.594745896549,38.4641535063092,2.44757381077216,0,0,0,0,0.138012648330061,0.603375579483146,0.465362931153085,310.544583214127,116.970111460163,139.073302579439,0,1
pAF,3491,distributed_node_runs,327,-81.3075196226316,126.856849822955,69.5523166330613,394.387206220659,253.157234412691,195.527124800057,47.7287249347792,1.95040936872829,0,0,0,0,0.0920161633838089,0.735416659856203,0.643400496472394,351.307464581427,120.2593049512,132.568426262796,0,-79.7491932022591,126.696680100796,68.0350622345457,392.07266118056,221.642855488946,178.300962210978,43.0977432489381,1.83611543180086,0,0,0,0,0.124099712680232,0.574192392300393,0.450092679620161,309.455635290025,127.155580553717,136.89490624103,0,1
pAF,3492,distributed_node_runs,328,-74.5953696721126,115.84290295309,45.9357669541847,301.977498631094,267.769250906749,206.015065648971,7.65457122307998,1.60929301705619,0,0,0,0,0.108745158229518,0.744827149595427,0.636081991365909,380.098382436641,101.654724269145,152.79705049752,0,-73.4955147049174,113.59046737147,45.806941039129,285.086502635076,219.1314008398,170.674464899897,7.69142800660484,1.63136760819543,0,0,0,0,0.130632368454374,0.468735916426072,0.338103547971698,323.788526577471,111.091451470307,166.969399791262,0,1
pAF,3494,distributed_node_runs,329,-73.2049917707863,85.3600765878533,50.142743222428,127.578744299039,327.484069873273,227.608192184656,36.3892417291718,4.03283646152704,0,0,0,0,0.0900482195652651,0.568873024369025,0.47882480480376,392.460587645946,108.262232494606,153.947613547104,0,-71.8531903525417,81.227751461341,49.0964536927187,111.478582767294,244.357098725803,176.071477503407,37.7713811341928,4.28062550738105,0,0,0,0,0.114005372600035,0.397051623508646,0.283046250908611,324.069717610506,113.665680931495,165.12916770525,0,1
pAF,3502,distributed_node_runs,330,-75.6802499426736,125.617919499403,62.3948015618222,378.770790448268,303.821015761685,210.78528549333,19.5825654970686,1.74406680514221,0,0,0,0,0.0932020188838861,0.706680823296713,0.613478804412827,370.045861813858,113.100140913637,144.510180764225,0,-73.5125485735356,119.832218125328,59.7820601766085,333.181486871653,246.450973906358,174.73763324078,20.29132792569,1.79765857232633,0,0,0,0,0.129733401644561,0.555187177216423,0.425453775571862,312.568366642416,115.285074820094,143.744595791772,0,1
pAF,3515,distributed_node_runs,331,-75.2023856791398,100.427569836679,51.3557069735004,200.012151563763,221.641769562571,168.808603264762,22.6365713431442,2.21338771424053,0,0,0,0,0.107104199065123,0.800683508735152,0.693579309670029,375.923439213206,98.4556800439459,142.963304983381,0,-74.6907537328508,99.0888872671854,51.5460601953983,193.507726317564,189.106172605276,148.704138409808,24.6451397959827,2.17231802603419,0,0,0,0,0.146150340235551,0.585267400963164,0.439117060727613,314.052872069467,104.01111733156,149.928362608921,0,1
pAF,3525,distributed_node_runs,332,-75.8270429640486,122.423665979493,58.8110555914678,347.147351943542,280.54338293906,198.377045879199,16.1897978566703,1.70932462254132,0,0,0,0,0.0841307916936615,0.577593157934448,0.493462366240786,382.162627699807,112.890431817046,152.370118487179,0,-74.3434919641424,118.706459747009,57.0440755324279,320.051996522733,224.291751365661,162.656503634862,16.1800438321479,1.73064376194088,0,0,0,0,0.114801589215171,0.448713572396642,0.333911983181471,318.16968413151,115.063324526684,155.263043473526,0,1
pAF,3528,distributed_node_runs,333,-72.1749573163202,110.070305083404,52.9594012520444,260.949008488985,297.183272994873,220.063314998755,17.4346438649227,2.2166890922017,0,0,0,0,0.116218099565737,0.857716582065362,0.741498482499625,362.460307198067,97.7330830874125,148.910465808205,0,-70.3911212476311,102.944092293929,52.8108308788074,215.95881767372,240.126656968401,182.975561794799,23.3061168221902,2.39620190715141,0,0,0,0,0.142252866547499,0.557495307829666,0.415242441282166,316.062233003733,109.261815236718,156.237146908957,0,1
pAF,3534,distributed_node_runs,334,-78.7815343829778,125.631112462383,63.6807284736742,388.75380179487,235.826650205418,175.624439581785,22.1481044667453,1.94370769648958,0,0,0,0,0.0983164499213808,0.720717341407135,0.622400891485754,344.088652427352,105.586058160363,135.448857261397,0,-77.3217691565338,125.720541301315,64.1017431572392,383.72475257177,200.950805464909,157.439313255793,23.7636553409429,1.86931736320184,0,0,0,0,0.122581565880461,0.519552699324824,0.396971133444362,308.828993951189,118.354411132925,142.406340496678,0,1
pAF,3562,distributed_node_runs,335,-75.9343132007738,89.0822484287512,51.1051403261431,144.891993925334,311.30280747798,235.044649854106,38.9143863655336,3.51503197543934,0,0,0,0,0.0966321161811915,0.624661867854377,0.528029751673185,370.142344509441,107.835992918299,152.736556314147,0,-74.4146803238382,86.9716927171546,51.2706584537207,135.617047347224,247.807705696094,193.817792095873,41.1447023937799,3.4772351643951,0,0,0,0,0.111945490196363,0.402864162597598,0.290918672401235,322.338897198399,118.99518559271,169.163140074937,0,1
pAF,3566,distributed_node_runs,336,-76.8541488698774,109.647018269432,53.577798506818,257.90020858464,246.305129154054,178.796844485012,18.6498060652739,2.04908500786405,0,0,0,0,0.0898390472390725,0.58299899108182,0.493159943842747,372.903085219164,107.109526172149,147.96549892423,0,-75.6825393636962,108.480071496088,53.8901948993553,249.646442207584,191.551220841517,145.268869971198,19.9188270613231,2.01870391763077,0,0,0,0,0.109639907290758,0.399016249175845,0.289376341885087,318.405332922353,114.458031695423,161.235983400075,0,1
pAF,3575,distributed_node_runs,337,-77.2531749477324,126.972988946202,69.7281959659581,386.770314624564,282.129041068627,201.19227851188,47.2651115080007,2.19613341396325,0,0,0,0,0.0810855134982586,0.596365795901806,0.515280282403548,365.143055284359,124.43464368581,136.095565601488,0,-75.5421309001084,124.112583515454,67.2007340311564,362.341472963899,231.528443249212,167.347936043912,39.4175187298752,2.15939284657725,0,0,0,0,0.111141701076661,0.47867455782171,0.367532856745049,309.291562010661,121.528871374099,137.432218469145,0,1
pAF,3576,distributed_node_runs,338,-76.5962280240571,103.485763804231,53.3931159958824,221.12901653791,299.817466081629,229.207047792712,24.317217781565,2.07627471508022,0,0,0,0,0.0956447899978525,0.678129057779312,0.582484267781459,363.679694840321,107.145007692234,151.111456946915,0,-74.8486597566308,100.992385576271,52.8165567084533,206.303168884415,254.920299546793,202.180769823026,26.6985475695474,2.05096695408793,0,0,0,0,0.120433216306945,0.481491373068007,0.361058156761062,318.799861582098,118.387973699337,162.865602246005,0,1
pAF,3583,distributed_node_runs,339,-78.0713271008027,108.357888543005,61.4314909170399,249.23469280575,288.789710519231,213.599949767769,41.0825412550039,2.43939077680989,0,0,0,0,0.0871210238238348,0.608090543384391,0.520969519560556,359.732129908625,113.352477725974,144.800066257559,0,-76.3723553586852,106.723965057389,60.5629385588503,238.995323690046,239.143199135378,181.779898818764,42.6777429516733,2.33527348041025,0,0,0,0,0.110494353535693,0.448820664941551,0.338326311405858,314.071079259746,121.517391501013,151.170702298295,0,1
pAF,3588,distributed_node_runs,340,-78.2773814375409,122.739034911721,63.2486638048775,356.374305093279,305.607198455393,221.194049044068,27.5837286813839,1.63927754227916,0,0,0,0,0.0925655709291308,0.745418662591429,0.652853091662298,358.086871812753,116.573038599221,138.993908138928,0,-76.080273579847,120.247592084651,60.6840620172153,334.724831049061,253.325262564656,187.031750574533,22.3618130745635,1.59493795286835,0,0,0,0,0.12697669355079,0.578592086008814,0.451615392458024,310.526655081288,119.884281973646,139.272202533299,0,1
pAF,3601,distributed_node_runs,341,-73.7130694021821,118.119929407346,64.0967797529355,314.078492520148,251.935196360791,179.747948569071,38.7709233817659,2.53319212621864,0,0,0,0,0.106123507666064,0.802520971993535,0.696397464327471,360.893684789444,107.731544228132,140.862933873539,0,-72.1350132929444,113.091562795015,62.5748038819488,278.325852138229,203.949704214792,154.628786354751,44.7666619193333,2.57283061224007,0,0,0,0,0.142987644140723,0.606249204341372,0.46326156020065,310.099308904904,114.394180891559,139.224945851874,0,1
pAF,3645,distributed_node_runs,342,-78.8490675311591,104.788675960116,60.1765436319195,225.586959801508,209.753725443581,161.920315311851,36.6940744544336,3.11420573038049,0,0,0,0,0.0947381096290178,0.627642357612199,0.532904247983181,368.960576680147,107.894999597433,144.051076961031,0,-77.9282928461809,104.725002907932,61.0600198442865,225.07050342467,180.003210151506,149.120044018116,42.3993636039886,2.93955535477653,0,0,0,0,0.116957996482101,0.436787906130347,0.319829909648246,318.264600926213,118.196061489922,157.886788715455,0,1
pAF,3677,distributed_node_runs,343,-75.6518755817583,124.235036692087,61.8584513000389,372.497776292279,324.941631863439,228.593398637371,19.8935053559035,1.79793498692743,0,0,0,0,0.0971395118299607,0.749103252774144,0.651963740944183,352.663578122301,109.036028191855,138.243537897153,0,-72.8830999706515,117.043543067553,59.4025763104239,314.362417976753,265.985990145564,189.367668119394,23.6692512530935,1.87497594644447,0,0,0,0,0.127385457818576,0.559877841530454,0.432492383711877,309.866420854858,117.165803060987,139.089528992158,0,1
pAF,3692,distributed_node_runs,344,-76.0119336636385,121.677784926217,60.5788542125409,346.207637809753,302.336057307271,225.356066110377,20.0097404849657,1.95356417290895,0,0,0,0,0.104484018924005,0.791507804726699,0.687023785802695,364.769671350943,106.364390418137,148.466979500253,0,-73.8419811792754,117.411709451425,59.1740614313251,311.512920533691,254.26383895921,194.745521048022,21.8298672379351,1.97876754570825,0,0,0,0,0.137656468177056,0.578561099223631,0.440904631046575,316.321325033827,116.377013110217,152.833642279539,0,1
pAF,3708,distributed_node_runs,346,-75.2538257415156,121.949819908103,58.4218261828949,345.691158049611,245.450531616683,183.256886387935,15.5556799079277,1.6747257086754,0,0,0,0,0.103856182160998,0.80293645452181,0.699080272360812,367.369480109774,105.162836365402,146.250745562934,0,-74.0022572871691,118.762792568552,56.9430917846736,322.343279397921,208.926553814657,161.562546424157,15.2886533572819,1.68319748269278,0,0,0,0,0.145278171411069,0.620688414123973,0.475410242712904,311.086799029068,109.850624266641,146.21675278785,0,1
pAF,3717,distributed_node_runs,347,-72.9227639628152,113.975348953044,52.5625470137383,282.779694929788,270.701867517157,180.655185995041,14.050408831441,1.78870918243774,0,0,0,0,0.0874767185641992,0.586742693590288,0.499265975026088,392.594825586682,108.487802474148,153.451427770209,0,-72.3083684752086,110.339486576005,51.6122717269173,260.204538023539,207.067169623046,144.729871759311,14.9332856012115,1.83578449797642,0,0,0,0,0.120028625219885,0.447997960496979,0.327969335277094,319.401336845218,109.960379733006,157.094217438987,0,1
pAF,3730,distributed_node_runs,348,-79.2839494854483,123.284799684794,65.0884288279661,363.825268539504,265.325552643968,201.922183284958,30.6491860980605,1.89581361875753,0,0,0,0,0.0975367526170666,0.757805445169976,0.660268692552909,349.841715679868,112.211315200722,138.624794454771,0,-77.5617947865724,122.796847013383,64.1835387876586,356.458951934907,227.817095697836,179.983919726004,30.3750596326754,1.81256616578321,0,0,0,0,0.12737936905084,0.567784531365045,0.440405162314205,310.412915438799,122.277457932556,142.667164676543,0,1
pAF,3747,distributed_node_runs,349,-78.9618880758326,126.540288767492,64.9445927695472,394.638106720195,260.317042610332,192.017127452673,26.7086795466021,1.72756074722565,0,0,0,0,0.0939541287842105,0.732923530265572,0.638969401481361,347.993852094667,115.210843045053,132.4733784407,0,-77.2337380635206,125.810089259715,63.3505950432492,384.367549230536,222.595844050418,171.259275720429,22.1517232495135,1.66844559016681,0,0,0,0,0.12368972249427,0.557434966232961,0.433745243738691,311.876208840324,126.248002162458,135.103002719588,0,1
pAF,3759,distributed_node_runs,350,-77.3133373760083,118.613142523713,59.4212119532054,319.779580165636,320.767752626009,244.917546516939,20.9002110463116,1.74854399385367,0,0,0,0,0.0829412288068952,0.599922258284185,0.51698102947729,383.453381298481,128.849359746659,152.780865824981,0,-75.6574410380972,115.955222982557,57.2667054241961,300.011897793187,255.612560503399,196.849136003057,18.5006145894477,1.7301334279291,0,0,0,0,0.109185961614132,0.439971113761975,0.330785152147843,322.157878754457,127.34425591298,157.972141487157,0,1
pAF,3768,distributed_node_runs,351,-76.3419283720538,110.553201422174,51.9053967372221,260.285632175992,235.734612511529,172.503174775629,16.0130049479922,1.90071514953161,0,0,0,0,0.0944384719172179,0.642329120685664,0.547890648768446,388.726517646239,105.186421837403,150.241566392804,0,-75.5598457117935,109.101365612161,51.7924470738309,251.589340518704,192.533378237618,146.220565887979,16.4492218852538,1.8859089213729,0,0,0,0,0.125540343046282,0.465354603780247,0.339814260733965,320.540318144638,109.396236447988,159.979328329374,0,1
pAF,3780,distributed_node_runs,352,-76.7375459919395,115.153533404118,59.3612582733177,291.187023541357,272.906925040355,196.356757378169,24.0282984288424,2.1459083683003,0,0,0,0,0.0875249252936653,0.584307416774106,0.496782491480441,386.18849345058,111.583479854409,153.628173040055,0,-75.3123266850524,112.812066280308,58.2775373399335,275.238898046732,217.146450404514,162.36963001703,24.3713105531679,2.12508606640768,0,0,0,0,0.11661573865135,0.439167190607131,0.322551451955781,320.604007801718,115.848728536541,159.58964410255,0,1
pAF,3811,distributed_node_runs,354,-72.0204662288597,104.920784625773,40.2797224766658,227.559646971694,259.494995670611,180.570483394411,8.28162159247586,1.78158237032767,0,0,0,0,0.107300683751964,0.713878726204502,0.606578042452537,389.801355398049,101.022930399748,147.23955294386,0,-71.3020362335911,101.859629240571,39.9179207596719,209.86783688691,199.206822474171,141.822066509569,8.81541844841558,1.83451099602462,0,0,0,0,0.129939477346207,0.448621358236587,0.318681880890379,325.133829875249,108.472823864176,163.721299151455,0,1
pAF,3818,distributed_node_runs,355,-78.2445189815931,114.975201394063,65.3086663723626,289.809381919064,299.933132962491,212.597447786655,46.1459304196833,2.43489688216505,0,0,0,0,0.0818594092219424,0.566279548321352,0.484420139099409,378.842311669847,118.882122367679,149.109277684165,0,-76.3687930763267,112.611046394904,63.101257087998,274.394469438476,238.87639477941,174.279413963981,41.5511740697366,2.35012612203718,0,0,0,0,0.11093981076325,0.44159826261914,0.33065845185589,317.669124069438,120.753355205259,151.487740939501,0,1
pAF,3864,distributed_node_runs,356,-78.2092306654048,102.553886026655,59.9863033719125,211.317403200494,230.071691629266,169.124061745388,40.7444677928506,2.95598145505937,0,0,0,0,0.0881094196976122,0.582469521486449,0.494360101788837,377.438026328746,109.910881460797,146.871249134517,0,-77.1375762716632,101.66813946987,59.6524576746297,207.113635883306,188.599757782653,148.34094000105,43.311493058085,2.79563254925233,0,0,0,0,0.114232289772104,0.428294952982431,0.314062663210327,318.907502807942,116.585115433205,155.894676407637,0,1
pAF,3876,distributed_node_runs,357,-77.1628577583415,125.233765614331,64.3729527514707,379.532969326076,234.408014375811,170.123088134991,23.5537219405305,2.29007620132325,0,0,0,0,0.0995803484182898,0.7052187038504,0.60563835543211,354.151023995677,105.040029079828,137.766682830631,0,-75.7446992983852,124.438930876203,64.804537876001,368.138109837403,187.257382368884,143.557464506579,26.3320720043266,2.23339686095642,0,0,0,0,0.123484565799669,0.496766839441464,0.373282273641795,310.534145029269,115.072187876602,144.465551377953,0,1
pAF,3899,distributed_node_runs,358,-71.2554125102832,104.512075233685,52.1637982709002,222.202478499497,305.380223928667,224.499047041005,20.5138859123545,2.58449362774263,0,0,0,0,0.107317110423143,0.719073527519622,0.611756417096478,389.048922890121,104.273723717612,159.533438531105,0,-70.1155361902067,98.60132309489,51.4462111949326,189.691962133761,240.498911696319,183.088661629998,24.7031885712349,2.77734807855813,0,0,0,0,0.135211390314121,0.48776866484027,0.352557274526149,323.321331266583,111.083934919869,165.008528013554,0,1
pAF,3926,distributed_node_runs,359,-78.0702552717718,120.674271342619,56.6679388370402,334.329203897563,218.538965238964,174.248977730873,14.5586166684589,1.64605806968029,0,0,0,0,0.105838176110939,0.792219574158044,0.686381398047106,374.766630942533,102.265316980498,147.953770262402,0,-77.2068031016012,120.050113724611,56.3025360015288,329.035879654475,193.153223006808,158.225258250659,13.8007114222855,1.60738482717352,0,0,0,0,0.144946202583693,0.58903536599848,0.444089163414787,314.671058281918,108.382570690861,153.79070522838,0,1
pAF,3929,distributed_node_runs,360,-75.2190822194682,120.306672365029,60.1208285814044,331.53422141133,325.293827148358,221.599993642281,20.4263218925844,1.69829690430197,0,0,0,0,0.0943161501156257,0.732647875276337,0.638331725160712,372.825246645276,115.172871008377,145.945277568266,0,-72.8930706132897,113.142545746859,57.047097999079,281.424599928965,256.484689760309,180.422018289908,22.1541623151388,1.77593806413279,0,0,0,0,0.132058723605901,0.568675859519988,0.436617135914087,312.951946552632,115.261761163132,143.433756043298,0,1
pAF,3932,distributed_node_runs,361,-76.6726252837255,103.897866759827,49.7334820035991,220.223301155155,220.662918463837,171.994763033021,17.3156627533099,2.29601341542002,0,0,0,0,0.103471652804258,0.685788107475287,0.582316454671029,389.60273655771,104.212009678908,150.048231212737,0,-76.0590454237968,103.42672688575,50.0820681465574,217.33209305481,184.737520827399,148.670731501777,18.0092634566863,2.25135015125488,0,0,0,0,0.127441973234303,0.445458117581513,0.318016144347209,324.868815724803,111.609007815132,166.236176920205,0,1
pAF,3935,distributed_node_runs,362,-74.035223054247,115.325504537921,57.9163050034629,291.12000476959,244.523233309803,173.281380496221,20.9456285941924,2.30996544509981,0,0,0,0,0.0956836271766962,0.647441956894478,0.551758329717782,382.946694763494,106.218262716196,151.049791169574,0,-73.019164990603,112.013351652172,57.3941184326732,269.360588445354,197.09518338439,145.948372136056,23.0188785780992,2.34009942779448,0,0,0,0,0.127600177015489,0.482567536635745,0.354967359620257,317.874159976735,110.277924053386,154.674463732064,0,1
pAF,3937,distributed_node_runs,363,-79.0185453124556,120.226752473188,67.4449022238672,332.493645070751,234.631575650877,169.053193133186,46.4744779424873,2.07390438322909,0,0,0,0,0.0831617061736396,0.614126227636515,0.530964521462875,356.374551094952,115.218396923228,132.718673866107,0,-77.7400358730012,119.124582330628,65.8971877956413,324.49173638043,196.137064989456,146.877034758374,43.0659673269547,1.988111139799,0,0,0,0,0.113015198280607,0.488837690237582,0.375822491956974,306.081474568233,117.165510393941,136.188916326612,0,1
pAF,3938,distributed_node_runs,364,-75.5858658905785,106.18114362192,59.0207441126095,234.389866454798,310.37748645465,239.982045068813,45.8904968919087,2.64602834590187,0,0,0,0,0.0987552988056985,0.693266260135808,0.594510961330109,377.615307416316,113.419664262801,155.690330131653,0,-73.7973798248517,102.577352777119,57.5919337393267,212.701980693172,256.437049065709,205.295666035778,47.858764503897,2.64751070181228,0,0,0,0,0.125797492553301,0.486930972272693,0.361133479719392,323.922303024396,122.999142408506,163.679125827906,0,1
pAF,3953,distributed_node_runs,365,-78.9787886365713,102.113621409969,61.2013255692961,209.212457512741,240.728403366898,174.908211412607,47.8544592997714,2.61722131528222,0,0,0,0,0.0802942349652688,0.552755612014667,0.472461377049398,361.464649469359,112.306006811268,139.84127924847,0,-77.8377365567278,101.055825703599,60.2175104110436,204.873687158099,199.21570310873,151.746803350674,47.7663345491419,2.45279093701538,0,0,0,0,0.105714422913059,0.427542557208132,0.321828134295073,309.992533274144,116.884610366767,146.892711875645,0,1
pAF,3958,distributed_node_runs,366,-77.5629591653621,126.287971469155,66.3531981427084,389.213638198268,270.416318720789,204.050991086828,34.8886895063988,1.99060213632765,0,0,0,0,0.0994343238081954,0.789710365819065,0.690276042010869,352.917269277961,116.389912937215,135.625793601057,0,-75.7722654872586,124.534778467204,64.582415659543,370.672528257313,232.344247436304,181.123852853198,31.5730950481775,1.93771050979922,0,0,0,0,0.132951130664391,0.599813431310122,0.466862300645731,311.604473350722,124.207644188984,137.764001369178,0,1
pAF,3961,distributed_node_runs,367,-75.7030987395923,118.541079855312,54.2212878117366,323.736687548888,329.736756370083,239.409353432849,12.9352465524644,1.51964958730969,0,0,0,0,0.0986964162756626,0.74744674391071,0.648750327635048,362.776272436313,103.36945143903,149.225395384336,0,-73.1272211708325,111.924395632613,52.3208632237167,276.282286338626,276.865437171793,205.447929524998,13.9903831537231,1.59157443416552,0,0,0,0,0.130618472555475,0.552207695340146,0.421589222784671,314.348801797358,111.865064141835,154.066843833583,0,1
pAF,3964,distributed_node_runs,368,-75.0901985843273,113.282703815004,53.6423292022333,279.824434631704,290.001492409952,215.768486052562,15.4769145212704,1.76433313843881,0,0,0,0,0.0984496030279015,0.710605295376931,0.61215569234903,379.248394781345,105.372612348227,154.182653485118,0,-73.5617010298179,109.407857714764,52.4278132927251,254.276784854247,240.110807748548,182.763772102684,16.268852041223,1.79260505822822,0,0,0,0,0.132496457928919,0.523494541104883,0.390998083175964,318.438214393911,111.427240370762,159.312072274217,0,1
pAF,3980,distributed_node_runs,369,-76.6230829020335,113.878559204218,60.4395034945153,284.715538325015,236.202802508487,181.69687728415,26.8808891959052,2.66747401489556,0,0,0,0,0.0963047019318931,0.637609853678887,0.541305151746994,374.443168378144,108.887295552675,149.739295568109,0,-75.5012304502744,112.828278801501,60.5861442762976,276.095881998186,198.115077150695,159.1421177843,29.2338875059977,2.60982816885735,0,0,0,0,0.120164289951658,0.445298002721352,0.325133712769694,319.898094684744,117.502632078082,160.365296205315,0,1
pAF,3981,distributed_node_runs,370,-78.777249753267,116.476211443103,62.5763118401889,298.956841743535,230.358770062958,185.323258240227,34.8263254859266,2.1218228889993,0,0,0,0,0.0991931358035259,0.733232020702877,0.634038884899351,381.227816367122,110.238869949957,150.725010327407,0,-77.8207350400312,115.503719781143,61.3859760649467,293.074037543873,203.180151672255,167.69055395024,32.6806230088623,2.04873441281597,0,0,0,0,0.139622813485508,0.569714211992125,0.430091398506616,316.980345611337,113.919783563939,153.688693655347,0,1
pAF,3993,distributed_node_runs,371,-79.0129955303763,127.750412429034,70.1576105880693,397.746416841673,230.690262529497,173.977923531871,47.4910667592267,2.39664678156259,0,0,0,0,0.0973349443608078,0.711912406631961,0.614577462271153,367.88496683041,117.265333617484,139.490056374276,0,-77.5805391947056,127.205577377111,68.710474316548,390.123773031069,193.476341042795,154.70841337485,44.220757834828,2.29242103586512,0,0,0,0,0.131428324886159,0.546339818813916,0.414911493927757,314.636933884634,122.902551200459,141.498446658563,0,1
pAF,3998,distributed_node_runs,372,-78.9093424087899,129.912829762882,62.2051853094036,408.427603297113,243.036496310917,187.708934569127,15.596271378352,1.65939501734101,0,0,0,0,0.0988097909058307,0.712571992035314,0.613762201129483,388.668665995654,109.801791117607,154.921931197948,0,-78.0125431774623,128.47847537314,60.8131049930755,397.533062965651,208.435381155668,164.073770432398,14.2614819167356,1.64318135106805,0,0,0,0,0.141148076553285,0.569070674968842,0.427922598415557,317.012909529803,110.862149856654,154.82269064502,0,1
pAF,4005,distributed_node_runs,373,-78.0944312218146,124.475897784585,59.0927104090082,368.595757089839,219.601900187852,177.306654479682,14.3922662021432,1.57100928155705,0,0,0,0,0.0940819521079772,0.685068730174919,0.590986778066942,373.273748978099,112.030460701601,147.593271709964,0,-77.0876584131935,123.690808922299,57.9322443753765,360.928121201071,191.299856518042,158.511951169337,12.6840402462149,1.53996491720318,0,0,0,0,0.128177577747139,0.520248720412256,0.392071142665117,315.929032533859,117.303085222607,152.483285055103,0,1
pAF,4022,distributed_node_runs,374,-77.10263000843,92.5073590832843,53.2609034054654,159.736429899225,235.874113348204,174.668399776754,34.8870438388185,3.30175750093622,0,0,0,0,0.0963856337810949,0.64546408345758,0.549078449676485,370.345791420856,104.171888206984,143.726335180139,0,-76.091023033183,91.6717124910484,54.0810211801599,156.288365433759,190.91827239847,150.996403019391,39.4728294607266,3.11358899320476,0,0,0,0,0.119304730301369,0.444428487232227,0.325123756930858,317.470983604228,112.896086227196,158.394104390157,0,1
pAF,4037,distributed_node_runs,375,-74.0476550132611,111.157811412678,61.7639272103575,264.825596386849,293.057648691574,215.059708865687,35.5406208243803,2.82334514114336,0,0,0,0,0.106322792541964,0.791081998413415,0.684759205871452,365.283600974486,104.825951105602,148.241676143099,0,-72.2003486329886,105.612573086957,60.6979176950861,229.568171333017,239.340158112958,181.749381239457,42.1420027871827,2.92530249311312,0,0,0,0,0.140161739208652,0.578150007288024,0.437988268079372,313.870427593825,113.025881066642,149.084933717451,0,1
pAF,4047,distributed_node_runs,376,-73.9645724180038,119.915859294695,47.1895442214022,338.801595199647,291.634394393368,197.392753063526,8.14109428151278,1.59252509147336,0,0,0,0,0.0925651362211952,0.596864524165976,0.504299387944781,377.318246425639,103.638309305992,149.693032995872,0,-72.288800695168,114.743146599793,46.5485976869659,299.296915469459,216.894526637552,145.543165355859,8.88229541116016,1.65955758416021,0,0,0,0,0.111374280290432,0.39577974327424,0.284405462983808,320.470016793639,111.122343276813,161.795911544901,0,1
pAF,4052,distributed_node_runs,377,-73.197522590109,117.839141512591,50.8595091408498,319.874316640617,276.075599394258,199.993834299181,10.4902499545933,1.77804249589099,0,0,0,0,0.111532909538794,0.805922839487213,0.694389929948418,371.241946812879,98.7536167637591,149.695365416674,0,-71.6814724940202,112.788988575482,50.6548643494964,282.109439326906,225.12708742448,167.829743156621,11.8048109776864,1.83418932723725,0,0,0,0,0.140665452538556,0.543609153676766,0.40294370113821,317.136946552473,108.032100992634,156.942309728967,0,1
pAF,4053,distributed_node_runs,378,-77.664512866337,121.308548187048,58.1307277956121,345.179016265235,325.146486395184,239.72215743702,15.7311050430653,1.71704911359848,0,0,0,0,0.0894748788633443,0.637558484468595,0.54808360560525,368.551792309663,112.015433606895,151.397718839678,0,-75.2407118082212,118.062380911354,56.2425197837924,317.266760922593,272.19717619603,204.94919772002,14.7594017312222,1.70249958471686,0,0,0,0,0.115736198284034,0.469559295327524,0.35382309704349,320.10430836946,120.601145413471,160.021933805727,0,1
pAF,4063,distributed_node_runs,379,-78.7591856575739,123.993831030825,56.8188805051363,367.474964516705,252.980116564337,183.214140055745,13.2137229279542,1.54467243091494,0,0,0,0,0.086444532955534,0.590010261503198,0.503565728547664,371.983259801891,108.490687989914,148.400220169,0,-77.290568009296,123.172480129523,56.325866415109,358.505404976251,207.05714342459,155.196861564273,12.1666409606878,1.51386393506618,0,0,0,0,0.112273535585149,0.436393871662328,0.32412033607718,317.115778794625,114.927063280411,158.297087764227,0,1
pAF,4066,distributed_node_runs,380,-70.9402950123386,113.628350870231,49.5157869709908,287.362532651135,332.752935805962,232.680838746943,11.3052639429006,2.13152874809748,0,0,0,0,0.108975339409344,0.694189163149275,0.585213823739932,392.246585294008,105.19560950077,159.738445826018,0,-69.0651072707587,103.247722810483,47.8182077756947,218.841955661181,261.711895745004,188.77396255255,14.8151521742147,2.34434820567549,0,0,0,0,0.131752972013207,0.45954176052291,0.327788788509703,325.728134798119,111.814562336123,167.546813751698,0,1
pAF,4074,distributed_node_runs,381,-78.4357234647666,104.901629591068,60.4867022001289,226.762503004687,275.957473465693,200.793279813603,39.8053258394575,2.71600701227726,0,0,0,0,0.0844776713701475,0.562648056556074,0.478170385185927,366.173750156253,112.115244984219,146.652663873423,0,-76.9356230375532,103.654057520139,59.9191272364025,219.967730341618,224.812634381309,169.669123758991,41.7723683331787,2.58438136221957,0,0,0,0,0.106530236489212,0.412534226334336,0.306003989845124,316.031788513716,119.976260067673,155.861246570243,0,1
pAF,4085,distributed_node_runs,382,-76.7014689128767,124.361238657114,60.8221957497565,371.63869163816,310.448723091831,235.303805793199,17.6343750485103,1.6512002897507,0,0,0,0,0.0953446373395343,0.743669440338808,0.648324802999273,360.914974120031,113.053798393034,146.676133152857,0,-74.4578369737748,120.076168514039,58.6487072804586,336.181553495505,270.375109119501,209.932950874612,17.2668984876545,1.66587897020145,0,0,0,0,0.128666915723444,0.56862737684549,0.439960461122046,315.483528941055,120.825127371099,151.298998561706,0,1
pAF,4086,distributed_node_runs,383,-76.9213642422237,111.066060268628,62.0499774876124,267.44818717186,318.1170078414,232.721482724664,42.9725035078882,2.23320907072775,0,0,0,0,0.0941377523633297,0.711992949287991,0.617855196924661,357.760652606063,110.936544291413,142.138244842499,0,-74.6367013134252,107.259480025633,60.1248052598476,242.446555380367,266.47520782732,199.878688982277,45.4657826459879,2.20362113119336,0,0,0,0,0.12465933492343,0.540471566362399,0.415812231438969,312.193491529633,118.824217927267,145.51670981207,0,1
pAF,4100,distributed_node_runs,384,-76.8229721326456,123.944525921748,65.8557303330531,368.028873015749,244.346114794782,173.090911541702,27.8200517943842,2.39485466764017,0,0,0,0,0.0962496339782526,0.691562702677587,0.595313068699335,343.872456308971,104.255604538659,132.51514281313,0,-75.2757950139809,122.481124808778,66.0605588374524,352.066432013752,196.415669136644,143.689202794521,31.967778252565,2.33870476364245,0,0,0,0,0.119588359025649,0.500885927516095,0.381297568490446,304.487090391536,113.183865079987,137.473119528845,0,1
pAF,4106,distributed_node_runs,385,-72.2430696711785,106.439532838821,52.1484798706271,232.973086289443,260.2408680109,183.284792695726,18.868449992493,2.30205765318533,0,0,0,0,0.101201149722856,0.683363649139959,0.582162499417102,390.83344261608,104.712807631906,153.401558498951,0,-71.6851374887191,103.335190469519,51.9112602988733,215.692717720549,207.477471911039,153.417138187844,21.0558001272257,2.35473824707151,0,0,0,0,0.133279714022896,0.488500213892424,0.355220499869528,321.451981954702,109.035013099583,159.010893823518,0,1
pAF,4119,distributed_node_runs,386,-72.4921747072777,116.80787858364,61.5781103553285,308.803357375545,340.92979451947,232.681187042363,35.3557642924789,1.94707849826227,0,0,0,0,0.0945926900882785,0.754305763893103,0.659713073804824,362.799838392937,116.004721572492,139.53056831629,0,-69.9613004733284,104.199387057194,58.2312866478849,224.99209692546,276.563121691008,194.667536384834,46.3672224087277,2.23754420569821,0,0,0,0,0.132699196355027,0.5968692719393,0.464170075584273,308.637757686727,115.435127534296,136.124465492675,0,1
pAF,4166,distributed_node_runs,387,-77.3480014916026,120.161011425173,64.5357644484314,330.524384532323,238.081549967334,175.409976919109,41.8733337710364,2.00246262658038,0,0,0,0,0.0882413209917364,0.648157551676662,0.559916230684925,367.399491062934,117.095060086212,138.631405439244,0,-76.1235494030403,118.459594898959,62.7540702589222,317.700050157723,197.775226833939,151.30019532092,35.9513966632403,1.95162573951893,0,0,0,0,0.120906934488208,0.505963456539335,0.385056522051127,312.106026760521,119.151721154776,141.116255015293,0,1
pAF,4174,distributed_node_runs,388,-77.6766827324201,125.263834546553,64.4646531689089,375.502132113011,237.314402555356,175.908587805403,24.6484344402197,1.92128770906857,0,0,0,0,0.0971878331443795,0.725187405328106,0.627999572183726,363.685772854376,108.345957063946,141.746011885212,0,-76.2328318465787,123.982440237714,63.4902965605781,362.495479402638,197.796868072168,153.228092778641,24.3632429594691,1.8697805576121,0,0,0,0,0.132013057223535,0.557725008058315,0.42571195083478,310.542351139353,114.197609825082,143.860668398293,0,1
pAF,4181,distributed_node_runs,389,-78.2006711842465,115.410263712006,61.2251068449268,294.281600559526,291.086492166265,228.06346778947,32.8901336208583,1.9917076234924,0,0,0,0,0.0820522400300015,0.571602104826104,0.489549864796102,385.086199125268,124.038789064274,157.039003962833,0,-76.7118442499822,113.637429740731,59.3559382538861,282.395456228256,242.994074546885,194.405629348159,28.3746996040463,1.94697120485944,0,0,0,0,0.110817978306383,0.438204385706081,0.327386407399699,322.86992104493,126.702674174463,163.291363218867,0,1
pAF,4231,distributed_node_runs,390,-78.4253135683398,129.935306235818,62.2915753757876,414.63094248151,287.801444621895,206.398884048409,15.0226047816759,1.51798074308317,0,0,0,0,0.0764997374561672,0.529807913079515,0.453308175623348,386.5625801571,122.570221709109,153.655881725097,0,-76.86367370783,127.647353976886,59.7708732173517,395.541894040065,229.937389795992,167.223841452174,12.7479307298199,1.50776213101199,0,0,0,0,0.106377486553634,0.423089989778052,0.316712503224418,318.542869260407,120.461683031976,155.628106677552,0,1
pAF,4238,distributed_node_runs,391,-78.0679609735962,115.860187545558,62.0110699704595,298.262008814118,280.66746683533,216.978430948286,42.9324134832277,2.02062011322414,0,0,0,0,0.0800726551983063,0.554615419763197,0.47454276456489,381.158707763469,127.875897178972,151.099640547425,0,-76.7382555807033,114.26321351901,60.1007783687022,287.390730361711,229.842712732479,181.382570341531,32.5002739653282,1.97566276685029,0,0,0,0,0.106032295067771,0.418070406775459,0.312038111707688,321.672922871498,128.740492686269,156.516960905512,0,1
pAF,4243,distributed_node_runs,392,-70.6016083158768,106.874941800967,40.979145739611,243.82997303887,263.770216112898,174.977128909486,8.53247033694061,1.72783671453362,0,0,0,0,0.10782450219593,0.749521418581519,0.641696916385589,382.942400040789,98.3199990398716,143.384958227266,0,-69.7609686473321,102.269491167875,40.9400528501106,215.341244910531,198.902391606742,136.792297125285,9.62605170819734,1.81152309265963,0,0,0,0,0.134364242320182,0.486750445512946,0.352386203192764,321.171732073242,105.961265995054,157.164980507934,0,1
pAF,4246,distributed_node_runs,393,-76.509960995767,120.789922539579,60.6738745012533,332.656874319741,219.665370868577,160.777127784917,21.013233849837,2.26115701372328,0,0,0,0,0.0905112405726759,0.58702865947767,0.496517418904994,385.851664255679,109.572186279256,149.881790750449,0,-75.5636965376457,119.341953352196,60.321844141207,321.334339296878,182.400533823547,139.666147538868,21.7004369143215,2.22633904358736,0,0,0,0,0.119391405629326,0.439940833893806,0.32054942826448,319.201384770669,113.673956776387,157.720859822219,0,1
pAF,4257,distributed_node_runs,394,-71.0903728115342,111.004584425256,60.1165530360266,260.581414838934,357.433145638104,235.734793318254,31.2643530996356,2.94965321518248,0,0,0,0,0.0807030647387062,0.501612669649032,0.420909604910325,401.857916426496,118.914118310582,161.147904866075,0,-69.5037747445998,100.419061244253,57.276343619908,199.501413631454,269.265811337293,184.966552302045,35.5375035520447,3.37605515260293,0,0,0,0,0.109709868768262,0.394844123764402,0.28513425499614,323.886196733205,117.631630525419,161.192943956636,0,1
pAF,4273,distributed_node_runs,395,-77.4763627817786,112.175029912048,53.7538896131319,278.541473655548,273.536078993951,198.861082832998,16.9521254813808,1.71577640829491,0,0,0,0,0.0911763260877854,0.629026145382967,0.537849819295181,353.147028949512,104.140893587086,142.314930676693,0,-75.8771763134302,110.750233347805,54.1364388020541,267.295941863216,223.759956306127,166.052202153624,18.1352981842901,1.68602053257928,0,0,0,0,0.110982879308331,0.442748576493516,0.331765697185185,311.562297270004,114.351728856385,154.462114744328,0,1
pAF,4312,distributed_node_runs,396,-73.6528895820595,116.766645655781,50.3251263701612,314.714146730826,320.784056387667,244.447358038626,9.9190255436406,1.58997518174147,0,0,0,0,0.11318368535647,0.865396191617454,0.752212506260984,362.603508040957,98.7756154417657,155.533318789726,0,-71.5074509247596,109.547339242797,49.4205760349306,261.931765051357,267.327873528444,207.930029734147,11.828402414103,1.70040041303946,0,0,0,0,0.140540651901887,0.570663852695415,0.430123200793528,317.501550802866,111.193726752186,161.736357712777,0,1
pAF,4334,distributed_node_runs,397,-75.9240445738651,114.970676388774,55.3085588603753,296.12973411375,255.75195549379,203.620905525961,16.9008624970375,1.9612237886322,0,0,0,0,0.11610383657138,0.886635270759685,0.770531434188306,358.002235657477,98.7128566624233,147.290145284676,0,-74.5958089034517,113.609969733564,55.6974244839731,283.534438043122,227.918164677718,188.14997042192,18.2541698142668,1.92379019263171,0,0,0,0,0.146902906049132,0.602682639622589,0.455779733573457,315.318038438047,111.400773961755,158.40151266761,0,1
pAF,4342,distributed_node_runs,398,-70.9702385375501,113.186752372962,53.0311317448459,284.883853374991,341.753492818105,240.215766072157,14.5105951769219,1.85260810794716,0,0,0,0,0.10079400765977,0.738266310849859,0.637472303190089,382.510636618928,106.326592155034,158.445533284609,0,-69.061324529852,101.76814156821,50.849485024413,210.956361395832,270.536590087759,198.155116615952,20.6930231149199,2.0908043008385,0,0,0,0,0.138305974166067,0.552653732535087,0.414347758369019,318.440853535554,110.81502635761,157.75613574179,0,1
pAF,4360,distributed_node_runs,399,-79.5900846883569,109.858214375979,60.3580868115073,257.366024092931,230.01782615672,180.88960700039,36.5218475480069,2.19079078658251,0,0,0,0,0.0932264847826269,0.668622922422335,0.575396437639708,365.110030766038,110.473571941809,144.483220974574,0,-78.4170514651897,109.466746030498,59.8387799599047,255.316840674168,204.357327970316,169.762672121735,39.1492195663122,2.07364894682541,0,0,0,0,0.123001957347515,0.501444714358336,0.378442757010822,316.02721593931,120.447516260425,154.141790887487,0,1
pAF,4387,distributed_node_runs,400,-76.1705030182006,121.171549465181,62.3194983903853,332.651303350889,310.117684031909,220.805879651991,23.8778203957772,2.3253209369359,0,0,0,0,0.0860690129565216,0.559730093639125,0.473661080682603,398.447433391884,116.356395623596,160.934890215806,0,-74.4772842295502,117.151144152963,60.2829597684545,303.385425960684,248.594321035052,181.920124679898,23.9054419248387,2.33460080715304,0,0,0,0,0.118135538209894,0.439327077083988,0.321191538874095,324.110262020153,117.287692968956,164.09965046012,0,1
pAF,4403,distributed_node_runs,402,-79.8015323100568,124.952762877269,71.7146736704296,373.663442698208,251.808925220328,183.4985183307,46.8753513373595,2.52085553781944,0,0,0,0,0.0885937855992678,0.670871695288667,0.582277909689399,351.333470177175,114.92384537006,132.326663450922,0,-78.2105853244404,124.255232817415,70.4576394205564,366.511141002206,212.398646629947,160.017787228204,45.5464608174552,2.36434944399662,0,0,0,0,0.118675969296402,0.529214674422677,0.410538705126275,304.822471493448,118.457104147954,134.341620678649,0,1
pAF,4431,distributed_node_runs,403,-79.8555068854622,97.6664532470272,60.5252650715753,186.867858886719,207.055210683415,164.444831144057,46.5728484030406,3.88085370404588,0,0,0,0,0.104644176424326,0.793333039651114,0.688688863226788,376.958267297741,101.040878872904,143.865144956275,0,-79.277317812246,96.7898038200679,60.3530443475009,187.509460449219,185.056430606121,151.854611344614,48.5278493211845,3.4474902771326,0,0,0,0,0.14867926098184,0.615104743411852,0.466425482430012,311.830234504185,105.033489325378,148.011639972971,0,1
pAF,4452,distributed_node_runs,404,-78.6353970621711,109.094094692911,60.8918876488763,249.591961664291,228.728743678337,178.581869055939,33.3681043895849,2.92815186038933,0,0,0,0,0.0966089088326354,0.646616814087811,0.550007905255175,386.759764177717,108.887118128194,152.646777935004,0,-77.7093997971159,108.593248359621,60.8502651203399,246.721578939471,197.255459844622,160.580580696289,35.2371841175955,2.79402643916546,0,0,0,0,0.125953283812007,0.464694691166189,0.338741407354182,322.588072351562,115.243659385931,162.936846546039,0,1
pAF,4471,distributed_node_runs,405,-78.2270524173222,122.399041334787,60.7436921513183,354.809256858527,321.447019598447,241.602276071106,19.2509459329594,1.68372084025032,0,0,0,0,0.0956426757033362,0.746963262823104,0.651320587119768,364.047030055612,117.18960556962,146.653040123689,0,-75.8870241767185,119.92838608555,58.30958463038,331.953960780923,269.198414557341,207.828004176343,16.2101306656295,1.64691254408172,0,0,0,0,0.126565883022411,0.552417495855591,0.42585161283318,317.938264429951,124.284739519397,151.209574929097,0,1
pAF,4482,distributed_node_runs,406,-72.9193513567222,110.075830424747,56.4726112947663,258.162164920406,340.473508001043,238.672482859212,23.4431467827162,2.19486160851375,0,0,0,0,0.0858866400476949,0.576506169884862,0.490619529837167,378.217681502385,111.130874375856,154.288926726933,0,-70.8484931595923,100.964136422803,54.3627757443234,204.338158867474,267.251353214724,188.857248902463,29.1491540745774,2.45001520992082,0,0,0,0,0.112084203289011,0.427918891152799,0.315834687863788,317.849453677391,114.759014034669,155.736974693591,0,1
pAF,4484,distributed_node_runs,407,-74.3165165139545,118.017699526359,64.476325403572,313.461911392342,329.256562265095,235.519140628516,40.9539940851828,2.21632388158469,0,0,0,0,0.0977521007810425,0.777580051049843,0.679827950268801,362.787233552226,113.735536668879,141.953340777447,0,-71.8315177102799,109.098560165139,61.6239271763355,252.737693717788,273.104159351078,199.84550763707,45.8714578482577,2.39989122542102,0,0,0,0,0.136517862547534,0.614953391222775,0.478435528675242,309.959282069969,116.112765027083,139.508396742763,0,1
pAF,4488,distributed_node_runs,408,-78.2822330135804,120.938133424972,67.4901108681487,340.556545113467,235.093427959539,175.08716254279,37.5797539257692,2.64636522389628,0,0,0,0,0.098650541745445,0.720502472715945,0.6218519309705,353.070236501517,108.431271099522,136.746862435808,0,-76.8765969625816,120.449273986573,67.3954813860433,333.805407267578,195.809299745593,153.7435636601,41.6922380841934,2.51570065944179,0,0,0,0,0.126416410463208,0.52900477375568,0.402588363292472,310.014970434226,118.308547450233,141.195578929989,0,1
pAF,4519,distributed_node_runs,409,-75.963029900444,107.304004927069,48.5230356749675,244.193625536474,238.126464748981,183.757103260381,13.567143508968,1.80409997166134,0,0,0,0,0.103820254450346,0.729797114888501,0.625976860438154,368.872578707371,101.041069096558,145.663542678886,0,-74.9293132168515,106.233586819892,49.1296029404956,236.482759080819,198.520744232199,158.732955116473,14.4097746850093,1.77308057150003,0,0,0,0,0.127935197031691,0.484041420656595,0.356106223624904,317.755027296553,110.618887532099,160.756132595033,0,1
pAF,4548,distributed_node_runs,410,-79.6296090155169,124.861551005036,61.2344813911002,367.423821300684,230.449803885975,189.502009397642,17.9307105659827,1.6478264925754,0,0,0,0,0.0994545744310441,0.750563360521781,0.651108786090737,379.538626365676,110.315114280296,152.222886316986,0,-78.6794456692703,124.067390728043,59.9012310792897,361.61090514968,204.523605371447,170.679621579868,15.9096535053759,1.60963985917624,0,0,0,0,0.14127250422661,0.587617350849108,0.446344846622498,316.370705372789,113.780631289112,154.271200413095,0,1
pAF,4562,distributed_node_runs,411,-79.951950547109,105.559262566251,60.1662417296214,226.627086902874,218.55915559901,178.813573956155,47.2896864493232,2.3853114497615,0,0,0,0,0.0864598020520024,0.600882887464644,0.514423085412641,381.976972606346,115.713931954691,150.899344832986,0,-79.0828088370153,104.85804397269,59.1754171184732,224.244751021796,192.835242267174,163.343522480696,45.3517741153519,2.26735138705408,0,0,0,0,0.118131452246085,0.46284010943023,0.344708657184145,319.319384832801,120.244195043262,158.247848181111,0,1
pAF,4564,distributed_node_runs,412,-79.4458964058194,119.446469587915,64.9633805903925,329.372106383059,251.636592001996,177.899504621979,33.3781426303831,1.98976061135909,0,0,0,0,0.0856687883876267,0.618544459908049,0.532875671520422,349.121041916987,108.883607885451,134.999864915328,0,-77.8937116145713,118.645574013181,64.1357605423014,322.564521546817,208.6635336248,152.124015737001,34.9882323726379,1.90887646376359,0,0,0,0,0.111250458432964,0.47496620547249,0.363715747039526,305.326254750678,115.383926324557,139.581209254186,0,1
pAF,4575,distributed_node_runs,413,-75.6639852696894,124.599030745961,57.4984429814333,365.763146809587,243.107206760018,177.972191918816,13.035453878867,1.56175720640022,0,0,0,0,0.0974573141918119,0.715599914856393,0.618142600664581,378.903632165224,106.252025025402,149.782221525047,0,-74.6572237764537,121.8646034217,56.3362947639714,346.037610402365,202.887204744842,153.12194042284,12.6698059601258,1.57612164648162,0,0,0,0,0.136823269653848,0.557982344376001,0.421159074722153,314.388429633316,109.407725503195,150.892717942939,0,1
pAF,4576,distributed_node_runs,414,-79.2799362356237,122.795088631503,63.1224870364485,358.521207814543,258.746359946126,196.664395525433,26.6036056071607,1.91555976204836,0,0,0,0,0.0932150340603826,0.680473428170173,0.587258394109791,358.09730748507,116.425881309595,140.532149977462,0,-77.7023684146769,122.441512567729,61.93185681684,352.526754261981,218.860553496193,174.778135835906,23.1269691557536,1.8407087010055,0,0,0,0,0.119173233458622,0.495711136979897,0.376537903521274,316.400703408231,127.75150792965,146.989049020716,0,1
pAF,4581,distributed_node_runs,415,-80.3068565742811,123.300540657336,60.8343707109664,349.776742169165,209.338250634799,162.561758851756,19.040060039013,1.80490536920115,0,0,0,0,0.0825289505326219,0.537955958522105,0.455427007989483,397.529873615706,114.613382899122,155.765951053658,0,-79.5632666102997,122.349773051387,59.9265376272239,344.287969922383,178.311474373262,142.775095117246,18.1182053097364,1.78151809361225,0,0,0,0,0.113764230306205,0.418742010214679,0.304977779908474,322.683098684018,115.901096283582,162.52863553788,0,1
pAF,4582,distributed_node_runs,416,-75.6870705482617,120.922762466069,61.0766192012365,333.852657988403,297.974177626413,209.338284011501,21.7672734915759,2.01181281744357,0,0,0,0,0.0775453029864546,0.50743449541409,0.429889192427636,382.998198805399,117.248929423222,152.961983452588,0,-74.1029811399119,116.739597005056,59.0004048001633,303.747895452178,236.801591285344,168.038989735527,21.8720049541735,2.04081773012877,0,0,0,0,0.104012448059171,0.3954222681311,0.291409820071928,318.488515063604,118.14752460357,157.097906358715,0,1
pAF,4634,distributed_node_runs,417,-72.8348246500855,117.738875654679,54.9667169611384,316.286003155906,294.020030187981,208.393267392632,14.7013259545929,1.99122090107994,0,0,0,0,0.0995855104619474,0.687856292540231,0.588270782078284,376.221054190537,104.891330709623,153.610442057955,0,-71.0910138807936,110.680012408492,53.9254706620358,265.761276270107,236.571807679822,172.606434869329,18.064475413903,2.10774944465447,0,0,0,0,0.128255845928646,0.490961110542472,0.362705264613825,318.264196600121,112.056300382541,157.068692730739,0,1
pAF,4653,distributed_node_runs,419,-75.7090512879997,113.763628666958,63.9676726759555,279.228714228596,255.944914597727,182.988604888837,35.9083545838148,2.75833149691607,0,0,0,0,0.097079970081652,0.702032649791963,0.604952679710311,378.316456685046,107.483540314977,147.51537864975,0,-74.4510708556931,110.87273964125,62.8059623713368,260.955576749012,210.400989157093,157.39522929037,37.2184894251113,2.70012848307306,0,0,0,0,0.136010604856632,0.553072004851564,0.417061399994932,313.909361073554,110.898627854771,148.498999251607,0,1
pAF,4657,distributed_node_runs,420,-79.0092407233083,126.221359240257,66.0035853132783,375.044608290965,232.2344987252,186.858100753576,32.568750979226,2.07002210091741,0,0,0,0,0.102155164929548,0.756671662303037,0.654516497373488,383.971319205833,114.803577752289,150.94101435027,0,-78.0876439210233,125.101371185726,64.3435455618874,366.953153189035,201.62929496291,164.890366556443,26.8089219066678,2.0139681768851,0,0,0,0,0.144765134062835,0.595186344163448,0.450421210100614,316.395590929915,115.37185435538,150.885067585439,0,1
pAF,4661,distributed_node_runs,421,-76.4372709778105,90.292027692755,52.5691157160854,148.700650093126,256.068696098038,205.616708856418,45.6823883214092,3.48315148688562,0,0,0,0,0.101870762216292,0.682680818044485,0.580810055828193,382.149017802869,106.935670035171,154.947918578675,0,-75.4907777806059,89.3423666274579,52.5904040873827,144.77891864724,218.778704730663,183.486244492218,47.9087866505834,3.32120105942158,0,0,0,0,0.126368134395652,0.458001590240947,0.331633455845295,323.855633885927,116.225496366209,169.144794090596,0,1
pAF,4671,distributed_node_runs,422,-79.1538967481291,109.092658491725,61.4650292921757,253.871904836649,241.779594475993,178.000236727217,35.3136980247145,2.82401101089636,0,0,0,0,0.0882268145370215,0.574083579603371,0.485856765066349,356.375247576914,110.52131378965,141.344579296035,0,-77.9037687105262,108.853299016721,62.2413601811655,251.721063722976,198.598533879693,155.5902719267,41.3127785888282,2.69263090232562,0,0,0,0,0.105208478391245,0.399960360024948,0.294751881633702,314.844640708758,121.795269572129,154.230000662082,0,1
pAF,4674,distributed_node_runs,423,-77.6977044421899,109.05287710443,62.3479541129904,252.292952416985,272.309753806054,191.981913378761,38.5777219488955,2.79159445243567,0,0,0,0,0.0850801873425688,0.558949010326314,0.473868822983746,369.078542388561,111.874897397152,145.589703288753,0,-76.1692120257125,107.464035004597,61.5909167377098,242.266983501093,213.235416652395,156.3652450888,40.4783758183512,2.68434572655678,0,0,0,0,0.107223212134018,0.40727056868253,0.300047356548512,316.023714613766,118.63430722944,152.721866595228,0,1
pAF,4713,distributed_node_runs,424,-78.4192830401163,119.694281241909,64.8884797557042,317.351048253495,207.787816920936,163.766193094532,31.9210247783121,2.65247078976245,0,0,0,0,0.0949981062982182,0.616195326623185,0.521197220324966,400.035236425712,112.294569755344,156.497332256567,0,-77.9764684961295,118.622570648239,64.2354057674149,311.388303973049,180.244071403191,146.178997324034,31.8339988982952,2.60767873415898,0,0,0,0,0.129629873825419,0.471705925790787,0.342076051965368,322.94566197395,114.122309756796,160.60954962759,0,1
pAF,4716,distributed_node_runs,425,-78.3030336179183,113.695769092234,59.1055778055998,287.004676399786,281.061449489323,215.358236109059,25.5958175518172,2.04463210905669,0,0,0,0,0.0971946792851825,0.705020972719256,0.607826293434074,360.806394692627,108.794069688556,147.725077041751,0,-76.6098380479199,112.675034428398,58.8206257862531,278.239138208132,239.136287406545,190.663102546481,27.1579713727479,1.96575477756778,0,0,0,0,0.122730169906733,0.503207683116737,0.380477513210005,316.87544046959,120.465449762396,158.321059508133,0,1
pAF,4720,distributed_node_runs,426,-76.1243798394002,109.279737429528,48.993040254232,250.508828830985,234.468098763515,169.468932808581,13.3315804525046,1.92320068443223,0,0,0,0,0.0988280205603025,0.665385645921541,0.566557625361239,396.879107217603,104.629677434103,153.246046065554,0,-75.832418024296,108.215393860733,49.091099383193,244.912844311419,192.404575656208,143.945011974498,13.7392989928194,1.91576966699358,0,0,0,0,0.12954945984908,0.463982538378252,0.334433078529172,324.071649237852,108.925007778107,161.912378753327,0,1
pAF,4730,distributed_node_runs,427,-71.7197782203906,107.75959254245,46.6873975753932,244.531703242191,268.527353696612,178.39875110126,11.8287787427398,1.84441336440796,0,0,0,0,0.092153151843415,0.606302380468179,0.514149228624764,388.708557116668,104.670835883808,149.86553234448,0,-70.9382083148321,103.465205412996,46.1469943745636,219.29526704143,202.95915520141,140.245102127086,13.1591519248068,1.91758812912667,0,0,0,0,0.119796243903934,0.431085041428244,0.311288797524311,321.042369238705,109.154549840856,159.585594237029,0,1
pAF,4769,distributed_node_runs,428,-72.6873131139496,117.739673003485,55.7603937639595,318.004544223338,328.601793277681,230.173382615045,14.4353879428963,1.84614154851442,0,0,0,0,0.0896985985612467,0.618168678193053,0.528470079631806,374.974723790998,112.774010121837,153.162025382292,0,-70.5650364763345,108.066680926766,53.3886582062905,250.13060951976,260.831158396817,185.688990577099,19.0584327776269,2.00856940555968,0,0,0,0,0.116428374082289,0.451307944866839,0.33487957078455,318.828559199716,117.600628923683,154.693815251862,0,1
pAF,4772,distributed_node_runs,429,-72.6613610519156,108.420077856534,59.2740055037667,246.297171339217,290.782502232789,200.67061640774,33.1097188336425,2.66559476265684,0,0,0,0,0.0886512944011782,0.592902023410782,0.504250729009604,380.375728234052,111.07213325725,151.853382434154,0,-71.2526117901958,102.141056915847,57.6288893989067,210.136590042837,231.684458346976,165.126470514464,36.8318530348515,2.81374800425692,0,0,0,0,0.118166531332645,0.449165742238331,0.330999210905686,317.430904909364,114.858886952858,152.977048944549,0,1
pAF,4791,distributed_node_runs,430,-74.3588270288308,108.923535747023,50.4345680012472,251.672323114196,285.238413169209,201.089811875769,14.725983242497,1.9530759176123,0,0,0,0,0.0890214443816803,0.571093066203323,0.482071621821642,383.970362220476,107.589258403299,154.009993867077,0,-72.9788100689875,105.10360478343,49.7284935649378,228.099515622718,220.935034353366,159.173166219207,15.9544766819308,2.0047669751948,0,0,0,0,0.111618171914995,0.398159398046649,0.286541226131654,321.506461987257,113.439464712705,164.232657398589,0,1
pAF,4799,distributed_node_runs,431,-74.6374794482538,120.810508931852,56.2638885541056,331.428015923785,332.806307427803,242.004413472896,12.8298166555251,1.80064011358627,0,0,0,0,0.0841875807416515,0.542501907137754,0.458314326396103,405.805309912808,120.730158414946,167.800259463638,0,-73.1475943247854,115.255994612593,53.7257146306011,292.717585062402,259.41888109866,191.716146320494,13.1988773037701,1.86945550108794,0,0,0,0,0.113662144421617,0.412654035507106,0.298991891085489,327.434582642771,119.816294778735,170.268866055149,0,1
pAF,4854,distributed_node_runs,432,-75.2572810385216,121.54622225919,46.7630845448675,355.698408892,271.947022125169,201.821590114021,6.54266909443686,1.47676126856823,0,0,0,0,0.103450613117133,0.707855877479835,0.604405264362702,363.855756445169,100.784775634274,147.194586922798,0,-73.7488685427415,118.882614375501,47.0879601723563,332.961732981673,215.965199423772,161.914149144421,6.56434284994248,1.50312674183078,0,0,0,0,0.119284352275524,0.438566099035929,0.319281746760405,319.217914129593,112.69959034316,164.690314273658,0,1
pAF,4859,distributed_node_runs,433,-74.153444309598,92.8576948586191,45.4295850353674,161.620838776841,231.037262668673,167.364835215827,19.1778140753304,2.59629966509237,0,0,0,0,0.0972115554072001,0.632755459422629,0.535543904015429,393.652827609279,104.182456506074,149.79640296831,0,-73.6794465581577,91.5847768677495,45.5540815342149,155.925191964043,181.808264247669,137.589597657334,20.2504601123801,2.58560741227848,0,0,0,0,0.122262232923953,0.423977078840701,0.301714845916748,324.093925091387,109.949502769923,163.771082869141,0,1
pAF,4860,distributed_node_runs,434,-79.0244971368431,121.157915859822,59.3427542998636,343.755260941055,227.985628255396,187.68536870915,17.9307202906639,1.77026080338692,0,0,0,0,0.105373665032732,0.793863719611884,0.688490054579152,364.076804749937,106.43469296785,147.202083149444,0,-77.9071256342679,121.287290444146,59.0112898685159,342.065404305477,207.082603595143,176.975307138375,16.8152601856236,1.70270285799052,0,0,0,0,0.139183979658257,0.575853627829028,0.436669648170771,316.412370193451,117.539874250891,156.181641982858,0,1
pAF,4862,distributed_node_runs,435,-79.174716788983,127.503681488783,67.8651959171677,398.800141643417,227.149735110048,165.094333183173,32.1239870075879,2.08641859627096,0,0,0,0,0.0785553209935603,0.535713907600752,0.457158586607192,352.786056821249,116.592073402477,134.264598391597,0,-77.9744715339297,126.969767222609,66.8696391800518,392.054559395098,187.148140256577,141.489302103641,31.0007109031903,2.02740936183181,0,0,0,0,0.100602019686056,0.410981241085307,0.310379221399251,306.410440705946,119.398382218522,139.434314891084,0,1
pAF,4884,distributed_node_runs,436,-71.1746975227887,109.860661982298,40.0885381286992,267.374590717883,278.324938983125,191.122171742638,6.91136137318244,1.64594872896851,0,0,0,0,0.107986977475634,0.728303387060762,0.620316409585128,377.623994924455,98.6973127391248,143.91396771789,0,-69.8424069274482,103.857051216456,39.5420086939048,227.323807436816,207.564011836446,143.719377768768,7.98380118594287,1.74674875687924,0,0,0,0,0.12712757062383,0.44643709606387,0.31930952544004,321.840377760986,108.033346502569,160.607343020193,0,1
pAF,4891,distributed_node_runs,437,-74.5775174392658,112.838969628813,59.9309985207162,277.958912752965,297.89956132129,219.379269455152,29.5758109816306,2.41440134528239,0,0,0,0,0.106746790204544,0.790461375044373,0.683714584839829,362.187742928465,104.726961683817,146.885083935875,0,-72.5905174795361,107.702348720188,59.0091727331859,243.210975167759,243.063556078232,184.978150801315,37.3783960302244,2.47884009584595,0,0,0,0,0.136567404526451,0.558554947841981,0.42198754331553,315.142831219477,115.533108962667,150.931901710228,0,1
pAF,4914,distributed_node_runs,438,-77.8022606437177,118.071093423398,56.297982601453,323.207513258503,252.144275703184,188.865992641091,15.7261446045668,1.7474756863885,0,0,0,0,0.101641160354358,0.735075035162887,0.633433874808529,349.024234054443,103.346045030623,140.73457736991,0,-76.2884761574132,117.520694075323,56.7014685008249,315.153502451376,212.413713455637,167.596448237273,15.8706825196241,1.70336392667377,0,0,0,0,0.124438499633618,0.508754005007294,0.384315505373675,312.75458906393,117.626903779281,151.788448062368,0,1
pAF,4916,distributed_node_runs,439,-74.4359182503125,104.784883788626,50.147834492606,227.168498623378,307.411450041764,232.451664340959,16.8117111044339,2.07168325021485,0,0,0,0,0.103623013776632,0.726927363017985,0.623304349241352,377.96174745282,102.89312026518,154.915757767228,0,-72.7988123032096,100.515388531102,49.6006606537881,202.15832541037,255.560631785298,198.104281993765,19.2871944080034,2.13319370348836,0,0,0,0,0.130551908189656,0.492503025919363,0.361951117729707,321.936931139182,111.914646044268,165.210986251068,0,1
pAF,4926,distributed_node_runs,440,-75.6297249518813,108.114281737011,55.1154410438062,244.113847587959,204.606025603833,161.217663046438,22.3012539978954,2.44676305976463,0,0,0,0,0.106231312920554,0.733764312707227,0.627532999786673,384.505945567806,102.884737865919,150.125325045318,0,-75.1277447741412,107.213586801802,55.5320264653212,238.815886419798,177.362455136226,144.226049332687,24.1963155398698,2.40729308953087,0,0,0,0,0.137791789845128,0.510070898641131,0.372279108796004,320.177887732811,108.862551573347,158.480035598345,0,1
pAF,4935,distributed_node_runs,441,-75.7926676815029,109.69427752321,56.3056903173835,258.549134560429,296.91872984096,221.698311511718,23.9142666601838,1.89651552226132,0,0,0,0,0.0967128091477647,0.717341005183229,0.620628196035464,362.760553469285,106.682895351201,147.546032922457,0,-73.9432559120282,105.980027566764,55.1277812745172,234.57804930496,248.610023450176,190.914098464553,26.5465861557423,1.90928576780061,0,0,0,0,0.127197996513981,0.53018569332362,0.402987696809639,314.241449276036,115.484738461084,152.839436692342,0,1
pAF,4937,distributed_node_runs,442,-72.5640369149501,114.157019779238,51.5330370296775,286.477530137193,230.418470075005,168.897647717109,13.0187818850682,1.84043795469915,0,0,0,0,0.113019822867161,0.851992039725002,0.738972216857841,372.084834653251,97.0003773044955,144.639465720255,0,-72.0045446526261,111.383784879516,51.7043694055641,268.452249966781,197.277058857464,149.127830115085,14.0842578030679,1.86375969167784,0,0,0,0,0.153277710540238,0.619547743845901,0.466270033305663,312.78596857495,103.133096254314,149.276257562876,0,1
pAF,4942,distributed_node_runs,443,-72.3800718208414,110.196039729662,53.4776236496329,259.633561286762,307.358409270928,238.367773507722,17.5813533366018,2.30795216489059,0,0,0,0,0.115712844257161,0.820957645679606,0.705244801422446,376.974860977964,101.813112088996,159.526231096693,0,-70.801980038582,103.584985832342,52.5624088053647,218.45010598119,263.967449900025,209.948168334457,22.4794652089076,2.45163811946259,0,0,0,0,0.144657581697871,0.548235686273098,0.403578104575227,322.248669102002,111.444704120517,166.711815925438,0,1
pAF,4945,distributed_node_runs,444,-76.8238950982729,91.5168415313576,57.0696057586914,153.094226074737,209.534812709273,162.979306265785,43.3548363252776,4.99133105920919,0,0,0,0,0.106860198447657,0.746802314679053,0.639942116231395,376.803447547289,101.954393792534,143.776645894598,0,-76.1581716868471,91.0015732627317,57.9250261530354,151.304848675364,178.35395188129,146.741675592308,47.3986545417793,4.52472813205168,0,0,0,0,0.136350942187845,0.513578325653838,0.377227383465993,317.895230887549,109.469184521069,155.795226862291,0,1
pAF,4948,distributed_node_runs,445,-77.1482565405158,124.077037254653,61.3327307416801,362.057537832665,298.981789607198,222.483311725322,18.8094742355388,1.81299587501417,0,0,0,0,0.0911770421223112,0.64912085333167,0.557943811209359,383.359991178491,117.43872266767,154.685400642285,0,-75.2563999444737,121.105167611926,59.1231178074629,337.272860318095,245.226274047636,188.091230102524,17.0986570996974,1.80989808814411,0,0,0,0,0.123672371449597,0.492971294189872,0.369298922740275,321.226512057339,121.382606371197,158.560759511558,0,1
pAF,4960,distributed_node_runs,446,-74.7562952331879,114.943927354958,59.4710733475962,292.383148054631,264.801179767172,200.512287919642,24.106587381335,2.4251727339215,0,0,0,0,0.114997513971021,0.870875930281414,0.755878416310393,360.842153926518,99.4092038700473,145.753107676305,0,-73.2852326040517,111.97888684418,59.609837728833,270.215368389843,219.394145765866,172.34184248967,28.3883661287109,2.42836500430712,0,0,0,0,0.147073588113742,0.602849606016767,0.455776017903024,313.78707489567,109.682379410537,151.365703126697,0,1
pAF,4962,distributed_node_runs,447,-75.3590914275463,120.900983324511,58.295306783368,336.404179587857,259.831875706717,185.092309345535,16.6132172106736,1.68976625864161,0,0,0,0,0.0951614878908796,0.699012648631078,0.603851160740199,371.31509653676,106.12832136589,147.474434758583,0,-73.9159927119067,117.270541895745,56.9757570325669,310.262940769514,212.360063821492,156.890005254154,17.1680396056254,1.71100566795212,0,0,0,0,0.130824402010925,0.538568086335144,0.407743684324219,313.314255557132,111.01977415309,148.289604033747,0,1
pAF,4964,distributed_node_runs,448,-79.7665796579909,127.099796375172,66.5647138123482,388.592642737089,222.648739810022,171.498706005274,35.0562509541778,1.81659346917149,0,0,0,0,0.0831725383916164,0.600692525222507,0.51751998683089,377.170342397694,122.936911600045,141.872908948192,0,-78.7060628695852,126.142793154637,64.7250818661945,381.263159195701,185.613117958634,147.593277573629,26.7041940830495,1.77136761816655,0,0,0,0,0.115263475501334,0.474030960631062,0.358767485129728,314.556007746229,121.529914486102,143.871344403145,0,1
pAF,4970,distributed_node_runs,449,-72.9981359038579,115.244251207237,56.1418134955848,295.999489317498,352.685695707318,238.587923383304,17.9781398289269,1.95731884843553,0,0,0,0,0.0876411794654788,0.599590604676376,0.511949425210898,374.946644007476,108.553594033408,151.701166113451,0,-70.4033027286705,103.630380748244,53.6873261657233,221.039126074477,273.872110305729,187.770068584283,24.642408477026,2.20784202238792,0,0,0,0,0.114794660404963,0.445842285195403,0.33104762479044,316.090711618701,112.724301010279,152.284742995395,0,1
pAF,4971,distributed_node_runs,450,-76.7898865123304,108.172119820837,52.4608454721941,248.353728688071,325.997258522824,242.185050586464,17.5490898470889,1.85864780480188,0,0,0,0,0.0925966058702256,0.6412238884545,0.548627282584275,380.40051315337,108.637994657372,157.114273669436,0,-74.8042181119159,104.995696779244,51.1989885726602,228.45933783386,263.031347204105,200.83832579344,17.8495451418785,1.85515465819117,0,0,0,0,0.118623771631435,0.453966963674462,0.335343192043027,322.305566565759,116.189022853552,166.738099562191,0,1
pAF,4986,distributed_node_runs,451,-71.9979357704441,112.76434334279,43.7275664073309,278.978998276549,259.781570271924,175.350263733839,7.64506821968098,1.74509342259262,0,0,0,0,0.09505977516296,0.585078871927824,0.490019096764864,399.946090059952,107.411309450988,154.622213345682,0,-71.3999481654873,109.511964395633,43.0677795189482,257.655748981725,195.217085989378,136.469891564269,8.02530817549268,1.78851687201677,0,0,0,0,0.118173908942835,0.39686251778637,0.278688608843536,326.654363893376,111.750413054411,167.588214575427,0,1
pAF,5063,distributed_node_runs,452,-74.5168054030462,102.823598047538,56.1702059881762,211.681671032074,317.297902590799,236.473765886738,41.0111104785101,2.35461081762332,0,0,0,0,0.0923804443329275,0.649323885192103,0.556943440859176,397.431653981141,114.176928422239,164.242635098411,0,-73.5391161637209,99.2074555326316,54.3827281105533,193.145643677218,254.092811098879,194.69517191605,37.2289834201656,2.39596516206439,0,0,0,0,0.128981805983136,0.495420852291198,0.366439046308062,323.337953575912,114.690463467734,162.842514063034,0,1
pAF,5071,distributed_node_runs,453,-78.5092754363612,116.629119486209,61.1305505684429,303.058557898145,222.251450795164,164.540906139307,26.1685613717054,2.22557229363156,0,0,0,0,0.0889533698663479,0.591793698686492,0.502840328820145,380.012649076976,110.221317753145,147.390309405709,0,-77.4094308420163,115.900373515445,60.7791545285374,297.603202478266,184.681791184237,144.572876914328,27.0099762447717,2.15222807680038,0,0,0,0,0.116521314552451,0.438480351522185,0.321959036969734,318.570094947634,115.916219593091,156.702267950428,0,1
pAF,5075,distributed_node_runs,454,-75.5304743898246,121.482971801246,63.9888163852053,344.313814649065,257.627289778837,181.861888722997,26.9697090076152,2.43156160644867,0,0,0,0,0.0988572114244257,0.706068476132984,0.607211264708559,353.158814736715,104.944942439593,137.749334370687,0,-73.8627222806462,118.492842802474,63.7730618505814,318.904677873325,204.039072676678,149.31999291966,31.8181303817364,2.42881183309146,0,0,0,0,0.124093118059051,0.507030375556115,0.382937257497064,308.850571176266,114.031237518604,141.378471360281,0,1
pAF,5082,distributed_node_runs,455,-76.6070597116955,110.034434408175,61.552086028365,262.548867213739,319.4147829371,244.667245197626,37.1173245091777,2.7696515243515,0,0,0,0,0.103693808975622,0.773275593710056,0.669581784734434,352.562989039652,107.155985566817,146.302536558167,0,-74.4217992696762,106.770916649749,61.2473073468739,239.493205072453,273.968470799642,216.451823916279,43.6849611427424,2.74464089741014,0,0,0,0,0.126795037075017,0.536197083262798,0.409402046187782,316.496621139901,120.963333735515,155.048330884044,0,1
pAF,5088,distributed_node_runs,456,-78.1211811792432,123.194488498614,63.5571126329858,356.172305119479,228.030116009191,185.609350330553,26.3080250003259,2.00229530470824,0,0,0,0,0.0951028918850468,0.680454993255249,0.585352101370202,374.042489103944,115.704176088315,147.805347953627,0,-77.0082708162669,122.517625954166,62.470327299833,349.055242185815,202.012032121394,169.530562270415,24.2651829780916,1.94360871907702,0,0,0,0,0.128095683825333,0.515925491307499,0.387829807482166,318.553616662201,122.489909761825,153.200678470315,0,1
pAF,5099,distributed_node_runs,457,-73.8397820220077,98.5652711710445,53.1201262050443,190.189574134509,323.115813057084,240.745438930993,29.80533191617,2.55239843914023,0,0,0,0,0.102893196394494,0.743294579911575,0.640401383517081,380.129435524992,103.912342252894,156.581605233427,0,-72.1532665521756,93.2441207032175,51.9943627597463,163.562588103486,264.076077823094,202.916889106848,34.8090940192815,2.70001896791291,0,0,0,0,0.136744520378588,0.534804566417532,0.398060046038944,319.616431855735,110.84016648597,160.643944837667,0,1
pAF,5114,distributed_node_runs,458,-78.5896468779992,123.395463219667,62.3504898136197,355.770209377047,249.932463991339,186.781731485833,21.9622953524158,1.80738143363124,0,0,0,0,0.0887700204701337,0.630356577678553,0.541586557208419,380.331094669215,113.266010272921,151.102430940966,0,-77.2375482115621,122.05925139969,60.8349112948028,344.947820527525,209.163167477593,161.866136305263,20.0378442245164,1.76165992238748,0,0,0,0,0.12316762305983,0.494059578436194,0.370891955376363,316.961856263686,116.086888888167,153.873209895419,0,1
pAF,5139,distributed_node_runs,459,-75.9109117980589,115.830438352479,63.1183011793761,302.983604263865,318.470473764588,237.263680391414,34.1897270820555,2.61585893405572,0,0,0,0,0.105974671701242,0.802800082070794,0.696825410369552,348.883812277971,105.401568978319,141.857010688978,0,-73.4477997309077,110.968235396832,62.2543851460823,265.795858479058,271.686399200025,207.705231133481,44.2733163117955,2.65161018547587,0,0,0,0,0.131699659391587,0.565658297263105,0.433958637871518,313.672899156107,119.792374007124,147.309373523546,0,1
pAF,5153,distributed_node_runs,460,-73.3440513528697,112.464786120226,49.8110360862398,271.941519419738,238.882584290608,160.783467738998,12.7701527747631,1.83374672125501,0,0,0,0,0.0914848957299117,0.599964840892317,0.508479945162405,393.980189122209,105.893663752118,151.010624616313,0,-72.8627689161336,110.013129854765,49.5315128398387,257.201504000221,181.931749604308,129.525528986956,13.4404864019089,1.86882330199296,0,0,0,0,0.121144060295186,0.436299633528982,0.315155573233796,321.136523588641,109.174104223726,159.261944236351,0,1
pAF,5169,distributed_node_runs,461,-78.0160431967179,122.280080471255,69.118045952207,344.01352632531,210.02795869932,160.899981834424,40.7828675207638,2.64470588842232,0,0,0,0,0.0937327811708132,0.687260182816301,0.593527401645487,370.672958068251,111.578863681483,140.282647397266,0,-76.9984883473638,121.073622981757,68.0154514947827,335.040821972979,181.749070439542,144.74344199921,39.9040836571985,2.52515194343869,0,0,0,0,0.132244483056476,0.555679460290409,0.423434977233933,310.34324463486,113.8347974832,141.550883695559,0,1
pAF,5182,distributed_node_runs,462,-79.3634332704866,129.035453896952,64.7047731437591,407.505872590224,252.897385133918,204.586342355055,20.9403705124423,1.79214841033536,0,0,0,0,0.101984166005012,0.774978437477126,0.672994271472113,378.277857788664,111.999905084129,152.381537901855,0,-78.054226451565,128.241711088009,63.1753238857627,399.16764313707,224.205841572173,184.9257117413,18.3446649571306,1.73975281415187,0,0,0,0,0.144778173633854,0.612892133220576,0.468113959586721,316.258922835528,115.739191045232,154.391097294005,0,1
pAF,5189,distributed_node_runs,463,-77.6769167288773,123.627615826795,64.2557445389199,368.431627748122,286.273319907777,218.493545443715,26.3336724591645,2.10074913022981,0,0,0,0,0.104181511645607,0.803983391020422,0.699801879374815,347.908603409072,108.632431409569,141.193330069399,0,-75.7161806500657,122.284160956617,63.8093557430067,351.450629270384,244.286323473934,192.357826634605,28.7451697315955,2.04429000608798,0,0,0,0,0.130709907218251,0.572632426188179,0.441922518969928,312.653455998669,122.00659371091,146.403945139972,0,1
pAF,5192,distributed_node_runs,464,-72.9455750064903,115.294327776735,48.3883323009882,299.997340225186,310.27163901514,218.972293664243,8.82868631526071,1.55694160429266,0,0,0,0,0.0878608884417292,0.581572242606064,0.493711354164335,385.475881495717,108.339666009029,158.693544251977,0,-71.4661627859216,108.940991550574,46.8804910794528,256.797496348531,238.605752727144,169.40548573553,9.88452385144774,1.65046944391725,0,0,0,0,0.113262695670944,0.41525156018363,0.301988864512686,321.335040545135,112.957155939795,163.338633842972,0,1
pAF,5199,distributed_node_runs,465,-75.5001883213114,120.573187564021,49.4400608946317,342.5069655086,275.846051823297,219.965849118693,8.02524133030238,1.523106979359,0,0,0,0,0.110125411864271,0.79681284122108,0.686687429356809,369.318854643003,101.30851745735,155.060087044171,0,-74.1234846451603,118.385093742306,49.3711851208481,323.860515324804,237.198415957882,193.543479361495,7.91017175832894,1.53703745521125,0,0,0,0,0.134514316910011,0.515926681896121,0.38141236498611,321.892635570392,113.292097671434,169.133837873052,0,1
pAF,5211,distributed_node_runs,466,-79.6545026631333,125.695368873341,67.7497032118613,384.244932576662,232.64758628347,167.338041031697,32.6449869443168,2.04373473041051,0,0,0,0,0.094033675699913,0.709416710976482,0.615383035276569,349.305499161332,107.574921677835,132.349152475961,0,-78.1517480467503,125.3936612901,67.1713205521863,378.939322605972,194.554443284847,147.197381663285,34.2499789193462,1.94494072589441,0,0,0,0,0.124302475132008,0.545006943774861,0.420704468642853,305.449932602667,115.004654505068,136.222977122717,0,1
pAF,5215,distributed_node_runs,467,-77.7318445149185,126.902136794431,65.7499410309486,392.896328100552,291.380742349189,211.647338843475,28.4669276781278,1.72720691614086,0,0,0,0,0.0917778942258591,0.730655886835531,0.638877992609672,357.56696044901,116.712306297915,137.308450878979,0,-75.7088101826269,124.167905584133,63.4412400780831,368.342002977537,244.075188240717,180.548640205303,25.1896200287665,1.70737904113412,0,0,0,0,0.12617335684944,0.575051943093655,0.448878586244216,308.717120893129,119.623448763534,137.688828369177,0,1
pAF,5224,distributed_node_runs,468,-73.2660214710683,116.646058592364,58.1172736012302,303.377104919261,304.04708791856,219.886885191467,20.0798509593806,1.92185736740066,0,0,0,0,0.103888624974724,0.798054016514208,0.694165391539484,374.768815600713,107.650550463877,153.394218891216,0,-71.4993172715309,109.24287952709,55.952154912221,253.974696429223,250.674980719668,187.54577109469,24.5390059638412,2.03476795632378,0,0,0,0,0.145425405252176,0.613721053790819,0.468295648538642,314.130849487519,111.747724479541,150.880624325641,0,1
pAF,5228,distributed_node_runs,469,-78.4523278659509,115.165694360091,62.32685591948,293.78139357409,314.312243354099,229.356772443782,29.8474246382611,2.44596113008447,0,0,0,0,0.0816268691178637,0.540482937275552,0.458856068157688,373.910437666505,115.765823135422,152.857268811336,0,-76.5023761069916,113.241234895193,61.1734040553521,279.938266975496,250.819061437025,184.927401452856,29.6838673755483,2.3756256320994,0,0,0,0,0.103029822184743,0.395976535783169,0.292946713598426,318.781141290223,120.756676618708,160.881550750912,0,1
pAF,5231,distributed_node_runs,470,-74.5329405859508,120.183949608609,60.3672362228606,328.935566641051,265.928309436989,192.00588172827,21.0548857225585,2.05010637261148,0,0,0,0,0.0968484587160603,0.698269323757368,0.601420865041308,374.562757650143,106.741178675555,149.221193573183,0,-73.1061563388581,115.86182905462,59.2348164848576,297.867304075635,219.603272669559,163.502242699305,23.3158898544207,2.08903685952464,0,0,0,0,0.13258220028587,0.537673384055169,0.405091183769299,314.00080301358,111.251151779335,150.270994940279,0,1
pAF,5248,distributed_node_runs,471,-70.3513438046521,82.4316799782211,41.3847738569329,116.568076399678,291.779044386116,218.199709197783,20.9622532952271,2.99649543895066,0,0,0,0,0.11761747112001,0.846739947307137,0.729122476187127,374.787255121177,96.1339799846246,145.123362469922,0,-69.4308334616279,78.3631165868782,41.4471827501884,101.290812829695,235.096116980963,179.905675723541,25.2214699981159,3.25233404069513,0,0,0,0,0.14363383049906,0.528321548187076,0.384687717688017,320.243757057797,105.806690414469,158.529572262605,0,1
pAF,5260,distributed_node_runs,472,-79.6231383589143,121.119347164087,62.9010932723406,334.254775159522,214.57629163489,164.983715056871,28.5535833065442,1.84774321164878,0,0,0,0,0.078214831227672,0.52162404734926,0.443409216121588,388.173908247816,120.54416187587,150.147805621784,0,-78.7602456142074,120.072817571885,61.2306500755594,327.993684438944,177.238890710978,141.060931813554,24.0172540411295,1.81390104825186,0,0,0,0,0.10693044564109,0.406254672226609,0.299324226585519,319.365492626104,119.934559600944,154.824825942223,0,1
pAF,5291,distributed_node_runs,473,-74.5898791941585,120.349872606034,60.6580297366914,336.703460863909,294.649864066341,211.157703766192,21.5649976480418,2.17034468583006,0,0,0,0,0.105953438714831,0.788802405797013,0.682848967082182,356.38770858691,103.101615245694,143.599977681671,0,-72.4454565864547,114.609069523678,59.8588272834656,292.002314574383,236.913097517368,173.569781441511,27.6146614743302,2.24878895520669,0,0,0,0,0.134540571477238,0.55833713159637,0.423796560119132,311.860448303221,113.790798548587,145.997183215577,0,1
pAF,5314,distributed_node_runs,474,-77.6871116928812,114.831105635884,59.3510596313674,291.473026708671,300.824522762508,238.29645498922,26.9490221711167,2.07712596526108,0,0,0,0,0.108107139969332,0.832258975243244,0.724151835273912,373.881901072993,108.030801367437,156.310770797827,0,-75.9107370364117,112.943449862314,57.6639053052799,277.398910506392,262.282386837534,215.109606807906,24.4181178152903,2.01037652261221,0,0,0,0,0.146114353290172,0.608579540815884,0.462465187525712,320.189306568682,116.836756773948,162.429154387999,0,1
pAF,5315,distributed_node_runs,475,-75.6775400188924,112.00969320139,46.5733611987745,273.133270829102,233.824173310903,175.081651286717,9.54538571528246,1.6521785797886,0,0,0,0,0.0934202342520059,0.602144820260031,0.508724586008025,384.459426512767,106.063514689908,151.869999041167,0,-74.792908790146,110.736821889694,46.4694485342545,263.920946466687,186.416712610546,143.694522059242,9.45237881676076,1.65380640662988,0,0,0,0,0.114593970186011,0.40095843360456,0.286364463418548,323.55138992572,112.937445798463,166.818543672318,0,1
pAF,5350,distributed_node_runs,476,-73.725818579472,107.393220420126,43.1055206793163,245.061697980667,306.292066366543,225.902502019781,8.68040630124597,1.64029494691204,0,0,0,0,0.101023920788865,0.676665267944769,0.575641347155904,375.771380316575,101.783344492025,151.659124902097,0,-72.1777836084326,102.924486648993,42.4484368772592,217.317933391722,233.615689102608,172.136015121559,9.6717681981936,1.70590376821201,0,0,0,0,0.117834863204939,0.419356485842914,0.301521622637975,322.061752337635,111.833768106582,166.160561250345,0,1
pAF,5358,distributed_node_runs,477,-75.2598278062572,92.8780330398637,55.846218281587,161.429639153676,313.764429785399,234.533422497851,41.3815216874063,4.44768499310885,0,0,0,0,0.0960425758088911,0.620772070735622,0.524729494926731,384.036472737695,108.936241366464,156.353691699617,0,-73.7781272542302,90.1282172579789,55.4216409658919,148.623554281778,241.989876464791,187.559892907997,42.2610784031931,4.45363550630282,0,0,0,0,0.116628814488695,0.41494344558995,0.298314631101255,324.548848084425,117.337454322082,167.782628850879,0,1
pAF,5393,distributed_node_runs,478,-72.558064816542,96.0082269007932,57.3618768485332,176.655789306451,284.787022897122,201.700281500547,44.6393941644565,3.15844400102651,0,0,0,0,0.0969408418859545,0.717390929682352,0.620450087796397,371.569988213079,104.993393683159,146.254277769535,0,-71.408084894886,91.1590292177688,56.1151815975938,153.917644678827,230.648983047588,169.099430904731,47.0535214847841,3.30907024426051,0,0,0,0,0.135460708270566,0.560651973054538,0.425191264783973,311.43580457706,108.615416302266,145.967812090592,0,1
pAF,5413,distributed_node_runs,479,-78.1333062971301,113.585132353075,56.1565294748975,282.23229505265,303.477163877054,234.354410888387,19.0668045060302,1.73800659551489,0,0,0,0,0.0906729335828558,0.651425849532125,0.560752915949269,385.175740040737,114.348508485877,160.225384084947,0,-76.4603573185852,111.628649147027,54.311410607177,269.329177386924,251.846878979373,199.533534578695,17.1142589687261,1.70340805547676,0,0,0,0,0.123017394561556,0.487527095313225,0.364509700751669,322.395130568886,119.156479246518,165.807253370405,0,1
pAF,5420,distributed_node_runs,480,-74.7339052147542,114.571189691071,52.4457677860085,289.516835825793,290.088407664596,198.032144255252,13.531132372329,1.55620247037587,0,0,0,0,0.0862762327629946,0.599499253129422,0.513223020366427,378.642943562591,106.266263569385,150.422260751029,0,-73.2347616786139,109.94628251547,51.0293869584253,259.787416540385,227.43316058327,158.15187078949,14.1681054237815,1.60658151820098,0,0,0,0,0.11643980288175,0.455009859325629,0.338570056443879,315.333355581544,109.760112372787,154.294220548143,0,1
pAF,5436,distributed_node_runs,481,-71.1074467882838,112.310496178578,44.9696932540388,280.310350693028,322.50953895197,228.085734372245,8.43539148208947,1.7330310029356,0,0,0,0,0.107561023535974,0.740967850011522,0.633406826475548,389.604542075882,101.740116987436,155.398450991239,0,-69.8210473379118,104.883982719202,44.0443698901821,230.670536024669,254.792152834812,183.58306972896,10.0998766990087,1.85407443232543,0,0,0,0,0.137110159573391,0.500849370275382,0.36373921070199,323.851351335226,108.078828642359,162.622620847361,0,1
pAF,5441,distributed_node_runs,482,-75.4613633384534,123.410609238623,57.2945971745257,359.530953100475,240.1969048229,163.343700987716,14.2459211133028,1.73568863272521,0,0,0,0,0.0818022229890163,0.532486638359503,0.450684415370486,368.62434497202,107.653210133481,144.527256292188,0,-74.2637195550808,120.61157029138,56.6597854643597,338.092590090558,185.773555921634,130.276830160434,14.6887417252619,1.75235642283224,0,0,0,0,0.105014931573989,0.397002357200552,0.291987425626563,312.387055495303,111.695232528313,151.401717211624,0,1
pAF,5448,distributed_node_runs,483,-79.20363569379,119.700987249899,59.7175732500701,332.562414775685,289.279861944327,228.607493395109,20.1772026587932,1.68090756073798,0,0,0,0,0.0928575801606368,0.710049261195956,0.617191681035319,364.085304244407,118.032468522302,148.611217747997,0,-77.4522367591722,118.756481950463,57.9669791569323,323.618383966451,252.541421326197,206.749317770471,16.9845967997135,1.62151284588981,0,0,0,0,0.122649487612197,0.528393120038218,0.405743632426021,319.690073386068,127.832760329846,158.589818820898,0,1
pAF,5463,distributed_node_runs,485,-77.5495692909112,125.831325175146,63.5424123195943,377.552918631418,226.449251310565,178.78682180067,21.5751308345716,2.22656077155989,0,0,0,0,0.0966194784023293,0.648609315906872,0.551989837504543,381.168249272596,111.339749720013,152.042728408029,0,-76.4892353987137,125.096931654877,63.113720929321,369.021740626231,198.718181561755,161.884350790788,21.5968276808562,2.17581297112338,0,0,0,0,0.127581517780774,0.485719218224477,0.358137700443703,319.782251221211,117.201428053788,159.181473947409,0,1
pAF,5466,distributed_node_runs,486,-78.3142132436959,122.437897779975,60.9820616027461,360.06219075976,305.795645479506,232.184475140602,19.8379650365168,1.56519048510381,0,0,0,0,0.0987445730840012,0.805008508819666,0.706263935735665,345.627431030734,111.90150467238,139.185860342773,0,-76.0526185146111,120.549381246369,59.1928319062981,340.427416063101,266.613865749347,208.269374711392,17.7157671973291,1.52160986965464,0,0,0,0,0.128646637678023,0.601375603166444,0.47272896548842,311.349217547569,124.042211149943,143.963201916149,0,1
pAF,5472,distributed_node_runs,487,-76.887448811993,125.977629000494,56.5494417517363,384.813386910753,315.717481449676,221.942512434602,12.4631651817544,1.68321482200554,0,0,0,0,0.0834234022420016,0.549750454152665,0.466327051910663,372.787476918304,109.309512836691,151.291006733006,0,-74.713592083025,122.148080104936,55.417572159671,352.342588031702,248.209720047358,172.705417136865,12.632187102965,1.71426011691074,0,0,0,0,0.104226801205109,0.395075717310076,0.290848916104967,317.707929133379,115.5652623528,160.612039009717,0,1
pAF,5488,distributed_node_runs,488,-78.827744653497,125.427892636937,60.4665725434838,376.689210747956,273.51751286316,221.556176845537,15.4986177681203,1.58656736847479,0,0,0,0,0.0960460370395466,0.748061424048224,0.652015387008677,378.208796020474,120.914699056259,152.003304110012,0,-77.4989199957152,124.316111669479,57.898628061206,365.638292993031,221.882583136154,178.495501069217,12.2678178711067,1.54748392447073,0,0,0,0,0.131313762440471,0.566570899541398,0.435257137100927,312.979307430745,114.922340108584,151.904184744643,0,1
pAF,5517,distributed_node_runs,489,-73.7826739481286,118.606536138027,55.1027141683947,315.731485587204,287.007907307801,193.723993766427,14.5311148538822,2.00612393250776,0,0,0,0,0.0854590238890684,0.534220229928147,0.448761206039078,397.416789968549,111.752014329497,159.118412544927,0,-72.6134645767665,113.85535407158,53.6980399413385,283.375564772819,224.072639419312,156.072553691127,15.5837076347598,2.05950299970937,0,0,0,0,0.1133596837987,0.404068253201155,0.290708569402454,323.838933610998,113.71088856494,163.647329100247,0,1
pAF,5521,distributed_node_runs,490,-79.0043046022222,114.510056431315,66.7641262204673,285.68277900069,241.998186202472,174.107355848668,46.122426475391,2.64181498425023,0,0,0,0,0.0802751553987568,0.549528992587584,0.469253837188828,378.922260554195,116.352190539896,145.265033505349,0,-77.7989758947572,113.160903449118,65.132778802051,278.037104578276,200.355168878741,150.667241162162,43.1055988652624,2.51169442062383,0,0,0,0,0.110844895662016,0.439521457887387,0.32867656222537,314.836041458773,117.763255959901,148.648592467951,0,1
pAF,5526,distributed_node_runs,491,-72.2658382896522,107.473386855405,49.943495018665,242.465675692337,260.425520447236,186.034600157327,15.9334862233081,2.27130867145752,0,0,0,0,0.111500689902794,0.77665383474192,0.665153144839127,372.341360458246,98.5244018812373,144.576052204801,0,-71.0814076313885,103.331307816962,50.4156310320126,217.1863353162,198.002173572655,147.091865764727,18.8326841992857,2.36135053067119,0,0,0,0,0.134746235270645,0.496106258791759,0.361360023521114,318.472469456487,107.68255193255,157.149302544793,0,1
pAF,5538,distributed_node_runs,492,-75.3687911937244,122.468624213091,63.1226801572599,344.289600397598,312.00964046186,206.185634632639,25.8901469099656,1.86412986259529,0,0,0,0,0.0790806089330649,0.560931243663088,0.481850634730023,383.314267644899,118.293821021281,148.060332802448,0,-73.7079299265202,116.984895407457,60.3253137760974,305.939317987966,243.152894339237,164.322697527074,25.2993547887563,1.91160880390453,0,0,0,0,0.112739778794201,0.45899870396307,0.346258925168869,314.586584519566,114.872223193113,146.71786068167,0,1
pAF,5549,distributed_node_runs,493,-78.6913336881467,108.825043854808,59.8688436898736,252.487906930614,273.846813293581,197.486228026413,33.3374739841456,2.18080623682908,0,0,0,0,0.0837884788284733,0.572329886858077,0.488541408029603,356.160835286319,110.195842144567,142.188851996326,0,-77.1165738536866,107.608678303845,59.323509303699,245.101430063324,225.179788284531,167.036612846565,35.7634395438399,2.09367689269857,0,0,0,0,0.105601084071703,0.425196946759669,0.319595862687965,311.194341824823,117.900052332618,149.831102649618,0,1
pAF,5551,distributed_node_runs,494,-73.6174153311005,94.8307183156976,56.371054465992,170.639164871955,304.466533600855,242.961466528744,42.055675831456,4.40203270546772,0,0,0,0,0.115475039456296,0.829067445454835,0.713592405998538,378.694395249251,101.559908506402,159.021588226663,0,-72.3855391599806,91.3623386669196,56.1754847600656,153.907290997944,259.831998235793,212.954299465091,46.4703908204319,4.52860058266742,0,0,0,0,0.146148523984617,0.555560096832543,0.409411572847926,321.549551891891,110.571367867389,165.829733572922,0,1
pAF,5568,distributed_node_runs,495,-76.3286701186942,120.876430125047,59.0120854288133,337.582828519196,237.536796581968,178.649997166911,17.9884729619953,1.85643931600498,0,0,0,0,0.103290013862305,0.765476393313106,0.662186379450801,367.353457527162,103.154600359776,145.130992438481,0,-75.0498214134745,119.088551302055,58.5330847253375,322.596025062633,204.470392200579,159.904431628813,18.4373345796848,1.82538895352627,0,0,0,0,0.139515837219144,0.573708884743583,0.434193047524439,313.355158932674,110.344663748045,150.470346621622,0,1
pAF,5577,distributed_node_runs,496,-73.4170353087171,105.453974180724,39.4521016009344,231.861713850851,236.080691178853,168.593096310098,7.6298156394696,1.77116692589334,0,0,0,0,0.105294371467596,0.669127262230321,0.563832890762724,385.824557334636,101.795377312781,145.556897737667,0,-72.6004785205238,103.623037735527,39.0625619923942,220.244100044187,176.105309400104,128.752718335218,7.8375203030846,1.79759922575249,0,0,0,0,0.119923503049371,0.396786066122932,0.276862563073561,325.968859416578,111.211823063986,167.884709632626,0,1
pAF,5591,distributed_node_runs,497,-77.0684105677605,100.660837711133,58.0811228101575,201.800181651611,286.516101381392,200.972798062263,36.8571059456299,2.84984283920494,0,0,0,0,0.0814884027391628,0.527749295068862,0.4462608923297,379.137393818855,111.31789049926,149.68080681865,0,-75.6089512448047,98.5201941329367,57.0154495640202,191.065017026788,226.100156525976,163.904950597534,37.4205652055134,2.75257287840213,0,0,0,0,0.105905877703467,0.394416864718429,0.288510987014961,318.14413303836,115.811832601416,158.934385966797,0,1
pAF,5623,distributed_node_runs,498,-76.0732605698658,120.643036174978,60.754751431183,338.898677822835,325.264338071684,237.892284996204,21.7093724941151,1.75431726362876,0,0,0,0,0.0994694150758507,0.785659309388784,0.686189894312933,357.095452571659,111.028678241812,142.623073475763,0,-73.465437870819,114.626816507607,58.2993935053982,293.20378543624,273.391463707456,204.751017434985,23.8704866280023,1.80600892845177,0,0,0,0,0.132641117961566,0.589609206335793,0.456968088374227,313.35017681701,119.258338785829,144.997275140648,0,1
pAF,5635,distributed_node_runs,499,-76.2868543229856,106.5827435985,56.7675076862912,235.773096577017,274.867490430886,192.420040849596,28.0972183966587,2.13620201428421,0,0,0,0,0.089882760582921,0.630940013956397,0.541057253373476,382.339824262592,107.331869539914,149.184802055448,0,-74.9938524134704,103.965488895285,55.4022453700691,221.202531378669,222.443366237159,161.529173150866,28.4812488121606,2.11565483131562,0,0,0,0,0.12424501374749,0.487269630821973,0.363024617074483,316.929638425252,110.844257869659,153.730595506813,0,1
pAF,5641,distributed_node_runs,500,-76.4465903527352,107.340959862791,58.0530773673898,242.037246935422,327.875290625401,243.681717648724,36.2711397921812,2.1003313473193,0,0,0,0,0.0917606819419351,0.672533903877478,0.580773221935542,375.501684693198,113.244505358089,153.145868675284,0,-74.3458963839874,103.199884264132,55.8556003646255,217.53320518809,271.291561017544,207.484168350409,35.790105285334,2.10851549754079,0,0,0,0,0.123926738259408,0.508427827099496,0.384501088840088,319.259177775872,118.969101869963,157.27593219818,0,1
pAF,5649,distributed_node_runs,501,-79.6754941339686,123.656843896199,66.5617442717734,363.429336580739,243.057946202316,189.240027127242,35.3375348535192,2.25981858775049,0,0,0,0,0.0890252192470893,0.626245955291714,0.537220736044625,363.080216858296,118.784177423826,142.432501971736,0,-78.313527483066,123.512513345086,65.8275264392754,359.741268732971,209.457205038092,170.860723519083,35.5304034928813,2.16686085521724,0,0,0,0,0.114563510544519,0.465401243249671,0.350837732705151,317.255330626427,127.859254088653,150.298145047511,0,1
pAF,5659,distributed_node_runs,502,-79.0248784280615,123.83228768967,63.6673661564502,360.630232316833,250.591017136823,204.957889995341,26.0708326060048,1.77209796790703,0,0,0,0,0.0940885494661801,0.716093510897172,0.622004961430992,376.441127955426,118.958726518053,149.429003611695,0,-77.7666745504081,122.893019161575,61.9991904469673,352.585698917395,218.42609788441,182.246940679241,22.1211396777908,1.72206563825966,0,0,0,0,0.131584603409753,0.557802556339141,0.426217952929387,317.356624673583,122.234195607314,152.695626742992,0,1
pAF,5671,distributed_node_runs,503,-80.7507079251613,127.758306969231,65.0496106610892,400.247178465087,281.915241463961,220.637981090622,25.2285364542477,1.64211944917042,0,0,0,0,0.0886244686884693,0.696255429984866,0.607630961296397,373.253798440055,131.140098002121,143.034385098785,0,-79.151806437996,127.120784366534,62.4956179835176,393.517701699192,232.101567623882,185.412752189452,17.5588741671199,1.58548145851455,0,0,0,0,0.120024530826674,0.528148244594368,0.408123713767694,315.885926245908,127.136845134275,147.992722178335,0,1
pAF,5674,distributed_node_runs,504,-78.5913405139555,109.110650242113,65.3754722457216,250.744196972715,286.818026421053,204.315611032143,45.6231473100124,3.06988904026366,0,0,0,0,0.0819497750525161,0.557161913544977,0.475212138492461,371.794998264042,115.011509954376,146.057057805214,0,-76.9134017303438,107.392204760943,64.0588035163778,241.019416669425,231.047508144966,170.067079784676,44.7545687033162,2.88935422849318,0,0,0,0,0.108277801466159,0.428947557646265,0.320669756180107,315.169959404298,118.711815132305,151.792429595119,0,1
pAF,5713,distributed_node_runs,505,-73.2904950215407,116.58104268523,64.7866029054871,300.44073074925,331.423394552949,219.275712953779,36.5092571137211,2.90428891783085,0,0,0,0,0.0881542232830836,0.60231368544129,0.514159462158206,373.739030225173,113.072336488003,146.168298721669,0,-70.8656626422703,106.473402666842,62.0923924099825,234.661746311835,252.559185628856,171.854417292016,41.9658702032793,3.23760527666673,0,0,0,0,0.116778757355841,0.460790549583567,0.344011792227726,314.241877747449,116.385464989595,145.180275343936,0,1
pAF,5716,distributed_node_runs,506,-75.3284754310373,105.377941122759,61.1576239870994,226.280219309909,239.461016162488,182.624380744106,42.9293509155614,2.83976588974474,0,0,0,0,0.103019198465425,0.779154432104254,0.676135233638828,373.861332662826,104.846199708809,147.216445132222,0,-74.4808579209694,103.25883779634,60.3362548198521,215.07347545158,204.524326100465,161.09139318646,44.1465030217441,2.75153983384735,0,0,0,0,0.145408423587256,0.608503162259237,0.463094738671981,311.901863596362,108.660421256856,147.379760962572,0,1
pAF,5727,distributed_node_runs,507,-79.0109820351139,115.589377558944,59.6270241180987,295.101479554634,287.848107709353,220.88789905548,25.6670287427842,1.8628937965841,0,0,0,0,0.0825600802443817,0.571048076245013,0.488487996000631,386.695009058953,119.718287416348,157.547569054155,0,-77.4823720155162,114.083300496177,57.7704205128554,285.513374258567,239.576940055093,188.647864142858,22.4218471623899,1.80802577030772,0,0,0,0,0.112300056377418,0.438837689696995,0.326537633319577,322.75026892695,122.635718009038,164.939658984097,0,1
pAF,5737,distributed_node_runs,508,-74.4726463834161,113.802150948979,58.7650840805528,282.947151008351,288.043185713504,216.573565492647,23.9633354105681,2.29810528470261,0,0,0,0,0.104684499372654,0.772092143447499,0.667407644074845,371.316571431598,103.863248737442,151.130209474961,0,-72.8050508824242,109.106711384885,57.9015399256288,251.501423879931,243.965989017037,188.41687442801,27.9462322844738,2.3617436241293,0,0,0,0,0.139850362729588,0.569056591462255,0.429206228732667,315.889452775002,111.099712255789,155.098758792919,0,1
pAF,5739,distributed_node_runs,509,-70.1506288632422,100.21149517516,42.4353565433101,201.310995167126,278.432746985309,198.56505408114,11.7626075716689,2.02905845683563,0,0,0,0,0.11475191352241,0.819117440245098,0.704365526722688,376.352262982218,96.2992459384259,145.658764299396,0,-69.1347556968227,94.6879010540867,42.5236221430249,171.868701903261,220.740238739014,160.32383028113,14.2116858048321,2.17307253265608,0,0,0,0,0.140988063044163,0.518493711192959,0.377505648148796,319.911479377795,105.709001278625,157.268257941064,0,1
pAF,5763,distributed_node_runs,510,-75.3845273722845,103.303558227854,50.0577519804369,219.731444477945,304.382692833424,223.565709161325,18.1988945771955,2.28014944811002,0,0,0,0,0.0962545062749319,0.627742137448973,0.531487631174041,372.848869537964,104.969940131625,151.041231199419,0,-73.8011513790319,100.461325589796,50.0927345358647,202.637769193774,233.968107456381,174.000937076871,20.3366976512116,2.3081582234372,0,0,0,0,0.112034462755839,0.400766138199134,0.288731675443295,321.496291239037,114.936983221462,166.594109196608,0,1
pAF,5776,distributed_node_runs,511,-72.8521455357782,118.339648183547,49.7649942485582,320.924893364337,284.1797391949,200.841428299238,9.74075540037302,1.71702100221592,0,0,0,0,0.113738899925571,0.822602489718151,0.70886358979258,381.514681022534,98.8487020735993,152.595780007374,0,-71.7983496495104,113.809497018658,49.4656433757516,287.787930912574,232.045338262629,169.62750821864,10.534243706923,1.76979593603755,0,0,0,0,0.149214883434048,0.576615956367596,0.427401072933548,318.273173243448,105.124032122709,156.282714023844,0,1
pAF,5779,distributed_node_runs,512,-75.6597002072635,99.3139154927332,58.6462004203965,193.357575931084,269.606037840575,203.894052710464,45.7068054184492,3.23919168426073,0,0,0,0,0.0945279016014347,0.646427912933584,0.551900011332149,386.480314773165,110.106131422486,155.524593723613,0,-74.5368580717954,97.049047078057,57.6442307708352,182.112132068574,222.943016577789,175.121858061648,46.0335985053862,3.14484600418291,0,0,0,0,0.126851671725702,0.479964137807911,0.353112466082209,320.798104410427,114.853579254377,159.961542600226,0,1
pAF,5780,distributed_node_runs,513,-76.5774658128612,92.692080361118,54.7691335172642,158.008482781118,238.748625435648,186.048994051576,42.0784869958952,3.38983959394682,0,0,0,0,0.106525495218226,0.793401459415706,0.68687596419748,380.026742342015,100.968409624787,147.866553498128,0,-76.0813653336752,91.6248344648023,54.6739365299216,153.989699834567,205.170649505653,165.056243667539,43.9587429056774,3.18293051719229,0,0,0,0,0.147364416273557,0.589458764568224,0.442094348294667,315.124380576668,105.714175460558,153.27721174083,0,1
pAF,5781,distributed_node_runs,514,-75.7176817164332,109.498389395268,58.3362927645305,254.183874764497,301.237175126145,220.378521557075,28.4436570147809,2.33911752492713,0,0,0,0,0.088967338713632,0.602812476531678,0.513845137818046,381.576939804181,111.529732061594,154.701811066319,0,-74.0568326019951,105.905407805888,57.0392830155555,232.019560992466,240.508073699577,180.568734047014,29.980739082017,2.35368374262544,0,0,0,0,0.117008318216501,0.446278741377629,0.329270423161128,320.396773974568,116.696683344977,160.078509450335,0,1
pAF,5782,distributed_node_runs,515,-71.9242629242771,110.587654543435,53.77996125694,262.871627798127,224.668232009957,168.947658941877,18.3467358076305,2.48367759688699,0,0,0,0,0.125802977357758,0.907356917620745,0.781553940262987,365.997063053233,95.8671325051837,143.527568259454,0,-71.1322994453035,108.250669308702,54.7126397402423,246.786485068335,182.242794829199,144.823567406449,21.846732457896,2.4985119996054,0,0,0,0,0.151421594901227,0.573155621713025,0.421734026811798,316.246316785724,106.923045755491,154.339045125986,0,1
pAF,5795,distributed_node_runs,516,-73.4085053038341,100.773596945144,54.2361327596238,202.305088136712,287.460331012939,204.541570291498,27.9850464345727,2.88417736098199,0,0,0,0,0.101930245601965,0.686479119309155,0.58454887370719,381.388587360736,104.17948892399,152.726060895775,0,-72.0310757657828,96.5938438383464,53.8802119760905,180.112991307488,220.928416477134,164.743335014464,32.2593010033015,2.98372761070641,0,0,0,0,0.127910467981222,0.467754861941727,0.339844393960505,320.962231193575,111.74154768237,160.141213383272,0,1
pAF,5806,distributed_node_runs,517,-76.154375253296,106.651159095507,59.742333288429,235.91816698022,297.462612900003,214.544585853138,33.8546382834757,2.86322113731876,0,0,0,0,0.0866543295011422,0.566992036875072,0.48033770737393,385.680875061844,112.404285234414,154.792458707857,0,-74.578591859937,103.642008757651,58.5643652988427,218.466567063646,236.639962091798,176.023356140249,34.9095149834502,2.84081934144342,0,0,0,0,0.113394929602925,0.42025253000254,0.306857600399615,322.089647316778,116.922982155291,161.866266205509,0,1
pAF,5822,distributed_node_runs,519,-76.8130024093396,122.231186608092,64.0957525631377,350.925272918578,322.182464556448,224.702912646848,28.4146731048895,2.0468968724017,0,0,0,0,0.0899831047618459,0.656985484803465,0.567002380041619,357.86009618039,110.33072427888,140.2094683037,0,-74.2312767286156,117.492292288756,62.0055362624449,312.362055232945,259.227539798936,181.605467065088,30.6628156034749,2.06259788638272,0,0,0,0,0.11738518357557,0.496779251333001,0.379394067757431,310.848628510394,116.625487434136,142.077514342375,0,1
pAF,5826,distributed_node_runs,520,-77.009885545243,114.34048962556,61.3329593372325,284.650695808906,274.667606118077,201.799615043237,33.0201580495414,2.16138037398923,0,0,0,0,0.0927230272331436,0.661549368537465,0.568826341304322,383.701163210331,112.10034687641,152.130377589245,0,-75.5515747414475,111.916504748478,59.6032645717401,268.964613358504,225.239136103417,172.235191975804,31.6040838840272,2.12971280686179,0,0,0,0,0.128631846349778,0.511950860253128,0.38331901390335,318.298446081419,115.298763453939,155.039960896433,0,1
pAF,5853,distributed_node_runs,521,-75.831498730965,111.889442505876,53.1883596933144,271.352447578724,234.102471355691,189.57877703516,16.0788781278752,1.98336959719018,0,0,0,0,0.110572112675177,0.79409833150836,0.683526218833183,374.493472398724,101.731153745975,151.283029345402,0,-74.9773068743075,111.002625303356,53.5007074896262,264.317804878266,205.923301018858,171.173640294521,16.7741801042612,1.95118797037867,0,0,0,0,0.140706862483725,0.538003879725851,0.397297017242126,319.167219293471,110.642565228096,162.137843642153,0,1
pAF,5859,distributed_node_runs,522,-81.11900983458,128.99265628624,61.6381550880874,399.272268141236,205.817868120183,167.7117936574,15.2868556419271,1.53604743671895,0,0,0,0,0.0974771748771659,0.719820739037711,0.622343564160545,384.978855730173,108.236954704866,150.994278583579,0,-80.5039134618086,127.893788309826,60.4589690495441,392.847787825847,181.279983892731,149.599958459879,13.9617231707271,1.5196207642548,0,0,0,0,0.140140897539316,0.571439140244519,0.431298242705203,314.883657598664,109.661677129927,152.372432055446,0,1
pAF,5871,distributed_node_runs,523,-79.4264348715669,118.136133272224,63.8493564024109,318.255143097635,283.16773969309,209.469880484459,45.0255240994156,1.90418310576933,0,0,0,0,0.0837995878659171,0.616670753604144,0.532871165738227,360.084433713542,121.264326483033,139.502464462932,0,-77.7581502279611,117.001400507859,61.9705360802514,309.703824602265,235.520387243043,179.02294408335,36.9571665824587,1.82635860965456,0,0,0,0,0.109920610335076,0.468340055055291,0.358419444720215,313.468884532238,125.90684514711,144.265399892802,0,1
pAF,5882,distributed_node_runs,524,-77.4304839466399,123.733129611823,62.4859428422754,370.700660872625,273.821468045251,200.853576568014,21.7731643103325,1.78334775603435,0,0,0,0,0.101959654402273,0.793516810541658,0.691557156139385,339.376572497764,103.899685665019,134.227065450509,0,-75.4900580389417,121.951920579768,62.0440417954544,351.831905013789,231.405609959314,173.170830654562,23.6054745186739,1.75158629029829,0,0,0,0,0.129138932407355,0.579928713478013,0.450789781070658,305.582660473963,115.978384791448,137.937472064615,0,1
pAF,5893,distributed_node_runs,525,-77.5948981997271,124.257339957369,61.9793408826389,368.692813298966,220.125640227365,169.393255332798,20.1662765548754,1.9625787844343,0,0,0,0,0.106248977553403,0.793708466524618,0.687459488971215,363.098013563475,103.255082317497,141.87306378182,0,-76.3930337104915,123.712594956911,61.6754401104523,360.889937465565,196.822405127627,158.478338873199,20.096746041927,1.90019611010575,0,0,0,0,0.143041640685822,0.595049734841886,0.452008094156064,312.65022449824,112.478062033213,148.381287254504,0,1
pAF,5901,distributed_node_runs,526,-77.2804875155042,105.359916910591,48.7391513617372,231.031227141664,219.918901132274,171.239089227645,14.804808725552,1.92932064908382,0,0,0,0,0.0971486179046869,0.646797750207255,0.549649132302568,378.725927199768,104.848458963032,147.689330356288,0,-76.4508644748056,104.96606390995,49.2619548939954,228.178252806943,183.076719753168,148.168324280388,15.3682908837472,1.88522402606395,0,0,0,0,0.118929484943023,0.428368022054701,0.309438537111678,321.734827491779,113.347699405967,165.316532063531,0,1
pAF,5907,distributed_node_runs,527,-72.9600342050579,114.650594530966,52.4597456412155,289.790966486251,316.021835614454,217.305542871283,14.6309630519681,2.11070615676726,0,0,0,0,0.0923777894172835,0.592148432598492,0.499770643181209,388.104435920504,107.142566271425,157.177132098234,0,-71.2016305649141,107.333575729967,51.2145254339798,241.835190290998,242.543952344909,169.420762747417,17.3233341463201,2.26820613942982,0,0,0,0,0.116678361094635,0.416801175943838,0.300122814849202,322.91123936771,112.424969917924,163.370469325114,0,1
pAF,5909,distributed_node_runs,528,-72.2625737873083,83.1614132557149,45.790503225831,118.644776547576,296.061228888255,224.613761896566,30.2116545200988,3.66810785016423,0,0,0,0,0.117085007869553,0.838306323615762,0.721221315746208,380.483421276651,97.7119993525412,149.824421026347,0,-71.4160651315814,80.4460994849668,45.9328544070454,108.265812974839,237.22811537945,185.487533108262,33.7659209075136,3.78989170415298,0,0,0,0,0.144398608568211,0.529557335120269,0.385158726552058,321.622671961657,107.423474093233,160.216194175959,0,1
pAF,5923,distributed_node_runs,529,-77.8339035739047,126.534817300816,60.8067731473218,379.289166029327,271.876252932147,224.569797827506,15.4778117184323,1.96462795390107,0,0,0,0,0.102539058631467,0.689151488654706,0.586612430023239,397.585245635964,114.695816614032,166.923757846092,0,-76.8086629379722,125.437831691049,59.4269736552727,369.216374964965,238.50614048713,199.651986307672,13.8837442760814,1.92980045180229,0,0,0,0,0.137682619000148,0.513455979234895,0.375773360234748,326.540617530391,118.555210805476,171.839890591018,0,1
pAF,5925,distributed_node_runs,530,-75.4855668359032,110.703110601984,55.281534310533,264.955828095206,275.121588894217,204.424200169626,20.4646452809902,2.5116723584797,0,0,0,0,0.0978496641997147,0.630360788711868,0.532511124512153,369.832400495136,106.81061260173,151.091047955416,0,-74.1070785103004,108.682939798294,55.6622985457906,249.93072326825,211.574803215015,162.27113019149,22.9511422577089,2.52100171067286,0,0,0,0,0.112247603663846,0.398944156363528,0.286696552699682,320.728206449781,117.939684246729,164.345432326329,0,1
pAF,5952,distributed_node_runs,532,-78.6194111072046,115.365373254627,65.3698936340484,295.445775471446,272.239311576668,201.736454128426,47.6525182704136,2.29659938878467,0,0,0,0,0.0868487518596029,0.634785322864769,0.547936571005166,364.73026402948,116.808172180004,142.10721508133,0,-77.0098466493606,113.885329204541,63.6856659076999,285.24821643806,230.288432501417,176.527385610443,45.3012688298841,2.18656760527665,0,0,0,0,0.117372371115936,0.495441106871767,0.378068735755831,313.693554911122,121.750267313022,146.069814487582,0,1
pAF,5959,distributed_node_runs,533,-75.007361394574,110.230105828195,54.490953310826,259.60900329255,247.48472989627,167.066675432157,19.7484833223571,2.4651197144558,0,0,0,0,0.0918770813661944,0.584037396123062,0.492160314756868,378.52263890412,105.127385328662,146.295041285378,0,-73.7972535733504,107.842566396396,54.6389600398071,243.912928384955,181.329990308444,129.648221173542,21.5748509520818,2.46936991559414,0,0,0,0,0.112256641637344,0.398383904928896,0.286127263291552,318.490637553452,111.370233046197,158.357463910008,0,1
pAF,5991,distributed_node_runs,534,-79.9619535934053,121.314682211246,60.8213374797588,343.297546638449,235.432634857512,172.802849129097,20.8551971889756,1.71252360741346,0,0,0,0,0.0789515911474273,0.529940920780613,0.450989329633185,365.647013812762,114.037386100645,144.685959373184,0,-78.7223419524329,120.78790374247,60.0069688865728,338.859570877048,193.935345128029,148.576570889869,19.5969857288183,1.66604785125674,0,0,0,0,0.10180482550807,0.399948001833364,0.298143176325295,314.109355628651,119.5528124089,153.323523637767,0,1
pAF,6009,distributed_node_runs,535,-73.3384936180295,120.218326278604,61.278370737906,332.134390361034,258.189252393662,182.99617487182,23.1229087970496,2.1066797311214,0,0,0,0,0.100546693226868,0.750103993390279,0.649557300163411,366.972826159887,106.036276227947,144.982478279732,0,-71.9123664862969,114.842550244048,60.0115668992138,292.830280491298,210.713940856771,155.856768791538,27.1565665994058,2.17034925258486,0,0,0,0,0.138125391302347,0.580445369083411,0.442319977781064,310.385863199164,110.583373227237,143.217741692193,0,1
pAF,6017,distributed_node_runs,536,-77.027212308716,109.382277661671,58.8630973143911,256.281782397051,321.366862720992,241.527890365491,30.6775087040878,2.65148625761503,0,0,0,0,0.0917043601646883,0.607802456659055,0.516098096494366,373.211135484082,113.134563692875,155.273641759974,0,-75.0540589777553,106.768352427834,58.1944033444467,238.565697102577,262.302486647244,202.402958585742,33.081501224493,2.63480733320102,0,0,0,0,0.11071198909586,0.414408517653989,0.303696528558128,324.18524370364,124.01358286976,167.299975955642,0,1
pAF,6030,distributed_node_runs,537,-74.173034759999,94.1538074834417,54.1294885790221,167.105684027628,300.692135127741,231.152985615576,42.7767607432761,3.02174532422214,0,0,0,0,0.101969730117028,0.737730108377421,0.635760378260393,384.972605055111,105.301137605631,158.773025241259,0,-73.088011575659,90.8437491319634,53.0736414179494,152.012124544731,252.038964600222,199.331995923723,44.5117834094599,3.0499005749698,0,0,0,0,0.139684995872719,0.54761998784168,0.407934991968962,319.301145555532,110.410437095823,160.391035719769,0,1
pAF,6034,distributed_node_runs,538,-74.9867765502037,98.2213000701661,56.8645650983893,188.741730498093,259.1815750838,192.028810730582,41.1723045407707,2.9844830398215,0,0,0,0,0.0956960891250144,0.659190708985874,0.56349461986086,380.052055338623,107.262273880668,151.850703814455,0,-73.8661885774956,95.7500524795968,56.0803093863311,176.371655367505,211.562224863512,164.37649953469,43.4046138021331,2.93184587902579,0,0,0,0,0.126866596241271,0.483969331011271,0.35710273477,318.704322583304,113.241784161859,156.196980064229,0,1
pAF,6068,distributed_node_runs,539,-72.2810730008833,108.741366794199,51.9961384397842,251.083032802223,326.990100090683,227.21573572643,17.3901408894308,2.37606085353764,0,0,0,0,0.0963644153736579,0.623363194397771,0.526998779024114,374.039068530758,103.899947090278,151.932246248054,0,-70.2552167584534,100.044512288495,51.0022867506234,199.355989677823,245.80995527326,170.609424461611,22.0485772510074,2.66830938947533,0,0,0,0,0.114450169960909,0.408320087545231,0.293869917584322,319.584068923476,112.333344295144,160.416072931746,0,1
pAF,6087,distributed_node_runs,540,-70.0119846532445,108.541142099933,49.6333944422095,249.4559747194,231.493559608258,164.42713393359,14.8607835845542,2.24200692536397,0,0,0,0,0.114333255938389,0.799476917359136,0.685143661420747,381.067603061252,99.1746661274301,147.346559025859,0,-69.8694692308332,106.720514994793,50.3565643274671,238.296550098734,184.277013011339,138.176983893856,16.454490621476,2.25936585785894,0,0,0,0,0.146190975250481,0.544530749163555,0.398339773913074,318.622212912887,105.444992050045,155.16963071805,0,1
pAF,6091,distributed_node_runs,541,-80.5919424197934,125.360255169246,61.6659051995583,376.591894136598,253.139930567086,203.58107431548,17.8258728463479,1.54412643782416,0,0,0,0,0.0759147177710557,0.539217662654304,0.463302944883248,378.658593700915,134.544449101057,146.117546903479,0,-79.5844092076653,124.690292152016,60.1856658140324,371.82760321058,201.111628391496,163.377065891789,15.1449043732682,1.51363627709725,0,0,0,0,0.0989955480100723,0.398724609606716,0.299729061596643,318.471953526736,130.045159831541,153.166446488377,0,1
pAF,6127,distributed_node_runs,543,-79.4145235305127,116.916608115779,62.2845902506095,303.634021066709,204.679943444768,164.961683014022,32.3648681830673,1.932091573035,0,0,0,0,0.0925362295894738,0.676666525183939,0.584130295594466,376.383697430843,111.194193955365,145.860767554482,0,-78.5598306838003,116.163213815005,61.1775911312385,299.404059855049,181.397668547663,150.507235137688,30.5840175063604,1.86957146646455,0,0,0,0,0.129680564254878,0.531135844247805,0.401455279992927,314.78543465081,115.064991349776,149.452784104543,0,1
pAF,6161,distributed_node_runs,544,-75.3888900480405,121.037310370123,57.2616981288446,343.59506044246,326.685116186782,242.779597046043,13.6767427492159,1.58378608096245,0,0,0,0,0.101742743166785,0.813278577695639,0.711535834528854,362.214306161368,115.246762127084,146.910378416643,0,-73.0550800560718,114.646363615779,54.6507051024256,295.592275852141,270.120979035099,205.160163731944,14.3679109938457,1.6543393535685,0,0,0,0,0.133749539866259,0.585357500169033,0.451607960302774,315.17679803284,120.267218106164,149.176071672362,0,1
pAF,6182,distributed_node_runs,545,-78.6006204026836,121.063984103215,56.9769829704765,342.294346706856,265.565943983245,212.867061512938,14.4980574506262,1.60507441429945,0,0,0,0,0.103193168639075,0.787173367392624,0.683980198753549,370.140880471321,106.320153776738,153.397712960379,0,-77.127574687154,120.344517523464,55.9051948888457,334.469389970047,239.037198249946,198.314700351242,12.7945284793968,1.55230233481416,0,0,0,0,0.14026869017795,0.587757472377676,0.447488782199726,317.63411203352,114.943249605687,161.947855584994,0,1
pAF,6197,distributed_node_runs,546,-78.4425385732175,127.572155858213,63.8108520622469,394.235225468388,313.871200997848,232.035438667124,20.531929487086,1.64596504833025,0,0,0,0,0.0884174340995118,0.691298785819006,0.602881351719494,381.4746536401,131.929622750766,145.265748648698,0,-76.5846919814096,125.206925525266,61.0252001567083,373.218469320443,249.584659280958,187.347257634159,16.3097118049518,1.61667950774063,0,0,0,0,0.1216688246693,0.524786951269791,0.403118126600492,317.574427649331,124.343521369407,147.096633682313,0,1
pAF,6205,distributed_node_runs,547,-76.8974942567838,115.473715300042,55.0426807303973,300.75548461733,278.654955187434,204.588589074985,16.1188441174745,1.79946161514818,0,0,0,0,0.0956403914081872,0.664642597681914,0.569002206273727,361.28982480889,105.425128220428,146.763544147069,0,-75.2279212431083,113.694386229826,55.1031642864934,285.593024276145,226.056333966731,170.64139369061,17.0437085397061,1.77546114638244,0,0,0,0,0.117125510182922,0.458425160166019,0.341299649983097,316.089241938593,115.858061595958,156.977988675513,0,1
pAF,6219,distributed_node_runs,548,-76.2449013674984,122.500135064909,55.6024442383774,346.796532455463,230.07704217056,173.892448905463,12.9353268198611,1.91597709577763,0,0,0,0,0.103011464480792,0.677560554851584,0.574549090370792,390.166699869245,106.244556130318,153.391277338197,0,-75.4259385308387,121.404292756075,55.5102427171547,337.422862540655,192.159878042792,150.685863609924,12.8261584472202,1.89611796486497,0,0,0,0,0.131723935682724,0.474772651934634,0.34304871625191,322.902065631595,111.886457172841,163.631858800653,0,1
pAF,6244,distributed_node_runs,549,-77.7300134332423,121.321587116743,60.4492820343274,341.473082972118,265.495685547809,206.628389461919,20.0465090024954,1.83377659755934,0,0,0,0,0.0942821142216892,0.681733229119885,0.587451114898196,374.348535357349,112.002605129492,152.055127348516,0,-76.2299221757264,119.884539361548,59.3415431625285,328.56131004214,228.222627667972,182.910945708602,19.1301684310019,1.78792247428282,0,0,0,0,0.126875885140752,0.514433767817316,0.387557882676565,318.205283807576,118.598813160948,158.154784908712,0,1
pAF,6259,distributed_node_runs,550,-78.092136319285,113.680341318175,57.6352009608514,281.056569372822,258.415822021554,191.117780761284,21.9756926927512,2.03481895698496,0,0,0,0,0.0851579606577487,0.564130986390154,0.478973025732405,390.627213331769,111.941993822162,155.850097151046,0,-76.8981311135613,112.253345209086,56.7603450685972,272.160129043932,213.911922692332,163.872632033344,21.6917146602173,1.98911840983419,0,0,0,0,0.114711313090511,0.427588258373966,0.312876945283455,321.648207431463,115.25380040229,163.360090265983,0,1
pAF,6265,distributed_node_runs,551,-75.2767497039996,110.347734474315,56.3681610815165,260.240782480867,287.863711959872,206.506455933144,23.2204303716208,1.8716663525629,0,0,0,0,0.0832663479401986,0.572727266589906,0.489460918649707,376.661454671368,111.810369129751,150.806023378813,0,-73.8676761577308,106.675197787903,54.8260155553897,237.777125450158,231.42133450419,168.925717977228,23.9131507920538,1.90179024512327,0,0,0,0,0.112102919393102,0.439424681062714,0.327321761669612,316.397751365203,115.09610770423,154.850042540655,0,1
pAF,6267,distributed_node_runs,552,-70.0063290600754,102.066225848383,45.3913295929092,212.45563629087,334.308690039448,220.834287811907,13.1871272585195,1.8708737568013,0,0,0,0,0.0900931259635537,0.600357828008766,0.510264702045212,388.681475010562,105.115531424104,152.620072889552,0,-68.7396948668786,93.5042921953013,44.0452020614981,166.626934031835,251.625621856954,169.96141699201,16.6171330366888,2.10458723267948,0,0,0,0,0.118896097375313,0.434928548885706,0.316032451510393,320.463698074112,108.520666945929,158.811805670178,0,1
pAF,6270,distributed_node_runs,553,-73.7752703118165,104.782715662716,58.567735777634,222.886353666573,292.753715550862,201.969744013324,31.0538207432546,3.29157400604163,0,0,0,0,0.0910966518879395,0.592296880234982,0.501200228347042,395.437905436163,109.656461426319,157.863362300629,0,-72.6086487591363,100.555423638862,57.5319933800911,200.024675609452,228.462437361693,164.728632309419,33.1568170529645,3.38881269822014,0,0,0,0,0.121953312907162,0.443877578219895,0.321924265312733,321.9378161575,112.833968283874,160.379130561295,0,1
pAF,6279,distributed_node_runs,554,-75.2114409668202,94.7712940511481,50.9870244280809,170.764276824101,277.934536367255,205.702344989135,28.9494212562786,2.6347965361565,0,0,0,0,0.0923200478891692,0.608998765911403,0.516678718022233,388.882995301617,107.943174910855,154.449011025643,0,-74.1315097843051,92.5408107113922,50.3746025047523,160.367919929903,223.137056944252,171.330671252505,30.392384070401,2.62017531927995,0,0,0,0,0.11923509924237,0.431127408443744,0.311892309201374,322.633773918857,113.807315403908,164.833317668884,0,1
pAF,6284,distributed_node_runs,555,-79.7168255353134,123.056483244831,59.1837796231428,359.302161763791,284.676197685643,210.403910569468,15.8032566645707,1.64230995146499,0,0,0,0,0.0811296627323994,0.554068149408007,0.472938486675608,371.129989079069,116.488919783667,150.458494691053,0,-77.9838413006473,122.178849745108,57.6995853773686,350.728322794066,235.280608468052,177.989852809005,13.6418114908884,1.59493696142817,0,0,0,0,0.104630183252614,0.412351596370689,0.307721413118075,319.319578194772,123.081559195478,160.636374665292,0,1
pAF,6295,distributed_node_runs,556,-74.7457202099736,117.680818446133,49.9409555775729,320.935923812923,280.403038641431,211.203035144776,9.80560331047309,1.57744437520159,0,0,0,0,0.11345252205455,0.857837348039755,0.744384825985205,354.845644745968,96.2368556345027,145.579113032244,0,-72.9991685426879,113.75203397451,50.2197674187226,290.641671759492,237.38264641109,183.615775491806,10.5994769274512,1.61703963421678,0,0,0,0,0.13968823500348,0.567981091660697,0.428292856657218,314.298904993091,109.213434238165,156.736759967362,0,1
pAF,6299,distributed_node_runs,557,-75.8154711294842,115.504971682114,59.804261166012,297.186036661654,315.230491798531,228.271096293123,24.2653853756274,2.43426517893386,0,0,0,0,0.0957880081830387,0.657638749655838,0.561850741472799,370.461622393035,108.026310721121,149.877388666801,0,-73.6794690688403,111.229401382127,59.0161849511637,265.858994900112,251.936191979381,185.401046315063,27.8909784501593,2.458914118346,0,0,0,0,0.118893513883046,0.458314539057254,0.339421025174207,319.257709644244,116.881220889154,157.935070795696,0,1
pAF,6304,distributed_node_runs,558,-76.2037315699314,97.8654876749223,52.6030510386055,187.912211011453,234.710735651264,174.656299273258,26.9056065301702,2.93954995730019,0,0,0,0,0.0963614094406553,0.622513748270186,0.52615233882953,374.883959182356,105.042312429665,146.532389634152,0,-75.2303885193808,96.9215811949156,53.3450092260173,182.741694825953,185.812094508976,146.022827176304,29.6070035348384,2.85938775526301,0,0,0,0,0.115099430824179,0.408963179515976,0.293863748691797,320.299141286927,113.870226500141,162.625241247762,0,1
pAF,6324,distributed_node_runs,560,-74.3563991593757,124.508297352285,55.569638318428,367.463600648074,316.827349355161,219.320990037202,10.5403695289278,1.60770140084787,0,0,0,0,0.0872410058382003,0.583302093989853,0.496061088151653,398.731524568051,114.554593859822,163.03315694844,0,-73.0511389593062,119.128333282754,53.329603109636,326.772503275505,247.953265284319,175.710768591634,10.7090979377026,1.66108765375247,0,0,0,0,0.120706192589563,0.456276731766287,0.335570539176725,322.577147264023,114.24303356087,162.070035982675,0,1
pAF,6364,distributed_node_runs,561,-78.8666783784755,126.624042370013,58.3084376999676,383.191489917032,223.304702184068,182.044717604607,12.5274411781065,1.51725582615472,0,0,0,0,0.100102028050976,0.734180412062588,0.634078384011612,381.543835383942,107.690837192873,152.990303528486,0,-78.0711527676142,125.816523372159,57.2988156305136,376.734213954291,198.591304105666,164.467771650561,11.0966709745808,1.49382401021285,0,0,0,0,0.140326480806205,0.566991479130481,0.426664998324276,316.476959238214,111.183246291603,156.715956803261,0,1
pAF,6368,distributed_node_runs,562,-78.5787976385852,126.183870151668,67.5987786280108,384.840135225301,304.155214194325,234.733867345305,34.3670091732565,2.30580273939267,0,0,0,0,0.0901801840965131,0.662340432911196,0.572160248814683,372.172871312971,121.263034067539,150.149512939105,0,-76.4820333184969,124.490805496244,65.6737593115652,366.425833113078,263.268016942398,208.691543789733,31.1289192633667,2.22826416854514,0,0,0,0,0.121114371325386,0.509962291842084,0.388847920516698,321.102066286134,127.722644504582,156.441050076753,0,1
pAF,6374,distributed_node_runs,563,-73.5799914318008,117.522972118474,43.4284760916428,320.894026829294,268.646469330422,199.569900887946,6.3456586930406,1.52851566203026,0,0,0,0,0.112522480755147,0.782357047613675,0.669834566858528,377.804475355319,98.6616074540943,148.823136853988,0,-72.4633347260942,114.476029198164,43.3164192575688,297.351687399172,214.382542395277,160.395782166834,6.50375719047588,1.56367956932081,0,0,0,0,0.134227936184943,0.483943978391779,0.349716042206836,322.367233943096,108.430750319822,162.943147129431,0,1
pAF,6377,distributed_node_runs,564,-77.6919326249177,119.958261594976,62.3462084480255,326.355380707191,227.123384227518,169.990653615547,25.8919072230201,2.0374253228656,0,0,0,0,0.102158688217293,0.758539207595809,0.656380519378516,375.449442789955,105.217275200914,145.549725071442,0,-76.5704728162555,118.65035219604,61.4165935837504,316.629004315665,193.460077281045,151.143114577735,25.8514974328027,1.97940358272172,0,0,0,0,0.142795437475758,0.587431079286425,0.444635641810668,313.292411729275,109.44483883767,148.66247984577,0,1
pAF,6378,distributed_node_runs,565,-77.6918979354099,96.7443381004358,58.6191289998162,180.820333182276,273.121544476344,198.666735287516,45.311874287203,3.16558463205001,0,0,0,0,0.0844096242295983,0.573412210438446,0.489002586208847,366.885978132181,110.415814609114,145.112961612828,0,-76.3261991714572,95.1559848492686,57.8645876008424,173.862064434928,226.046330025169,171.255863715822,46.8279771043744,2.94100024235013,0,0,0,0,0.110189231184074,0.434489059003309,0.324299827819235,314.12256994818,116.399449173434,153.473495702077,0,1
pAF,6402,distributed_node_runs,566,-79.5900677206794,106.129285225233,62.0110636247919,234.100643405623,230.249060610433,163.121660716213,40.0967184308174,2.50973207603238,0,0,0,0,0.082003325294993,0.553634368723224,0.471631043428231,349.288517395515,107.848029300694,134.655622463779,0,-78.4153886674661,105.50136632603,61.9414668465848,231.400122936806,189.701197455612,141.785752515014,44.5139080317313,2.36647546037784,0,0,0,0,0.103037480978241,0.416215918759161,0.31317843778092,306.099112245029,115.415083210341,143.88863186437,0,1
pAF,6413,distributed_node_runs,567,-76.3905165110041,104.819573346162,55.6843393674086,227.997246208,324.301631340168,241.324350925235,29.1036844619957,2.07312102228025,0,0,0,0,0.0971792293441381,0.723347146358017,0.626167917013879,364.845205875434,106.43628079434,149.918561979594,0,-74.2045144346382,100.789059962001,54.232249639437,204.607540160102,271.577105891247,208.736713619106,32.0256631331031,2.07300751639923,0,0,0,0,0.128011875748181,0.534511322168384,0.406499446420203,316.153778129217,115.058457154199,155.939572791127,0,1
pAF,6445,distributed_node_runs,568,-75.0910707277041,121.781942068155,50.7578092473705,349.940561403838,307.407332876552,202.335953914117,9.03668239189574,1.48504303873051,0,0,0,0,0.0844663207044213,0.555896957248316,0.471430636543894,378.972270611579,105.780978165043,150.227359845686,0,-73.1594638459796,116.216865179833,49.3817736265459,308.878169822104,232.121302043553,152.39832415714,9.42309034109348,1.54386040758982,0,0,0,0,0.108584460546571,0.403866952725389,0.295282492178818,318.035470499603,110.577528756636,157.793868011407,0,1
pAF,6456,distributed_node_runs,569,-76.9198644006848,96.3709360255157,48.2026309717223,180.274907575064,216.273962010469,160.174934536612,20.6289251912531,2.38007850119175,0,0,0,0,0.102351830194417,0.706084183268554,0.603732353074137,369.055265266499,99.6141171380368,140.73740295698,0,-76.065622016115,95.8903556018015,49.5237237408825,177.856259331908,174.576007425327,137.15330908219,23.3456605185529,2.2937684997014,0,0,0,0,0.124811589060818,0.465855569961086,0.341043980900268,316.696405152135,108.531803885209,156.32775902125,0,1
pAF,6488,distributed_node_runs,570,-71.9080443421245,98.4699342566089,57.3668480410129,189.515510817085,256.743575364409,180.626540166115,36.5028335697061,3.72568152937311,0,0,0,0,0.117252196973246,0.881788832176835,0.764536635203589,363.977442870382,96.5481101141268,141.534300294355,0,-70.7034866618115,93.8878401172204,57.4245332461616,166.458632583444,204.64889493696,153.688072100314,44.3022595129478,3.84794855833388,0,0,0,0,0.153294799026769,0.620945736357368,0.4676509373306,312.220768757204,105.456817223549,146.709079588135,0,1
pAF,6494,distributed_node_runs,571,-77.5829504434987,114.655625703643,68.545560923428,288.234734838178,211.37798621408,160.226485544328,46.9270032333516,3.58981898682396,0,0,0,0,0.0969907273338828,0.670900617320005,0.573909889986123,368.783086198018,110.363550396534,140.453536497953,0,-76.4935063187304,113.89074502656,68.2124822371395,282.186819700087,176.295666239756,142.397067394384,49.6607520390935,3.37161832743004,0,0,0,0,0.126561293424822,0.497576983865223,0.371015690440401,314.571036971578,117.607491214254,145.686636699444,0,1
pAF,6506,distributed_node_runs,572,-79.0536050426347,119.619288255843,65.5468540667337,324.840918902029,288.06823270359,218.471381810443,44.6766916272973,2.06299212913291,0,0,0,0,0.0888238823054637,0.662137664591411,0.573313782285947,377.499216823162,120.749957772023,150.140284955143,0,-77.2864632740337,117.960719929497,63.3487272885504,312.811555368696,241.05751165465,189.049294593704,37.0419922678921,1.98400244636287,0,0,0,0,0.123853568778207,0.521430968098558,0.397577399320351,317.975542082091,123.057808965052,151.908531678842,0,1
pAF,6518,distributed_node_runs,573,-78.6018112252675,128.045164916957,63.4112934516233,401.258467015756,213.934070517804,169.258218938921,18.9327435783707,1.60149401202943,0,0,0,0,0.0926406088536036,0.696323050255347,0.603682441401743,368.379201736752,114.882067123006,141.031459427091,0,-77.5238486030126,127.2573514442,61.9524537410489,393.057851726159,184.541511796073,150.736806010511,16.2732199080892,1.56677813011629,0,0,0,0,0.128368201360305,0.543780206682186,0.41541200532188,312.200146948675,118.426548502892,143.369374728826,0,1
pAF,6522,distributed_node_runs,574,-72.3379914535102,103.852019819514,58.0570904670972,220.303491826608,349.963268796455,241.781738096484,37.7981372668946,2.49573723950016,0,0,0,0,0.0809438721159741,0.545459690737029,0.464515818621055,372.648184765472,113.14956416958,148.727414827171,0,-70.3686598492051,94.2890025020379,55.4462955901723,169.998858166696,276.483481226955,192.94946753468,40.9231910614253,2.89041001935402,0,0,0,0,0.107202078463045,0.417514594688702,0.310312516225657,315.327871891164,115.024562305942,149.431238624772,0,1
pAF,6562,distributed_node_runs,575,-77.4787503149474,115.459828519703,61.8338990446343,296.743151161373,228.833051535221,173.70848203107,34.1754170374261,2.10273293060891,0,0,0,0,0.0983602526146558,0.729068731240303,0.630708478625647,363.882671073508,108.25568178403,141.270025650523,0,-76.251579465431,114.294856970842,60.7191311478039,287.933515318816,197.682165135579,157.990054722886,34.7534551330937,2.02761714711232,0,0,0,0,0.133301596504106,0.555551924313349,0.422250327809243,313.161943003532,116.057232921317,146.035734457581,0,1
pAF,6563,distributed_node_runs,576,-80.0895637454363,127.284008718197,67.6105155955241,393.150960546741,252.317584122298,196.969636174843,47.4813093293051,1.83069727120892,0,0,0,0,0.085086164874473,0.643525607051209,0.558439442176736,371.739413584153,129.072595649581,139.561871838339,0,-78.7429686003555,126.508996770265,65.5781743981203,386.156262709143,212.4974093241,170.899944710749,31.2890319012477,1.76707084738155,0,0,0,0,0.11681670028652,0.501488198880678,0.384671498594158,315.903205430361,128.683738819091,143.028379055922,0,1
pAF,6571,distributed_node_runs,577,-76.9328203581034,103.742019767193,48.6823898476886,224.393685535265,259.51002915969,186.984076951536,16.2052082456867,1.98120278850547,0,0,0,0,0.0962188960917719,0.630624497872125,0.534405601780353,353.542826948382,101.258804693716,140.517802865824,0,-75.6609897710044,102.884656537398,50.1561870081958,218.106888877498,196.98509814337,145.450579657067,18.549564552879,1.94424222268208,0,0,0,0,0.108123122565507,0.398423495913123,0.290300373347616,313.091523143925,112.102663343332,158.427431349983,0,1
pAF,6577,distributed_node_runs,578,-72.8019414560286,102.915040754531,52.7888370074107,214.737545445948,305.514180880637,230.062799532519,23.3666113616127,2.28058427291398,0,0,0,0,0.110681484908024,0.82926870345087,0.718587218542846,370.127768080107,100.028793586069,153.97484711828,0,-71.1589084127742,96.810076101668,52.0535781388057,181.487507909642,251.347460396821,195.008077066912,29.7821114153667,2.45214756548739,0,0,0,0,0.144248821138005,0.579072440580195,0.43482361944219,316.019573785248,108.846883225855,156.842829273413,0,1
pAF,6583,distributed_node_runs,579,-78.8468931233085,124.413571276343,60.3927688237936,363.28523706754,194.525999570513,161.690410441974,16.9142023807799,1.82773426687345,0,0,0,0,0.110073255952865,0.816509328722713,0.706436072769848,375.903691970831,103.098630676766,147.621043955133,0,-78.2290722919458,124.043669022918,59.8772172762662,360.073560126431,179.364593443464,152.461175507466,15.8686112713804,1.79153276704164,0,0,0,0,0.15197674431201,0.615935648207071,0.463958903895061,314.226445273573,108.708073193331,152.457957383696,0,1
pAF,6638,distributed_node_runs,581,-71.8450616290766,108.349000196191,61.5479296383464,244.455158909463,301.253732440971,198.310902684054,38.5096381168842,3.00884363876685,0,0,0,0,0.100376772651847,0.737752454917043,0.637375682265197,372.996618777106,106.08868591395,145.197077726888,0,-70.0460882186832,99.4383543210501,59.6649848304439,194.203294459881,231.647718593176,163.274650030136,44.6007037975651,3.41920125688557,0,0,0,0,0.139286208217885,0.573810131162681,0.434523922944796,312.323304927369,109.94915180633,144.340746526007,0,1
pAF,6639,distributed_node_runs,582,-76.7543955996665,126.685687421139,58.003097252496,382.367139288247,240.03323273392,183.02692527639,12.1685212855518,1.56989291928039,0,0,0,0,0.0959707259099286,0.677862661985773,0.581891936075845,385.088484877233,109.109373651751,153.715026775339,0,-75.8292951199249,124.747846661148,56.7372496576505,367.918637169877,204.973566265289,159.553811243339,11.1597961419247,1.57082998390979,0,0,0,0,0.133439140576496,0.526913811886067,0.393474671309571,317.877364103519,111.799792247788,156.586320796389,0,1
pAF,6648,distributed_node_runs,583,-78.3646541607599,116.101098471562,59.1810339995795,302.588809729349,299.615479612723,223.684754544396,22.6346281538208,2.16669924298913,0,0,0,0,0.0862402795243842,0.571760467681313,0.485520188156929,372.509337740441,113.649925266916,153.938831812723,0,-76.5363143003163,114.6510783104,58.5499725124562,290.743600782197,246.732077965909,188.764117139173,23.092843113991,2.10912360950169,0,0,0,0,0.106818585884343,0.406357943385665,0.299539357501322,321.63560478378,122.66161397683,166.375097261398,0,1
pAF,6660,distributed_node_runs,584,-77.056926287806,120.35207612239,63.7906799492893,337.929425658204,271.260679097621,200.648770424872,31.070441571952,2.23098945423408,0,0,0,0,0.105075027932708,0.802357491478322,0.697282463545614,349.198896372378,106.401410692546,137.704802256052,0,-75.1569745622223,118.476612747807,63.014487838256,319.395621072861,229.662156299295,176.766113995385,36.7444309068305,2.15907296092701,0,0,0,0,0.134878328871432,0.583303142642506,0.448424813771074,311.273779151787,119.674108301002,142.312649481148,0,1
pAF,6665,distributed_node_runs,585,-79.3437266601374,123.81392989533,69.2439917053682,366.67824837457,223.03790367896,169.818131778331,40.1885247059254,2.42659343001287,0,0,0,0,0.101700189588016,0.79118874041832,0.689488550830304,347.014731788564,108.154197829594,131.528317209804,0,-78.0058846201761,123.773825488945,68.9200977791613,363.340213955844,192.689963027529,154.624961630248,43.644862297504,2.27551981048236,0,0,0,0,0.134469990879985,0.600993035605015,0.46652304472503,305.809241512012,117.393850847635,135.051795241472,0,1
pAF,6672,distributed_node_runs,586,-73.9780572936747,116.212640526427,59.6619565406477,294.612945694032,275.842273255315,193.757241417792,23.8531058718509,2.27433567483968,0,0,0,0,0.0979848672497164,0.687343699458478,0.589358832208762,390.051638801851,107.917077736194,156.357986285352,0,-73.04331179257,112.222141658847,58.4216746450261,269.343038801267,223.880641734402,164.27513855958,25.7998570383315,2.31027267365425,0,0,0,0,0.137377175106398,0.536998790217133,0.399621615110735,318.098696707915,110.138385254366,154.196547774357,0,1
pAF,6690,distributed_node_runs,587,-79.9921064470688,125.17068595437,67.4097674521069,367.223328235056,215.003979009838,165.85328770709,36.9788652256684,1.99508309176599,0,0,0,0,0.0890843175862235,0.646183989568656,0.557099671982433,380.789085297794,115.7650522638,145.246912815441,0,-78.925558949851,124.132143734483,65.7645099813676,360.264746177995,183.78197854455,146.917088084254,32.5052322581469,1.94087790197227,0,0,0,0,0.126909706095442,0.52140448498594,0.394494778890498,314.783951327081,116.249205873024,146.351941138097,0,1
pAF,6713,distributed_node_runs,588,-76.799367259357,96.5253621342556,51.3911424890541,178.947969785196,225.967420240901,177.617509047734,26.1569663354894,2.99709773741779,0,0,0,0,0.107552216538971,0.741453198414304,0.633900981875333,384.092524288579,101.852948277563,147.244822442109,0,-76.166998739176,96.0907190148788,52.0505020597029,176.895875890688,190.29095140002,155.274334004625,28.1192494176903,2.89344331902612,0,0,0,0,0.133805022657921,0.48413270957735,0.350327686919429,322.676562452547,109.705812912031,162.649324888012,0,1
pAF,6718,distributed_node_runs,589,-78.4829471908015,121.721698255707,66.1656588638123,338.353802010599,240.770967765799,188.817005015808,43.5169459433237,2.31192539240874,0,0,0,0,0.0851379535126504,0.571884221286483,0.486746267773832,389.979919006873,123.69400688383,152.63738596561,0,-77.3690185896553,120.481241112562,64.4194461565728,329.368443910528,202.527999058431,164.030182108541,36.1114621516936,2.24245447712019,0,0,0,0,0.116186069804147,0.444063996135636,0.32787792633149,322.816804960068,124.762988643295,156.719165812771,0,1
pAF,6768,distributed_node_runs,590,-77.3408578874869,106.747688316857,59.9256176080959,235.750718034135,244.036697862954,169.719042148725,34.4437201587134,2.52029827384831,0,0,0,0,0.0849064023515968,0.567685316940037,0.48277891458844,385.457276405337,110.076665222317,148.106663117622,0,-76.2436487115517,105.072093815573,58.8472129056134,226.817103684332,193.624015467074,142.957459799163,34.4307540608715,2.44624621480034,0,0,0,0,0.115345048405116,0.436236751233448,0.320891702828332,318.00902548878,112.795759991779,154.914750544688,0,1
pAF,6775,distributed_node_runs,591,-74.3411455935341,124.786405972721,61.0107860051633,363.567937739117,260.291350442436,184.665265660471,18.4607109947756,2.30286577159131,0,0,0,0,0.0922049841402519,0.573384823130734,0.481179838990482,396.949855380015,113.434580868481,159.615707456042,0,-73.2841156843237,121.141303900319,59.7487102307413,335.509658096663,208.462239268552,154.535040214803,19.3352306744273,2.34077107382109,0,0,0,0,0.122419483342178,0.441608870518183,0.319189387176005,322.313931362292,115.074486538022,161.313469501303,0,1
pAF,6776,distributed_node_runs,592,-75.5661264885743,115.914358110802,52.2650236305878,299.13607540214,276.845602280795,200.098927864768,12.1975114127636,1.59698735596612,0,0,0,0,0.084473681108192,0.562669619912982,0.47819593880479,382.36960478816,110.085931842543,154.464863766777,0,-74.2500781395121,112.820793422319,51.0380156411677,278.017151683977,222.049024138156,163.279139987684,11.9990471162819,1.61494945521554,0,0,0,0,0.11096198111027,0.415836719694997,0.304874738584726,319.927359955487,114.482680160847,162.158558249837,0,1
pAF,6787,distributed_node_runs,593,-76.4866286098975,120.617495018498,59.3945217522915,341.406884935362,318.270779544364,240.28794163448,18.1996322568011,1.7000764445329,0,0,0,0,0.10067691306349,0.802445406530284,0.701768493466794,351.3320153963,112.520188028342,141.900315753387,0,-74.1075200112612,115.943496386927,56.8324644816555,303.623166048838,274.099910451154,211.94820926019,17.5269270155441,1.72882152509555,0,0,0,0,0.130962151150372,0.592362065028437,0.461399913878065,312.956870425816,120.633941705313,146.941737233952,0,1
pAF,6795,distributed_node_runs,594,-78.3166742136589,129.077224421851,60.4712251139914,404.373976521417,227.762580304283,170.358166027232,13.044074162106,1.59427170269191,0,0,0,0,0.0864803007074628,0.582108798392431,0.495628497684968,391.268847162079,114.968748693915,153.390952424975,0,-77.4027347863751,127.753666120375,58.8091016724678,393.606338268309,190.058890282144,146.214016550741,11.293947045815,1.57977008414673,0,0,0,0,0.119423904765547,0.45554078510164,0.336116880336093,319.848434327465,115.660643799187,156.951547217857,0,1
pAF,6803,distributed_node_runs,595,-78.1416034391543,116.85247433816,61.5905104121633,306.798227775825,215.537960956026,163.577857166943,26.2968450635453,2.58756763659767,0,0,0,0,0.0939098612399925,0.608840322556649,0.514930461316657,373.665902397268,109.517746810627,146.588087887012,0,-77.1171958576908,116.676944288107,62.0935960403989,303.634675489828,179.806030810101,145.331577472742,28.8721029748958,2.5028289441143,0,0,0,0,0.115698838458428,0.42251898365219,0.306820145193762,320.040543211733,118.252213691096,158.974358255899,0,1
pAF,6811,distributed_node_runs,597,-73.7856003130127,104.878542373402,54.153135589283,225.994619680661,295.312181534828,206.472293043553,23.7565410634634,2.0761024638341,0,0,0,0,0.0945201597939968,0.681995586158938,0.587475426364941,376.605993012898,104.134685810772,149.815720328287,0,-72.3298262875605,99.8171201873325,52.9699591045622,197.996295904246,236.550122733308,170.796090355027,27.0437095968955,2.16730969907076,0,0,0,0,0.12984435440333,0.520611057866546,0.390766703463215,314.086121237702,108.238171838439,151.235450835329,0,1
pAF,6817,distributed_node_runs,598,-75.2041775353628,104.565261543828,60.7246183918699,224.323733165745,329.838851829183,237.448487257527,38.4165390968119,3.15528184261348,0,0,0,0,0.081498315751594,0.532591118593513,0.451092802841919,373.559687744295,113.956278185236,151.003518001283,0,-73.298421552097,99.6488933353096,59.0970795669754,196.925771762371,261.758482090176,190.392048668153,39.6067722324515,3.27640695107038,0,0,0,0,0.104173492044413,0.396277976078531,0.292104484034118,317.104028035243,118.047974599045,156.635162664699,0,1
pAF,6828,distributed_node_runs,599,-78.8004348657348,98.5379647774588,62.2155650917448,187.656875163651,224.415374046061,166.464115574527,45.6719413612082,4.67254532948573,0,0,0,0,0.0869025980150811,0.566239498310199,0.479336900295118,371.336244962862,110.376207067493,144.647215189093,0,-77.8040059812123,97.9041886108687,62.4838791518389,185.463375003667,182.774759618631,145.502403941984,48.0507345906335,4.20347075414975,0,0,0,0,0.109616207929217,0.410713420923541,0.301097212994324,316.27260490023,116.829271877035,155.090493126947,0,1
pAF,6831,distributed_node_runs,600,-77.3176398426046,125.599087981514,62.1334512629557,381.229336794919,247.3296726185,191.154742925144,19.3621227718322,2.1556720925073,0,0,0,0,0.101751986900596,0.707607029318391,0.605855042417794,369.016925229997,108.585239154105,149.164362340054,0,-75.9119591789472,124.815110286724,62.0365562830182,370.068959959621,214.592408605797,172.591371815124,19.7464798258334,2.10984717386964,0,0,0,0,0.129686527125395,0.505559976375779,0.375873449250384,318.813462436137,118.713322437783,158.246424002257,0,1
pAF,6851,distributed_node_runs,602,-71.9612371612505,87.3903314062919,46.69287364776,136.830689474148,335.437856633951,238.679986142233,26.7940969640986,3.09180168080638,0,0,0,0,0.0969066189913583,0.627963397868807,0.531056778877449,392.478937997039,106.034499841437,155.135090565654,0,-70.5953131130782,81.9499444844524,45.6035603909604,114.664784671539,257.859129738499,188.778332437105,30.1970941516774,3.41939854497832,0,0,0,0,0.121534548682245,0.423360837852482,0.301826289170237,325.643443297522,111.793593193714,166.326292653767,0,1
pAF,6880,distributed_node_runs,603,-75.5184154786886,117.762221633528,56.451007762468,307.460829307321,250.99926725484,191.410835412724,16.0889537828407,1.72276230319403,0,0,0,0,0.10544377294992,0.804987073595329,0.699543300645409,378.108024111847,103.093709084453,152.76760696899,0,-74.7768812494803,115.497847513248,55.4970122093909,292.851760633036,212.931302326444,166.313242393535,16.0522690653488,1.71968240770002,0,0,0,0,0.149475073463411,0.620452110426837,0.470977036963426,313.933335442336,106.723052144876,152.297452598082,0,1
pAF,6886,distributed_node_runs,604,-75.4108360140642,121.587392191319,59.8149927469392,346.409318247632,295.033139210973,210.745299869341,18.8683182419772,1.88274182341411,0,0,0,0,0.0923935044356723,0.660539462184558,0.568145957748886,358.646916625417,106.246960256009,143.48442069051,0,-73.3942747335884,116.726355120167,58.8685368905203,308.54804324492,242.075516457331,173.591813348961,21.6149053274203,1.93106598881786,0,0,0,0,0.118425611623689,0.4866314757766,0.368205864152911,311.286600995449,113.445811856625,148.086822365074,0,1
pAF,6890,distributed_node_runs,605,-79.7744838780098,128.790665332852,62.7640449283087,411.410415532745,248.329956568406,190.680649367379,16.9240018977725,1.51101347026997,0,0,0,0,0.0906117690985173,0.690828050856073,0.600216281757555,369.427779116231,115.890275321326,144.433332379268,0,-78.3420600516187,128.063688897011,60.946093812698,403.366425988057,212.523047870462,168.369239206368,13.8430632421841,1.4652021738184,0,0,0,0,0.125817631928757,0.540166504294233,0.414348872365476,314.048797458567,119.876948455094,147.961451718818,0,1
pAF,6892,distributed_node_runs,606,-77.542822129083,117.110538783931,62.7029039775337,311.134369798778,309.620992544318,227.742291592898,31.7940868363803,1.99813894798717,0,0,0,0,0.0923038165796418,0.699138747882874,0.606834931303232,356.963019089599,110.778210081902,142.595194355252,0,-75.3186607123027,114.114329157048,61.0088333901272,288.003965191783,262.874492696024,198.059937491809,32.7755635676986,1.9551316815232,0,0,0,0,0.122458216711612,0.535626362160235,0.413168145448623,311.556426849362,118.413691561764,146.525855826844,0,1
pAF,6906,distributed_node_runs,607,-79.2107936616713,130.16575124506,63.6652640683399,417.266369070801,232.460700787829,170.648537560075,17.3862301404733,1.79664042751392,0,0,0,0,0.0804913277452667,0.523724303924147,0.44323297617888,389.511908072578,118.671668256909,152.244345292959,0,-78.0655235839367,129.115886413142,61.9519515302405,407.673560305568,192.52104042577,146.540027672545,14.9518098687076,1.76207393833101,0,0,0,0,0.109320771620521,0.41125096377093,0.301930192150409,320.33900857365,119.31468458183,157.876727986331,0,1
pAF,6909,distributed_node_runs,608,-72.2146396282816,93.276204553103,40.6041221687386,164.878610517606,310.089235191008,227.607469507326,12.3808750542521,2.26722276526561,0,0,0,0,0.102361765096832,0.648412539057705,0.546050773960873,393.488843332605,104.487986190215,153.051573699429,0,-71.0772830469835,89.0493316471212,39.6270332955637,144.961848000026,238.183566049327,176.077022041041,13.7827147005628,2.40237981397513,0,0,0,0,0.120721647520416,0.401341829822832,0.280620182302416,328.551131221691,112.214199028782,170.789984220459,0,1
pAF,6918,distributed_node_runs,609,-76.5159591685089,121.357569555188,53.5215490018869,344.106946775951,275.007876538555,192.497912073137,11.9284260761851,1.6539033845329,0,0,0,0,0.0883651429667025,0.582593669670684,0.494228526703982,373.316116379101,106.21372693812,148.626811290896,0,-74.9366680811868,118.980053120131,53.2416684634369,324.532513378677,211.915231946201,150.245489271903,12.0309520521078,1.66008108101232,0,0,0,0,0.109663293596465,0.407555257467819,0.297891963871354,317.71600211873,112.823774711233,160.06788618952,0,1
pAF,6924,distributed_node_runs,610,-73.0072397322227,114.980225453695,53.1069557908067,291.385810458063,294.059213270346,218.818085459359,14.5143214471827,2.07466400440171,0,0,0,0,0.113498107844328,0.795678952279888,0.682180844435559,382.461877770198,101.756409087015,157.616655316137,0,-71.7430052178316,110.221625112013,52.7044321331788,258.972024459868,241.470824893906,184.85714165555,16.6279038263056,2.16039278012249,0,0,0,0,0.144268599366571,0.54248135305038,0.398212753683809,321.426789411547,109.247340230639,162.541880010448,0,1
pAF,6926,distributed_node_runs,611,-78.0521543110891,104.016400537522,59.185860549611,221.473383550566,257.332599119953,191.031836209833,37.5517524066236,2.64983683852915,0,0,0,0,0.087483002499474,0.588698682606679,0.501215680107205,365.979250214907,111.050890341758,146.401631310929,0,-76.7509333021006,102.95484377041,59.0282346972214,215.647712504405,209.692322038718,163.301377985172,39.8796311392871,2.52276934582551,0,0,0,0,0.11035705514507,0.427215557692403,0.316858502547333,315.705864019776,118.847877573528,155.511860150589,0,1
pAF,6933,distributed_node_runs,612,-77.334832392629,111.292184566373,60.0462881305932,265.803397816577,216.28668101909,165.985475327216,29.3293297621058,2.61197748692211,0,0,0,0,0.10467871739716,0.738631664356547,0.633952946959387,376.075767086782,103.436401305684,145.950099968114,0,-76.4184883304084,110.677382763762,60.3280326002641,261.297310519881,187.128431021833,151.096779352669,32.5505737177373,2.51323812313422,0,0,0,0,0.137118138800932,0.528996339108624,0.391878200307692,317.616566111461,111.04501036615,154.988787035268,0,1
pAF,6977,distributed_node_runs,613,-71.6567231803743,110.0516054596,42.6103828557052,266.014685984383,289.680643205167,209.335056300457,7.91591803308256,1.66706845693261,0,0,0,0,0.117028917258091,0.857889726996587,0.740860809738496,370.474621446796,94.9014539276468,143.405105920141,0,-70.2850425671314,104.17901959558,42.5622651438281,227.301012764431,230.360285031187,167.962552557779,9.26847252915104,1.7610135093164,0,0,0,0,0.142263705611419,0.534619139380834,0.392355433769414,319.262259713643,105.336981252909,157.80606710017,0,1
pAF,6992,distributed_node_runs,614,-79.9906318715295,121.584500281813,64.0793600237243,345.736566428711,261.910571490167,205.987205991827,40.1916021386787,1.86259936657007,0,0,0,0,0.0979521552863898,0.774116840175052,0.676164684888662,362.322043715496,119.277101889129,141.312237736778,0,-78.4658251629058,121.11408787035,61.8267868172385,340.620956132919,223.566329347628,181.948919725532,25.2018156642844,1.77694095660263,0,0,0,0,0.132144012206451,0.587832255262291,0.455688243055841,313.017186536897,121.730027112342,145.956720476678,0,1
pAF,6993,distributed_node_runs,615,-75.2930354601609,117.822843654588,62.7929365524361,312.861799310344,329.555609583163,232.045437940476,28.7743717961275,2.5504506127545,0,0,0,0,0.0876562267624899,0.591249470055671,0.503593243293181,367.281230251378,111.44567138335,146.665560105511,0,-72.96704279725,111.765594255166,61.146251258793,269.272516884981,256.637012161151,180.021328855757,32.5395360562688,2.64993193131158,0,0,0,0,0.109507731924383,0.426159864304467,0.316652132380084,315.317361575417,117.655297144011,150.425368579841,0,1
pAF,7018,distributed_node_runs,617,-75.7582187304078,106.338820113625,53.5448411261861,236.064430425468,275.835432919885,212.700493903903,21.4585904738051,1.98161679034092,0,0,0,0,0.0990880035942255,0.71013550605279,0.611047502458564,374.813272675361,106.900385909619,153.214565410162,0,-74.3795310311231,103.843762442572,52.5175464962039,221.007164872605,231.992704849101,184.960122461973,22.1136685527454,1.97219320914519,0,0,0,0,0.12983755642934,0.509630424193168,0.379792867763828,319.28770594695,114.950392794246,160.955327680522,0,1
pAF,7028,distributed_node_runs,618,-74.8379283177482,105.937885088106,58.1350828410578,230.67004645744,294.647671531544,219.561091832693,31.1148999263896,2.87830736504111,0,0,0,0,0.103639573467668,0.73052353800804,0.626883964540372,384.339678385229,105.127383885883,156.421506538754,0,-73.4437455556954,102.383778617578,57.3271153221555,210.340225825914,241.638165899585,186.529901790138,34.3213773190801,2.90429305509315,0,0,0,0,0.137980298729377,0.529673303870155,0.391693005140777,320.289676648921,110.970265471096,160.294331755793,0,1
pAF,7033,distributed_node_runs,619,-76.6450489482931,123.551792171553,60.0526118771575,353.783304473196,261.152863391973,174.29341117492,17.41768109025,1.84413727540232,0,0,0,0,0.0795944696715002,0.512420258312318,0.432825788640818,389.066654519847,113.806137208878,152.076765216196,0,-75.3605417552593,120.913714506548,58.3583057546009,334.098809630978,200.63924621122,140.721192463596,16.7578184102422,1.84335822067078,0,0,0,0,0.107713793155229,0.399831917540948,0.292118124385718,319.339083200037,114.717379835434,157.470189182104,0,1
pAF,7038,distributed_node_runs,620,-74.7183650180059,91.0494063907341,44.9308344394158,153.759984051917,223.359005163089,165.006610682052,19.8166642845754,2.72459241693286,0,0,0,0,0.101175443834074,0.668721709243817,0.567546265409743,385.264442620406,102.142190939288,146.016997869831,0,-74.0709124651834,89.9312047461878,45.3040641017128,148.724890769422,177.132120756356,136.615217362316,21.110330231124,2.68901029454719,0,0,0,0,0.124083988874523,0.433853552892377,0.309769564017854,322.464413657115,109.458061307629,162.465872056517,0,1
pAF,7039,distributed_node_runs,621,-74.9199774941213,112.591882212838,61.3211815045694,272.40827947409,281.183504141081,204.664273810798,45.9153863723986,2.33923056135245,0,0,0,0,0.0967914755279693,0.698119213412989,0.60132773788502,381.845965515313,114.816279359111,152.701562925827,0,-73.4074455574476,108.452582084919,59.2312283606287,246.316765512902,228.518648392641,174.469476010148,42.8512887744946,2.35829471243414,0,0,0,0,0.132587104510771,0.52979657031521,0.397209465804439,318.904329162302,117.944994545232,152.19251626128,0,1
pAF,7050,distributed_node_runs,622,-71.1165136191546,98.0496031676392,46.9549052623615,186.796995032788,255.498817040614,182.060106028897,17.302125045142,2.39944675780862,0,0,0,0,0.103466690486215,0.684719800166213,0.581253109679997,392.182201955184,103.431759154126,151.463017794501,0,-70.784636382073,95.7949901294724,46.9204844692642,175.705959558386,197.824250283284,147.537850712055,18.9987448067877,2.44694616967536,0,0,0,0,0.130470409183375,0.458704455869377,0.328234046686002,324.261245616679,109.600829751365,162.601269615959,0,1
pAF,7073,distributed_node_runs,623,-74.5210816871799,112.274169862696,53.3540037812244,275.449451014646,336.804612415661,243.157803513524,15.8754583312111,1.7225522063236,0,0,0,0,0.0863156121947687,0.591258059415757,0.504942447220988,371.197621930711,109.152278079069,152.673717513278,0,-72.3584450198491,105.323554565163,51.6424467922629,231.246255955935,270.517318894221,196.362870449298,18.6148961101899,1.8371287387381,0,0,0,0,0.110174390582553,0.429600558492416,0.319426167909863,318.080223215362,115.300709954834,158.451884235346,0,1
pAF,7092,distributed_node_runs,624,-78.2244853685761,122.055183799441,56.3321931748692,351.05730702208,305.75569781525,229.171179595753,12.5851010937113,1.53682242758805,0,0,0,0,0.0824167716604261,0.566480756183537,0.484063984523111,374.72400766817,117.062543752763,155.300655042705,0,-76.3729128274454,120.239847371355,54.6894679210906,334.469389948277,250.906897926405,190.956245866215,11.0624700969347,1.51702854290852,0,0,0,0,0.105925769129348,0.415537288701204,0.309611519571855,321.390245485552,122.843545172243,165.167579784035,0,1
pAF,7099,distributed_node_runs,625,-79.0584972817504,125.298104727922,65.7158689934114,377.188969751482,236.445493063351,174.994163919473,26.8600809240161,2.14305479660106,0,0,0,0,0.0861118674324842,0.592256546827131,0.506144679394647,364.457817677445,112.803790311511,142.619313726121,0,-77.7103543835918,124.770930768264,65.1625821310834,370.390605428022,196.475780096385,151.739677751833,27.055986840609,2.0706646790095,0,0,0,0,0.111869531455352,0.447246590194697,0.335377058739345,312.983418059554,118.806462210203,149.303781935893,0,1
pAF,7101,distributed_node_runs,626,-72.5290118837128,108.3119274696,44.0119151801013,248.328653872794,261.086300425799,186.502347065711,9.78174070797832,1.88679079972644,0,0,0,0,0.107880927885331,0.709513800285845,0.601632872400514,387.947928011388,101.658241354446,149.391673595714,0,-71.6254625418112,105.010029616498,43.7776669703368,227.932175250587,204.634713068659,150.01814205978,10.6194224013234,1.94105250179928,0,0,0,0,0.129511715158443,0.447658324470016,0.318146609311573,325.08685092529,109.953383438569,164.931475203493,0,1
pAF,7115,distributed_node_runs,627,-77.0599859057403,120.937372648343,63.0187395696638,332.402665868239,209.087331945047,165.013596320736,25.798195887648,2.406436551144,0,0,0,0,0.104634566560359,0.729680668308297,0.625046101747938,382.899956471789,106.280302430932,149.712890672013,0,-76.3172765452047,119.962714504167,62.6134299578195,324.979333033251,186.822754983983,151.847776568487,26.7045745770156,2.34871938340075,0,0,0,0,0.142381415881478,0.55204843208127,0.409667016199792,317.461795818414,110.994276143894,154.98345227598,0,1
pAF,7136,distributed_node_runs,628,-78.1212791070128,105.265759621204,57.7319705417353,231.712658837833,268.541095337721,198.366400827334,34.5169462322156,2.20797925221268,0,0,0,0,0.0882422853175707,0.607497925549999,0.519255640232428,353.711198497302,109.906717878694,141.889965664277,0,-76.6714089778776,104.16518481976,57.4459173132916,224.995599207353,223.534373277631,171.418998587113,38.3625267265161,2.12218740721073,0,0,0,0,0.10929949475652,0.439775849874013,0.330476355117493,312.324689141489,120.157965126407,150.837614363879,0,1
pAF,7142,distributed_node_runs,629,-76.912450326043,118.577244129109,64.2029370955642,316.552103375202,241.808881316079,183.62207192491,37.0670673611312,2.15954318067088,0,0,0,0,0.101013549946761,0.780958179822475,0.679944629875714,368.913725713152,108.972213694295,143.075640936644,0,-75.6599616796601,116.606228861065,62.6980972720559,302.313705152635,208.166208172413,163.526786376555,35.706977026206,2.09653767967029,0,0,0,0,0.143475161579177,0.620277117433638,0.476801955854461,310.929916063375,112.587627411114,144.077868236569,0,1
pAF,7154,distributed_node_runs,630,-76.2910649331219,124.646864018903,59.7339277134805,370.035734657959,213.489172352747,162.96925841146,16.3515964431572,1.87134239529405,0,0,0,0,0.105634378338269,0.768282819518062,0.662648441179793,367.411282928973,102.395635029585,143.682775451513,0,-75.2395269881615,123.335514165286,59.6218844122583,358.079895350128,188.181963486175,149.507753920614,16.5458955887079,1.85579889941801,0,0,0,0,0.141549021118299,0.572340983407081,0.430791962288782,312.766506924072,109.853151399671,149.621267925346,0,1
pAF,7162,distributed_node_runs,631,-75.1040910835526,122.954740609115,64.3149728180196,353.772789756142,322.949636847181,238.505027131112,30.2513137701098,2.0253659310838,0,0,0,0,0.089988250273783,0.680036877545494,0.590048627271711,369.75291745556,120.243707851027,147.433838236652,0,-72.8886697052052,116.12361013572,61.6080140659157,301.964368335829,271.597123036147,203.488894718568,33.0073189335308,2.11318939166813,0,0,0,0,0.123227804428665,0.531559795599429,0.408331991170765,315.588204828317,121.998582216813,146.933746357565,0,1
pAF,7164,distributed_node_runs,632,-75.8901329169728,105.623987082145,59.2698318309513,231.32682560825,304.469939546805,233.277510302207,47.9236741509812,2.43660442611144,0,0,0,0,0.0960906517578795,0.701824311495215,0.605733659737336,371.78808839152,113.542960001228,151.33150252934,0,-74.1078002047586,102.114728252708,57.6784043281771,210.768069838813,254.644405107181,201.550798416567,48.0248206079596,2.42106478937785,0,0,0,0,0.126730571990535,0.516569472404533,0.389838900413998,319.727057332846,121.244865238408,156.654053348235,0,1
pAF,7166,distributed_node_runs,633,-76.298744044388,124.240194043009,55.6344425371487,366.536431505247,210.271083611929,163.502878649073,12.0877105430409,1.60162980948371,0,0,0,0,0.108673579384219,0.806499362770184,0.697825783385965,368.746764507101,99.8179014003399,144.103856606256,0,-75.4384399058566,123.183656955397,55.8913828921166,357.518806970425,184.276822564905,147.79666366944,11.8882437206994,1.59450876224946,0,0,0,0,0.145249220584033,0.586916788488171,0.441667567904138,313.144896351263,106.989679418599,151.352601896617,0,1
pAF,7198,distributed_node_runs,634,-74.8437023855218,99.4409375307788,47.3325721534286,194.004799561558,263.898572462022,186.243348347212,17.2386023451545,2.23832459715049,0,0,0,0,0.0916390629994176,0.596014629243581,0.504375566244163,401.260841211741,107.045694900713,155.763256981922,0,-74.4505436639842,97.94286605277,47.1248557485684,186.858329451432,205.730950473298,150.212724635512,17.9997864717334,2.24965257059011,0,0,0,0,0.12021481896064,0.421856829100024,0.301642010139384,324.904920215686,110.387033533854,164.573900359547,0,1
pAF,7204,distributed_node_runs,635,-72.9266918950024,110.855557933371,56.1481445762353,264.389779116173,325.784052426789,235.158267845065,21.842301425866,2.37782880535815,0,0,0,0,0.0998957715876281,0.693867823050617,0.593972051462989,371.040881322522,104.681785989836,153.187970865029,0,-70.7331571169469,101.964096701545,54.927277692899,209.839099672551,263.532327740668,193.321761762607,28.9559962574313,2.64299639015007,0,0,0,0,0.125481436982726,0.482530912530879,0.357049475548153,318.515942937622,113.755199257608,157.75430154692,0,1
pAF,7209,distributed_node_runs,636,-76.9646640714824,118.088654341015,61.3433117353396,316.556823475272,307.109567368439,234.697168827755,29.7496548704439,1.84193519873224,0,0,0,0,0.0902007891243276,0.685305218575409,0.595104429451082,372.110660013692,121.817825926999,148.305655316676,0,-75.1471877958459,115.066140950055,59.1182893211012,293.763845539893,257.376119104214,201.169727318294,26.1237599884444,1.82208084719969,0,0,0,0,0.122235299230625,0.520908336449356,0.398673037218731,318.739065544578,124.9143394776,151.847148168237,0,1
pAF,7210,distributed_node_runs,637,-76.7304586923109,116.582093210113,60.7840350067592,301.326851395396,300.791890303983,213.923989946699,25.6141456030673,2.1660075893742,0,0,0,0,0.088224639901528,0.60413241898848,0.515907779086952,385.031368834818,111.876679197507,153.909693210445,0,-74.9117769084954,113.292469433309,59.1317086806307,278.410187825212,239.597388359365,175.673898059184,25.8986447864918,2.15398716069103,0,0,0,0,0.119525088887006,0.462337795237128,0.342812706350122,320.332856716173,115.432863450675,158.229075832378,0,1
pAF,7232,distributed_node_runs,638,-76.8030021204326,128.334046443299,55.9123241727697,397.191542916871,285.159734510074,213.828430188943,8.72971411604522,1.40744002766587,0,0,0,0,0.0903455075130975,0.626915356833696,0.536569849320598,396.754308352844,114.52308735824,162.544545971296,0,-75.7427270009913,125.549316203819,53.9571175393956,376.976107383939,231.124222484064,175.094813206117,7.64210303766231,1.41818900069484,0,0,0,0,0.126081402292041,0.487230984601958,0.361149582309917,321.470327189931,113.969085997982,162.554184932063,0,1
pAF,7254,distributed_node_runs,639,-75.9154788165062,98.6047585832386,53.3747935131583,192.021172016078,253.367732550709,189.614910074859,29.2123969163222,2.46131616999628,0,0,0,0,0.101823463979721,0.732602617459722,0.630779153480002,366.197968801287,101.416290991474,144.269099661934,0,-74.6884837328619,96.8397043589679,53.524955051292,182.749312232589,209.296837540776,164.061027642787,33.3979158012953,2.39272032420195,0,0,0,0,0.131441149166343,0.521062282451847,0.389621133285505,314.527801881351,110.112974836375,153.708322278735,0,1
pAF,7257,distributed_node_runs,640,-77.8824245694105,106.725399892415,57.0676621011635,239.833165382507,264.78636065661,192.504883300877,27.5538531535494,2.44603571400512,0,0,0,0,0.0925261899168201,0.617318360676666,0.524792170759846,363.233138015181,106.677554507631,144.484893825093,0,-76.4260735740291,105.741446198048,57.6118883877254,233.168770019481,215.200918064958,163.854525016177,31.6555737396229,2.35834814539703,0,0,0,0,0.112477982350413,0.427648783800502,0.315170801450089,316.379233387852,116.963654492632,157.793856610277,0,1
pAF,7263,distributed_node_runs,641,-71.3546470775379,107.907164364158,62.6090862912446,239.263851861133,283.88824889464,206.217813793432,47.1933366571757,3.58759864408785,0,0,0,0,0.110618788615537,0.785958200200125,0.675339411584587,385.368504138125,107.859866871629,155.867268371881,0,-70.5039038664325,102.570094745986,61.2107116788824,209.469559795841,233.797641730034,178.607597059803,50.0012829917323,3.73146992137117,0,0,0,0,0.151368555278141,0.595889937888233,0.444521382610092,318.364713813178,111.625615056309,155.25657497385,0,1
pAF,7291,distributed_node_runs,642,-79.4398049230561,128.992172965952,63.0280281552134,411.720874872652,209.409202395174,172.841658910555,17.3404732574418,1.58737420297257,0,0,0,0,0.0969015669446942,0.728391395185821,0.631489828241127,369.955522620752,112.932772990724,144.638164639301,0,-78.4397339697204,128.669081429121,61.9118592949617,407.115767732924,186.776017219956,157.84328152538,15.1318272862154,1.54748198201924,0,0,0,0,0.134383438454125,0.565182328638673,0.430798890184548,313.78595874962,118.107000666645,147.797666438195,0,1
pAF,7322,distributed_node_runs,643,-75.1473511494357,108.859172545877,56.8103403860812,249.10929699914,330.873635515549,237.52567270663,25.9894308461153,2.10942572299246,0,0,0,0,0.0923830107727962,0.658839305233727,0.56645629446093,386.168832386953,109.308687054232,157.001304080857,0,-73.2577497945972,103.423471316947,54.7519337276657,217.269584421798,266.746284616605,197.239452150556,28.0342446290852,2.17997878786991,0,0,0,0,0.12830273633108,0.5076535024612,0.37935076613012,320.088050027105,112.725547186248,159.029002338081,0,1
pAF,7327,distributed_node_runs,644,-79.0039271778582,115.242283008547,59.4296655464348,298.810584475644,257.092257482371,194.393860082018,25.3146240707356,1.69058122390561,0,0,0,0,0.0894192465919749,0.664834698511573,0.575415451919598,352.232928840102,111.563672933611,140.220952331751,0,-77.5266789765766,114.367911072966,58.352834335727,292.121481697752,222.351637285978,174.884263696418,23.896959068763,1.6314302048595,0,0,0,0,0.11726231146522,0.505395563343673,0.388133251878453,311.073235243497,120.937152076953,147.574297025062,0,1
pAF,7337,distributed_node_runs,645,-76.3021437231623,122.095510499449,54.8274787403897,344.202991147203,247.854465986238,188.649758519859,11.424926737498,1.638776552114,0,0,0,0,0.0943850109158468,0.637947464662001,0.543562453746154,388.209187798522,109.076196208967,156.572333176569,0,-75.2876746319669,120.248928755401,53.9492950327277,330.183210403202,206.801628957779,161.707949603431,10.84726138732,1.64073331597319,0,0,0,0,0.125638374058699,0.470124610416495,0.344486236357796,321.182193041004,113.571849763375,163.024190838907,0,1
pAF,7340,distributed_node_runs,646,-74.8250010873206,120.670052240739,55.4938405162315,337.710902204113,291.104464335673,199.605622790441,14.5062709780323,2.02711023414304,0,0,0,0,0.0945095909654683,0.623781083249928,0.52927149228446,374.64849517445,104.844452273013,149.08389395934,0,-72.9959212413297,116.049963771198,55.1564616868394,301.93276320759,222.328040337721,154.338189921309,16.303622626896,2.08269140943594,0,0,0,0,0.11630528997461,0.429079131198549,0.312773841223939,318.364336562834,112.260012203107,157.931519779247,0,1
pAF,7355,distributed_node_runs,647,-76.4323912399953,124.542117796355,59.5548642886287,373.032651172145,250.029914238527,177.972685121022,16.7539985708208,1.94584276546084,0,0,0,0,0.0970060333447133,0.677869921536596,0.580863888191883,359.822459638504,103.169902409922,141.284711290225,0,-74.9162643013631,122.673938798358,59.9243467665692,355.070360551969,198.577245575005,146.166885188362,18.1824084814434,1.93571356101529,0,0,0,0,0.120805999492065,0.477058821910844,0.356252822418778,311.71864393583,111.857398520082,149.870881062568,0,1
pAF,7362,distributed_node_runs,648,-79.1722987449034,128.117079246814,67.8652706139751,393.87459500748,281.30579758907,203.927046108307,39.8747719412277,1.81326726233965,0,0,0,0,0.083859997021838,0.634962355987765,0.551102358965927,383.09793184694,125.517069732996,145.333878412505,0,-77.5942341347894,126.066954265236,65.1873855501955,377.793214430975,228.542540446375,170.155871650906,27.9762362024485,1.76679397902626,0,0,0,0,0.121364904677658,0.519504368535284,0.398139463857625,314.939791863919,120.502451478078,144.608039238909,0,1
pAF,7363,distributed_node_runs,649,-78.5207834768972,128.826778758828,60.7237912845972,406.195567446515,253.517519778427,184.429967164797,13.8472332477249,1.58620570651692,0,0,0,0,0.0879655785226263,0.607986667995788,0.520021089473162,384.468023186455,113.530646020052,151.7128641266,0,-77.1045342924446,127.39738146696,59.0056429178763,392.806048284134,208.075467934101,157.099762360369,11.8868072303158,1.56680221426723,0,0,0,0,0.120874476861666,0.472798636319317,0.351924159457651,318.417473155248,116.091623674987,156.022507674035,0,1
pAF,7368,distributed_node_runs,650,-77.3696085120758,116.443551326838,61.8239312751715,310.075581478111,289.23100896104,216.436912371857,29.6182252642539,2.11226104710659,0,0,0,0,0.106090755211347,0.824988329971354,0.718897574760007,339.471979189497,103.826099112142,137.164668965861,0,-75.3318073920281,114.568578266169,61.6170567243419,292.644923368476,248.712308378388,192.224962085718,36.2517606385845,2.04404345028888,0,0,0,0,0.131827046230388,0.587970430335785,0.456143384105397,309.230293090393,118.907382128898,142.739635921026,0,1
pAF,7371,distributed_node_runs,651,-76.249643335529,109.855393077137,61.1158183524592,257.228659356475,297.321063156822,212.159649415655,42.855925214426,2.18772019266908,0,0,0,0,0.0797135398131015,0.550067197089168,0.470353657276066,370.5547689702,117.903171023427,145.374869307941,0,-74.6665452609529,106.568779837553,59.0701272539517,237.31205273528,238.338221876791,172.454150962654,38.9659405426682,2.17481657304597,0,0,0,0,0.105948272114854,0.423726259925457,0.317777987810603,314.5400231571,119.353347471057,149.139045784472,0,1
pAF,7391,distributed_node_runs,652,-78.3665916301455,123.800102999673,63.6107983100924,364.790944384702,280.050349089601,213.090272755602,26.1223920308548,1.74206648005929,0,0,0,0,0.0925126191644971,0.713760586508482,0.621247967343985,363.969347626808,118.191708315382,142.901600497108,0,-76.5894331106425,122.302148381422,61.7205745788024,350.128944520249,237.71427461362,186.613792836091,22.2738973107625,1.69077079552881,0,0,0,0,0.125296018214352,0.547339205041929,0.422043186827576,314.946202636525,123.81389774293,146.285267085695,0,1
pAF,7394,distributed_node_runs,653,-75.1420840417361,98.9056296958589,57.1508635723251,192.391023673422,286.094008981738,210.084562511198,40.0148062136359,3.01460286193469,0,0,0,0,0.105123659468245,0.772566956053368,0.667443296585124,371.702195307131,102.427479439,149.08099699026,0,-73.6205752086241,95.716918986679,56.4865648740415,176.020269450633,233.319038696969,179.509061300614,44.6666606551771,2.97326043259818,0,0,0,0,0.139772273762845,0.562054202294405,0.422281928531559,315.11710859439,110.427260027936,153.046115825582,0,1
pAF,7404,distributed_node_runs,654,-74.2047674903639,111.00652684491,61.8042928782038,264.715202607637,274.599558231123,193.416877567543,32.6950501814135,2.90620776604192,0,0,0,0,0.111326354484174,0.853850317026981,0.742523962542807,354.281911126825,99.0145296865521,139.569464679467,0,-72.3932710037986,106.220793937768,61.5138318523294,233.634278504885,218.356337558675,160.532578511014,39.7326092985641,2.96163995767711,0,0,0,0,0.145255929475985,0.618298596677994,0.473042667202009,307.587617142119,108.095154014078,140.913464920213,0,1
pAF,7422,distributed_node_runs,656,-74.2057815067991,100.289851732902,50.3977235014195,198.641562048356,233.292337342602,169.39932760084,20.9638762719551,2.66535127661336,0,0,0,0,0.0940786804547139,0.599488539539204,0.50540985908449,398.561660933214,107.204414720632,154.603259097404,0,-73.8498035322816,98.8954810939064,50.4563315594191,191.812686727764,188.193532648278,142.324308402396,22.1331512038778,2.66692559669173,0,0,0,0,0.121267453972652,0.420046333715144,0.298778879742492,324.875108508841,111.227429560931,164.265213700242,0,1
pAF,7428,distributed_node_runs,657,-78.669523044237,119.197886445743,60.5065703447216,323.704040501788,288.977221041219,216.52317820202,22.7879431040128,1.76205525342812,0,0,0,0,0.0811142797745746,0.565015766337663,0.483901486563088,380.209123737433,119.245447464615,153.664820859704,0,-77.028293312109,117.505814245524,58.6460251035829,311.195959007879,238.440837390281,182.679708092131,20.2515842200337,1.7174005020679,0,0,0,0,0.109418842170405,0.435637448755875,0.326218606585471,319.95891996277,122.188885645097,159.533778644245,0,1
pAF,7435,distributed_node_runs,658,-79.4732936216756,127.962348269631,68.6748207761926,400.034985334983,277.744518573149,197.866524765901,33.2564828458853,2.34295625178493,0,0,0,0,0.0771856347947211,0.518694893477159,0.441509258682438,367.431162707857,119.871364385523,143.348499987786,0,-77.7163079580318,126.859341176541,66.9963159283284,388.352722424041,226.985332759876,164.247175650988,30.3956451432787,2.25793245443128,0,0,0,0,0.100613959800727,0.401687136291431,0.301073176490704,313.679134925456,122.289355758399,148.949729321186,0,1
pAF,7458,distributed_node_runs,659,-72.6572034137833,111.851627548142,49.04396953701,271.359720662155,284.417877818792,197.199633158023,12.7286127277621,2.05868537152855,0,0,0,0,0.0957388856920693,0.599460596919339,0.50372171122727,387.226067015356,106.189360965305,152.783550331747,0,-71.3517983669389,106.721532542585,48.3783109274225,238.402514844371,213.038623420576,151.184552349816,14.4242853303222,2.15843559255518,0,0,0,0,0.116099262865884,0.399973374612113,0.283874111746229,323.552461374944,112.354563801335,165.344954779287,0,1
pAF,7473,distributed_node_runs,660,-77.4269117899383,125.657965257351,56.7013183610597,389.141584731409,295.78381471365,222.030731103659,11.2277580642913,1.40729585284862,0,0,0,0,0.0918197390269218,0.680273881019366,0.588454141992444,353.62562843255,110.297317007113,145.203689000892,0,-75.4486127404234,123.033866617262,55.572468770228,365.970823259245,251.296191840174,191.906285934729,10.3813695322788,1.4146055312558,0,0,0,0,0.116017460826356,0.493470881747947,0.377453420921591,314.300203784383,120.40437701976,153.172251079069,0,1
pAF,7488,distributed_node_runs,661,-79.2835118113501,114.650241643012,61.437505147653,292.043992557968,206.669321634879,162.752001524896,30.5489473621637,2.03545878083969,0,0,0,0,0.100049405748104,0.752202025422166,0.652152619674061,357.821434457124,104.726396194761,138.540320879005,0,-78.2295570841154,114.480413127256,61.2021547141211,290.34114453333,187.442655791419,156.017356190459,33.3605863776102,1.9389203166138,0,0,0,0,0.134665441442076,0.57196030331274,0.437294861870664,310.663963274324,114.426969611221,145.872510034654,0,1
pAF,7490,distributed_node_runs,662,-72.9454258943327,116.265823758111,51.7571425732211,301.897251355797,276.265231849509,203.65758234539,12.1744389689993,1.7188537416223,0,0,0,0,0.105279180398307,0.771187012581161,0.665907832182854,380.900841455848,101.382091589192,155.512283194056,0,-72.0682819618181,112.073320723503,51.2528109704019,273.632448324316,228.732859347434,172.670618382483,13.3219739264387,1.7714955284755,0,0,0,0,0.143924018717552,0.570552069097712,0.42662805038016,316.7007649603,106.484278932148,156.000459511444,0,1
pAF,7493,distributed_node_runs,663,-72.9906422674437,105.337985853716,57.2146111286408,228.466038793419,323.291120757211,233.418714889704,45.8615215093305,2.28537865472026,0,0,0,0,0.103239877631163,0.789547022606034,0.686307144974871,371.337007604903,110.034920395039,150.656595874394,0,-70.9752561809692,97.1739099732223,54.7742773816423,183.616783751173,262.339288552776,197.656990806969,51.2437425423632,2.48378399025023,0,0,0,0,0.140417180086985,0.586435444147125,0.44601826406014,315.82308281129,115.110700811183,149.847237517437,0,1
pAF,7498,distributed_node_runs,664,-75.9117859929182,94.0953976242228,54.5091800944051,168.588076757314,296.86010532167,220.567837249262,42.1467423361246,2.77885215815331,0,0,0,0,0.0944504814484026,0.677057399314741,0.582606917866338,365.048890487225,106.442346688578,147.344882587715,0,-74.3106805144455,91.2633539222973,53.6351515559918,155.415768966656,247.492599783833,190.794983819178,45.4785117457905,2.70663041445732,0,0,0,0,0.123642807651461,0.501405409431386,0.377762601779925,314.942593904772,114.398850490321,154.523449762846,0,1
pAF,7523,distributed_node_runs,665,-75.1866907501956,124.408574292852,64.5455805584533,359.028395551811,297.96161477542,199.959553725064,24.9977597514517,2.53718669198861,0,0,0,0,0.085322739815507,0.541048546183979,0.455725806368472,393.867751132748,116.149500468673,155.646895925018,0,-73.4474977017958,119.256861801467,62.3024494947451,319.901218275401,233.567805642797,162.903934321472,25.8356413693728,2.58673153238851,0,0,0,0,0.115433503184384,0.428397930940019,0.312964427755634,321.762850215899,117.086486018499,157.769225311063,0,1
pAF,7525,distributed_node_runs,666,-77.1822106668398,122.762531990876,68.4556491237293,345.43064316318,219.235318025094,174.428193854459,47.0400474006019,2.57510677839309,0,0,0,0,0.101095300595677,0.74610713682784,0.645011836232163,377.625460995907,114.195075672207,145.390970560191,0,-76.288235395681,121.301895449177,66.9834673870348,334.811543042842,192.236125536256,156.986107365436,43.049108318377,2.47165476694499,0,0,0,0,0.143181448996135,0.596639822839687,0.453458373843551,314.18820396129,115.759183514245,145.495113150745,0,1
pAF,7541,distributed_node_runs,667,-74.2640146774486,99.5981953975839,51.668637055039,197.496301872778,296.375012318531,215.755239718477,24.0795152257415,2.44820590313611,0,0,0,0,0.0978040713125922,0.663673868920268,0.565869797607675,375.181901671836,104.238989135643,151.396535884376,0,-72.703431517178,95.6121576491662,51.3625178047545,176.36605838581,236.001639907008,176.715284179809,28.1445813264436,2.52114555495791,0,0,0,0,0.121971293648533,0.454717831568864,0.332746537920331,319.411875375492,112.486837034394,160.333538981804,0,1
pAF,7560,distributed_node_runs,668,-77.060233403332,119.189746760832,52.8409203339732,326.917709928857,218.20974608128,160.82855136157,12.0275118775462,1.53617399484938,0,0,0,0,0.0936026509106431,0.651754618748108,0.558151967837465,370.336391372221,103.06428399351,143.412562794141,0,-76.0103622223405,118.237793872354,53.0962220005369,318.285707822123,182.427086998629,140.109814608291,11.6176859644547,1.51543980806309,0,0,0,0,0.121666123342077,0.472376552765919,0.350710429423843,314.923621103644,110.006543518044,154.758091606469,0,1
pAF,7572,distributed_node_runs,669,-74.6997493266955,101.464392716361,47.713857116376,207.246743137497,298.069133271325,235.082512511297,15.4979879979292,2.24158038153109,0,0,0,0,0.106312011812306,0.705656563905176,0.599344552092869,390.460159347196,104.926028057787,161.183123651205,0,-73.5958414223859,99.1708465942263,47.2247089807558,194.193115893386,244.889312849977,196.660588644609,16.4561585468582,2.26744305568354,0,0,0,0,0.128015018969115,0.445771850220822,0.317756831251707,327.746541233562,113.969677581088,173.68733821971,0,1
pAF,7592,distributed_node_runs,670,-79.2234856372734,126.567798374875,63.1062749924855,394.349149672085,229.885548982369,187.538948418471,20.1046475821277,1.86320435904781,0,0,0,0,0.103879910598974,0.784708083243261,0.680828172644287,359.809103050029,108.634142212213,144.455280623732,0,-77.9697086855562,126.893097777884,62.8978329130808,392.332407491778,210.488211832511,178.453069310443,19.2037488140886,1.7903079341304,0,0,0,0,0.137013882698947,0.577603448377672,0.440589565678724,315.276591930455,120.305502029176,153.323836433582,0,1
pAF,7597,distributed_node_runs,671,-77.1447597259547,123.799833086102,63.1636564994605,356.981525816487,223.328981765117,170.848287722532,23.5897579432931,2.08108464997349,0,0,0,0,0.088238334786223,0.585239574306926,0.497001239520703,384.673991116782,115.383156902863,150.976126412826,0,-76.1507091417255,122.424291706494,61.9699473823655,345.695765550324,188.594338762628,149.770951519546,22.4181930811319,2.04187342752994,0,0,0,0,0.11882245335098,0.450361810195646,0.331539356844666,319.995285053596,118.535203525273,155.555511438895,0,1
pAF,7600,distributed_node_runs,672,-79.9060613606431,119.758920707889,61.9827331084844,326.946722759426,214.29138531856,166.402907720701,25.9184398052239,1.83017422741977,0,0,0,0,0.078196783258605,0.521495515912141,0.443298732653536,376.269493168445,118.02422178386,147.192260494661,0,-78.9360991170776,119.110431862917,60.972759438135,322.793186443751,180.34553950496,145.746663954389,24.2362507814687,1.78141162835163,0,0,0,0,0.10390193568559,0.401063715419115,0.297161779733525,317.628521710125,120.913888289764,154.889609352771,0,1
pAF,7608,distributed_node_runs,673,-78.3178147811278,94.1293006313817,58.8011056905484,166.093043469654,248.478301321935,187.087551292316,47.0175829491345,4.5733577269275,0,0,0,0,0.0907627567983535,0.597383023877523,0.50662026707917,368.576612569886,109.803821761772,146.57696929168,0,-77.2032236423657,93.3985326201978,59.3033871882019,163.584417287728,205.350676007183,164.872897247868,50.314014954085,4.13664009884451,0,0,0,0,0.112114319618636,0.42194903583742,0.309834716218784,317.581996331661,118.665445390659,159.67993034898,0,1
pAF,7613,distributed_node_runs,674,-75.032328906105,119.720301292138,50.8902378653687,334.04513958139,256.349290865903,188.032272505785,9.82144927585614,1.70735865535244,0,0,0,0,0.101719043890121,0.691850892163468,0.590131848273347,367.475371804787,102.36129132213,146.577119924013,0,-73.6305064636179,117.107534370544,51.3565253997903,312.673276319412,205.031276168378,154.951505445079,10.2735494949411,1.72765520710163,0,0,0,0,0.121795178151805,0.451838194721175,0.33004301656937,318.841527021046,112.669830732881,160.240905930664,0,1
pAF,7623,distributed_node_runs,675,-72.7766171793093,109.918823830103,48.8538313757026,261.358686246873,285.713053369916,198.256987103312,12.6195279035528,1.60132875895215,0,0,0,0,0.0948339443687375,0.671993168161052,0.577159223792314,368.638752059342,100.961657410473,146.963296044427,0,-71.2594104970943,103.793355763067,48.2138493753233,223.556871348795,224.859401701593,157.771218736907,14.8251458220911,1.70478940813337,0,0,0,0,0.123448063115039,0.485562941565602,0.362114878450563,312.76930612115,107.3690779676,151.861854851419,0,1
pAF,7641,distributed_node_runs,676,-76.547011692935,124.626070440811,59.6767488061758,365.742327791473,272.616391364179,202.261598893267,15.036957334225,1.59692848128907,0,0,0,0,0.0916111391786852,0.677172914479078,0.585561775300393,380.393274425165,114.903044484119,151.508770660694,0,-75.1430766081358,121.611919619714,57.5744573111785,343.19468192041,224.25316341803,170.081741167076,13.732606183672,1.59963793286806,0,0,0,0,0.128079834217699,0.527327815758538,0.399247981540838,316.796245992857,116.16817414965,152.021141898051,0,1
pAF,7644,distributed_node_runs,677,-74.2117885184443,118.983195620503,52.6396996663565,335.653356558404,338.98122642743,242.131725490333,11.7275806703328,1.55982622141892,0,0,0,0,0.107922175614528,0.829112048444877,0.721189872830349,350.464970608053,96.8356753979606,145.323317496096,0,-71.2692899653799,109.069222167139,51.6816256731062,261.454734430892,278.958927869393,201.447777899532,15.5879917431666,1.71127268638156,0,0,0,0,0.13414698887643,0.569678855794279,0.435531866917848,310.697227565899,108.24632785402,148.587788178657,0,1
pAF,7651,distributed_node_runs,678,-78.88110009987,112.675474913831,57.2632535580838,277.308073433657,261.438005958225,203.523335167236,22.824357095873,1.85432722723635,0,0,0,0,0.095561365982398,0.693703533978808,0.59814216799641,372.170240619242,109.556037304195,151.596385412511,0,-77.4649234606327,111.839532167238,56.3212900144834,271.549771626151,226.162556116848,183.66317636643,21.5552253001042,1.7926245397357,0,0,0,0,0.127243650999375,0.514651548002951,0.387407897003576,318.239461020235,117.95756752494,160.114163805898,0,1
pAF,7672,distributed_node_runs,679,-76.2352182853736,104.555738961121,51.8767588751718,227.034948347537,263.348159762507,200.409084771338,19.8520731948811,2.18479064580606,0,0,0,0,0.100490257083661,0.684708584550846,0.584218327467185,367.79719954059,104.127472815511,148.501590338852,0,-74.9199402106089,103.091925765416,52.3554505018866,217.442071353275,218.222154081112,173.290214691213,22.2601800019947,2.14479351211776,0,0,0,0,0.121361301816774,0.453868759004838,0.332507457188064,320.109245543677,115.373611327075,163.547738734647,0,1
pAF,7674,distributed_node_runs,680,-73.4457378338313,112.957959524998,41.9824245843907,282.734147666374,298.519838258137,206.087877169761,6.79181252202397,1.55755746597424,0,0,0,0,0.0963126132703421,0.619036501436506,0.522723888166164,386.904164665139,103.346022647987,151.714537065317,0,-71.9311821612685,107.88490894902,40.943190962271,249.065133337085,222.69299850383,153.025437194905,7.33937677101494,1.62524888672488,0,0,0,0,0.11503400552762,0.395793815682846,0.280759810155225,325.121773548974,111.205966006084,166.917706979404,0,1
pAF,7696,distributed_node_runs,681,-71.4958459452888,108.543353652248,61.4364222666009,247.887122752152,342.569082032547,228.284944136372,36.9785326879573,2.97012289270788,0,0,0,0,0.0859664898692727,0.591990826066863,0.506024336197591,368.525641712724,110.272585665007,143.470744119336,0,-69.2845613271211,96.279543820247,58.847375832418,179.326479859375,270.836620489226,183.641553983445,43.4342362207535,3.68661637801051,0,0,0,0,0.115156360676366,0.4599350424816,0.344778681805234,311.829077742237,112.074213085431,143.579648364075,0,1
pAF,7708,distributed_node_runs,682,-71.3246684610049,111.860890902251,49.3717149403917,280.218250351057,338.391268092986,235.791392256127,12.2410934796862,1.7805340546256,0,0,0,0,0.0997473043210823,0.698431184061748,0.598683879740666,365.25282118078,100.298639078013,148.858297792638,0,-68.9038144976813,99.4857332330931,48.0973577154441,200.113240872718,263.897718569096,184.642164712408,17.9880916654474,2.06203373771132,0,0,0,0,0.122993236309234,0.472955688117122,0.349962451807889,314.820365051932,108.956524299963,154.00304746894,0,1
pAF,7709,distributed_node_runs,683,-76.6392158135866,123.701142367167,57.9367835431605,360.210302385484,310.202317226569,242.767746156773,12.8074206675665,1.72085525238072,0,0,0,0,0.0960063902724289,0.693479948270512,0.597473557998083,384.964734287838,118.049340141639,160.131271235632,0,-74.8548991079484,120.521105847666,55.8793774887459,334.120090930744,257.888142752243,205.769506363489,11.802285190588,1.72747819315191,0,0,0,0,0.126682544107402,0.500020065570226,0.373337521462825,325.249082314564,123.619131524625,166.22772024947,0,1
pAF,7719,distributed_node_runs,684,-74.5555389788974,100.146750609732,56.6148778954241,199.404747019968,318.679521644837,231.828011315993,46.1846719328096,2.58105293154222,0,0,0,0,0.0845817062307597,0.562341854803544,0.477760148572784,385.279195358176,116.650613051068,156.650124642912,0,-73.0049967304235,95.6703070879914,54.6020536917125,176.436111465415,252.680183237677,188.377775751273,43.1033585769219,2.65817887029334,0,0,0,0,0.111113536154227,0.416295809750198,0.305182273595971,321.963057765366,119.979957832613,160.754177542614,0,1
pAF,7730,distributed_node_runs,685,-71.1111611687895,99.9293118951292,41.2834113945256,200.662111793062,326.350759342247,224.096369591898,10.8640902629704,1.8820381126643,0,0,0,0,0.0987582568997123,0.648514287867797,0.549756030968085,377.260726666143,100.655668822052,146.361709530668,0,-69.3297592937969,91.3459419898954,40.2116466749267,156.337353866774,244.21466675547,166.532690435259,13.8084913423445,2.13139131190837,0,0,0,0,0.117815124971561,0.413834656298124,0.296019531326563,320.592569318414,109.055402153317,161.280569327987,0,1
pAF,7740,distributed_node_runs,686,-77.0510586073935,102.79648054569,52.8079573315609,215.911517940153,224.068637314405,167.038765453901,23.0659731418127,2.08485904791451,0,0,0,0,0.0954124209876361,0.66634548593179,0.570933064944153,366.099049196251,102.556633623157,142.103453602321,0,-76.0211889447401,101.846030640051,53.3241146654877,210.50023493695,185.20407861553,145.579314870491,25.6094595286959,2.02213816423682,0,0,0,0,0.122178900104696,0.476753414595777,0.354574514491081,314.067307930225,110.481638724086,153.528436100102,0,1
pAF,7742,distributed_node_runs,687,-78.944209164553,119.828595430599,64.6416532580413,326.670938930905,246.846835344324,174.36495875565,33.3347960113533,1.91230999515392,0,0,0,0,0.0747094444705183,0.516245144556761,0.441535700086242,372.184098751924,116.285006062208,142.416826203423,0,-77.7439359663207,118.318239682237,62.8214264065016,316.911626056613,200.891880098159,145.959521962493,29.8537825019048,1.86649010042674,0,0,0,0,0.10295820489953,0.416386656952389,0.31342845205286,311.576544934647,115.790100058854,147.806719991558,0,1
pAF,7749,distributed_node_runs,688,-70.3660020558696,97.273468374157,45.2270126514289,183.91233431266,316.227687799015,225.728680798122,15.5430885630994,2.00245603566873,0,0,0,0,0.107019525551601,0.792144306188901,0.6851247806373,378.935178051928,98.8370782572892,150.57182140271,0,-69.3672945461446,90.8403443801171,44.722588033333,152.66896186011,251.865601999139,184.504230740531,19.4004757041221,2.20843776074616,0,0,0,0,0.143522433233173,0.563330958933169,0.419808525699996,316.697832136164,104.766406840172,154.986380219092,0,1
pAF,7757,distributed_node_runs,689,-74.2832502288337,114.746869362691,55.7073066946097,289.618321849234,286.017987276369,210.930979177698,17.4400259332033,1.91870065073454,0,0,0,0,0.105539325396053,0.783412695093304,0.677873369697251,374.070984510945,103.119087597814,152.411364318407,0,-72.69862233326,109.919979303847,54.5142260323649,257.538676863817,240.511395192978,183.449930725084,19.6096894482907,1.97339172144348,0,0,0,0,0.142637714639425,0.578322336935379,0.435684622295955,315.863036262985,109.893807316377,155.123876384868,0,1
pAF,7758,distributed_node_runs,690,-78.7592079632255,122.237892327292,60.5488778701985,351.641820761894,219.651739869674,168.414035170012,19.2753330839478,1.74298462301522,0,0,0,0,0.090608070086036,0.639736060892411,0.549127990806375,366.646189243867,110.123810903147,143.551241074017,0,-77.5949932898507,121.749850884616,59.8397599833193,346.118657447182,190.916402233986,153.408250113949,18.0028384509642,1.69820468456237,0,0,0,0,0.120277460752667,0.483556410327074,0.363278949574406,314.930248231391,117.7698733652,151.329785237415,0,1
pAF,7775,distributed_node_runs,691,-76.3532233726151,95.3174650503413,54.0723121071079,174.763416061608,307.039047234328,227.114312802754,34.7902055826708,3.0345892127807,0,0,0,0,0.0934853456590078,0.630518433562722,0.537033087903714,368.381013987811,106.67079386671,150.071199712964,0,-74.6613205391324,92.8162249298693,53.9808013021269,162.592310335391,249.321922280273,190.346323635211,38.2548202305334,2.96664467610026,0,0,0,0,0.115263226993038,0.438999705634538,0.3237364786415,318.446033451753,116.051663741833,161.571900185659,0,1
pAF,7787,distributed_node_runs,692,-75.7059093749976,124.060279876084,59.097756416606,358.62476221093,248.423295820015,180.386846285495,15.0453911135119,1.67604563706118,0,0,0,0,0.102371444527557,0.77596250298543,0.673591058457874,377.224647907438,105.572845070485,149.054900021803,0,-74.7157950094066,121.21911439973,57.5453518391602,338.43681309949,208.884792643898,156.370984044963,14.4349634185273,1.68600877778954,0,0,0,0,0.146183678451808,0.61268886347492,0.466505185023112,312.330899961467,107.628730475091,148.197000447109,0,1
pAF,7792,distributed_node_runs,693,-78.2038863419714,103.427556352252,62.4026528710043,213.450697843353,223.453006471238,172.315584448457,46.0175444654597,3.48786023952562,0,0,0,0,0.093796572639327,0.635151353480387,0.54135478084106,389.794196411029,109.861510991374,152.076498654631,0,-77.4236659965689,102.486972478214,61.8431230408892,209.351238885211,191.076994622323,153.723943175071,46.5601745501699,3.27211522902871,0,0,0,0,0.127395279675113,0.478067220296908,0.350671940621795,320.716396943022,113.744784531991,158.400805174185,0,1
pAF,7815,distributed_node_runs,694,-79.0304290148779,110.293664101569,59.5924509037359,260.498279524784,225.830114532677,178.351357271604,35.5186394658522,2.01503553921066,0,0,0,0,0.0867976876324768,0.608944055724495,0.522146368092018,368.749989393305,114.642398832781,145.525806723517,0,-77.9821847926243,109.614569986547,58.6273682234072,256.730689285047,196.684391951425,162.454459541055,34.5651370898631,1.93638660934812,0,0,0,0,0.115376999596865,0.462286841516325,0.34690984191946,316.214743715878,121.663487093098,153.321906140183,0,1
pAF,7823,distributed_node_runs,695,-70.4058470507984,110.028394169345,51.5164710927851,260.725675195273,328.586584524521,222.359724697148,16.1453119477083,2.36258799834468,0,0,0,0,0.100350962624377,0.660019286520051,0.559668323895674,382.946517398821,104.084195310985,153.390265226207,0,-68.5379921687271,99.1565857528342,50.237882010321,194.862008540202,243.838863495861,170.347994879048,21.7839911039009,2.71910679458961,0,0,0,0,0.124778995956599,0.44999293098109,0.32521393502449,320.565500804434,110.845191720164,159.823383316819,0,1
pAF,7827,distributed_node_runs,696,-79.5211108533625,101.061823662054,59.9758770158118,199.100662552123,216.943905311957,163.492937529038,42.2713794604424,2.81465514990123,0,0,0,0,0.0946800656826725,0.696052925424419,0.601372859741747,379.637636422362,105.00995821668,144.227786979472,0,-78.697733296714,100.001173445555,59.244332132944,195.46197252876,185.271546802102,146.324467159095,42.6724938617226,2.62920778652915,0,0,0,0,0.134494521040329,0.548295261645029,0.4138007406047,313.135017409288,107.872832457735,148.653352361137,0,1
pAF,7847,distributed_node_runs,697,-73.0862441219941,99.3913200811855,54.841188665188,195.252638782572,234.721261766368,173.493647655087,30.277724313717,3.14946410790435,0,0,0,0,0.113162831426085,0.805847103866658,0.692684272440573,369.219594710186,98.7915773814821,143.739403840639,0,-72.1333006816578,96.8932169003516,55.5052881064451,181.837211214903,187.622985183938,147.914128483935,36.0603490092726,3.14463634473213,0,0,0,0,0.141196808872647,0.537231625338131,0.396034816465484,316.444699313517,108.04394429821,152.623230743378,0,1
pAF,7884,distributed_node_runs,698,-79.4323422617921,114.444936549125,62.3527718721188,290.196435444196,207.405158231144,162.679271793837,34.1127192452332,2.24802362013725,0,0,0,0,0.100056376915871,0.728781841630066,0.628725464714195,359.972850925777,106.242361066928,139.318540544555,0,-78.3737624418851,114.507647987039,62.4120818578717,289.654870384508,183.562136305671,153.196981905803,39.6001303562625,2.13228028053345,0,0,0,0,0.130446252972773,0.535293773785494,0.404847520812721,313.211381925263,117.28218220899,147.575242051317,0,1
pAF,7891,distributed_node_runs,699,-75.014935962425,119.380914134817,57.5393444310912,318.89960797028,249.741985473389,185.996285695473,17.6543408790531,2.27731075127667,0,0,0,0,0.11510795225006,0.814626957202591,0.699519004952531,382.940831583772,100.866194081129,150.915543688693,0,-74.2795253313974,117.47023180324,57.7045440788379,305.207156957974,213.167172082205,163.914417681939,19.0031927179662,2.27576869265249,0,0,0,0,0.151760356283938,0.581753420379617,0.429993064095678,318.355866288046,106.232180927629,156.530141506666,0,1
pAF,7892,distributed_node_runs,700,-73.405189985304,119.916932391601,49.2629805774003,335.177105682713,260.579237659113,187.600072477915,8.66384471148194,1.76967047126527,0,0,0,0,0.103649553453267,0.663357460044404,0.559707906591137,387.431878795745,105.116111257943,155.202507347467,0,-72.3146077849307,116.60859028112,48.8728713841264,309.15996648441,200.588569490243,149.797649010372,9.03969470561788,1.80850097424263,0,0,0,0,0.125111060230731,0.435972397252996,0.310861337022265,323.564501028508,112.361759926382,165.403415150775,0,1
pAF,7895,distributed_node_runs,701,-77.8310941798682,113.913473351077,56.2728937951122,283.097028021364,259.393772499512,212.542726249689,18.8786228539902,1.84430733690533,0,0,0,0,0.0972911256599384,0.698308353838307,0.601017228178368,385.975269604038,110.945381486767,159.563213096083,0,-76.791149377612,112.751068890185,55.0464283308282,275.533855182183,226.116123875723,188.638830206375,17.4831149637357,1.8079418161833,0,0,0,0,0.132657957759156,0.519118741675261,0.386460783916105,321.893983648089,116.28346161803,165.5431998264,0,1
pAF,7915,distributed_node_runs,702,-77.5035048442529,117.406949748327,62.5105509608437,311.515651390947,336.030374319322,240.031471685143,38.5080250423125,1.89604929658526,0,0,0,0,0.0911655291564995,0.700735012095464,0.609569482938965,367.550558646813,116.274254278076,144.641041726701,0,-74.9299899469233,113.185711408107,59.5524507421076,280.751861761784,272.636452303501,198.818976816772,33.2263715335139,1.88030557979437,0,0,0,0,0.124392071765949,0.539261727743057,0.414869655977109,314.741237929538,119.764639485937,145.316457118215,0,1
pAF,7917,distributed_node_runs,703,-74.0817900954767,124.971153648997,62.9328567906904,362.8110517723,300.65984271856,216.217562177342,21.4898578719149,2.52853444321954,0,0,0,0,0.0966236222752167,0.584487900509242,0.487864278234025,407.120179345722,118.042970670664,167.537891381758,0,-72.7724923071557,119.840936789486,60.8734731468319,323.430545944876,243.647420885532,182.334419383835,22.6405555360616,2.59675285900448,0,0,0,0,0.128622048855304,0.457027733070668,0.328405684215364,326.603298630747,117.852283915945,167.345879610193,0,1
pAF,7940,distributed_node_runs,704,-71.1103199766798,87.8001762777537,44.513894998485,138.622262069579,295.283943341259,218.047702192322,21.6879218818285,2.78576354706456,0,0,0,0,0.114465506146777,0.832498713725463,0.718033207578686,377.23560699822,97.090805029613,146.65986238148,0,-70.199979288649,83.7425393903706,44.5824004390335,121.686415621702,234.647386476863,178.752684075505,25.9871619704609,2.9859509678754,0,0,0,0,0.144844269085977,0.544966264915547,0.400121995829571,318.834420381747,105.277717406938,157.339720896257,0,1
pAF,7946,distributed_node_runs,705,-77.8336039239808,108.984179670956,60.1584584152761,251.526771086256,285.364392123993,203.138692581291,34.8062112503903,2.25294515227142,0,0,0,0,0.0829892615207328,0.5647233725157,0.481734110994967,373.33237333587,112.69373848752,147.763818425909,0,-76.2041331346232,106.972475301481,58.835483505207,239.621008490822,229.135457545119,168.528347776275,34.5880446207448,2.18570532228841,0,0,0,0,0.1094433520964,0.428933597267221,0.319490245170821,316.563066195253,117.369061142039,154.023980725273,0,1
pAF,7955,distributed_node_runs,706,-71.5620419119825,109.198615825097,56.3143188367535,255.032888365171,334.494474677573,235.600013679774,23.9683991112688,2.47133423798368,0,0,0,0,0.112221927381129,0.842904412407135,0.730682485026006,356.405679056472,98.2762463068429,144.675265097956,0,-68.8812199685845,96.1523517377,55.0614533774368,178.716977329739,265.581894004801,192.031617304616,38.3652325774383,3.01196573796187,0,0,0,0,0.141154217146353,0.577971103598661,0.436816886452307,312.630120956364,109.561747211857,148.147998455092,0,1
pAF,7958,distributed_node_runs,707,-75.395286079626,109.68696697449,51.0730842298099,255.369843139065,241.457388934199,171.417225442732,15.2881992458642,1.7962624566062,0,0,0,0,0.0881154006463647,0.586468406318867,0.498353005672502,386.162038985982,106.896977775097,151.625544506023,0,-74.5403976826657,107.654916900902,50.6510000517549,243.219058653456,190.776967749502,140.601825903472,15.6845259755282,1.80000688472865,0,0,0,0,0.116628116965963,0.430425905483366,0.313797788517402,319.117117956041,110.629067731006,159.183995778816,0,1
pAF,7959,distributed_node_runs,708,-75.0099412036556,106.325475824559,59.9450181079977,232.417115671521,254.590608617116,187.182787240308,34.7761875115102,3.14686758669268,0,0,0,0,0.0957453601467431,0.635701786717328,0.539956426570585,390.689511472687,108.962633169533,156.294289712583,0,-74.0676267196925,103.929177943604,59.2607763086223,219.016055766868,212.035011357264,162.485607338807,36.716732439756,3.10799323352694,0,0,0,0,0.127857471083276,0.471684817129656,0.34382734604638,322.042154124323,113.435448027391,160.427486175846,0,1
pAF,7960,distributed_node_runs,709,-76.3589527190147,118.34298444851,62.9146530817054,316.066501678896,252.050106157207,184.019782148658,26.9318866531903,2.67785178016493,0,0,0,0,0.0965789776393157,0.655436136277292,0.558857158637976,375.112111644077,107.805831515601,147.888145955497,0,-74.9707602596002,116.437743738531,62.6121179784801,300.531616786701,205.621466553206,156.819408656513,29.1250991758861,2.63529770886089,0,0,0,0,0.124763997206355,0.477429774643353,0.352665777436999,317.229132063647,114.733198673253,155.075524817218,0,1
pAF,7966,distributed_node_runs,710,-76.9286565119709,107.923933246509,54.4565963454133,248.923142318876,256.438275735294,188.174528119911,21.5817843335753,2.02387005127821,0,0,0,0,0.0949468195580405,0.648694890896169,0.553748071338129,356.723068041443,104.462566265596,142.526408509701,0,-75.5448012632001,106.654908268211,54.945308030093,239.772743708189,207.298282718933,158.947644070995,24.5884889762492,1.97648904592279,0,0,0,0,0.115260832476185,0.447179193679833,0.331918361203647,313.94906237915,115.599758220989,153.955116140954,0,1
pAF,7967,distributed_node_runs,711,-74.3924846983964,110.601145108716,57.1226378670018,259.466243086047,286.395380416885,202.677127439019,23.7731935509364,2.43532405031146,0,0,0,0,0.0844722625970166,0.534795207373894,0.450322944776878,391.26365581352,112.475891838723,158.00105057515,0,-73.1373041953837,106.639323422809,55.9124077119479,235.446393624945,224.970537618854,163.693373286656,25.2086032991501,2.48747063901101,0,0,0,0,0.110938157519073,0.399099436773436,0.288161279254363,322.470093484157,115.610766377762,163.082704386796,0,1
pAF,7969,distributed_node_runs,712,-78.7527693186829,124.23481613804,62.1533178083703,373.857761622251,261.242631138324,188.656002397234,20.559217754213,1.81029192602728,0,0,0,0,0.0888870022221398,0.625094968046023,0.536207965823883,345.960553760458,108.829455666804,137.133906063635,0,-77.0859509380369,123.66070991445,61.9816289561359,364.721720419689,215.488153019003,159.487299422774,20.8025330052333,1.75880620263342,0,0,0,0,0.109257861531408,0.452861111224644,0.343603249693235,308.602631273759,119.243266810008,143.557142502845,0,1
pAF,7973,distributed_node_runs,713,-77.6013023822597,117.819003544798,55.8587734292558,321.105596821383,272.207064266491,199.267656092547,15.4166522927117,1.64662259750185,0,0,0,0,0.0943142160771757,0.670203272629359,0.575889056552183,348.748097440504,104.568967412473,141.528773136227,0,-75.918453941858,116.553546790645,55.9660114732375,308.380134611319,225.143981458732,169.435347042268,15.6837063632993,1.61670983933436,0,0,0,0,0.115342679047746,0.472957579649114,0.357614900601367,310.670937533501,116.576237342295,150.201269727347,0,1
pAF,7983,distributed_node_runs,714,-72.3693248509999,114.844625836159,45.3841683527764,300.495818457632,330.199235874774,227.572063331158,7.96052464957029,1.59885232499801,0,0,0,0,0.0970639204020581,0.647888824375157,0.550824903973099,383.936985406515,103.043576653981,154.094664214076,0,-70.4181024204888,106.249389753538,43.975684785141,240.941813239125,247.965191464551,171.076834783475,9.66736117091205,1.73303762637079,0,0,0,0,0.120038330657978,0.43238125838858,0.312342927730602,322.700426720829,110.257282749964,162.916067094504,0,1
pAF,7994,distributed_node_runs,715,-76.9137172679978,117.894532388536,57.8419177180483,316.920928553556,258.876591746972,189.269503466814,18.9768317841445,2.2560748432079,0,0,0,0,0.09045738055106,0.584785666908241,0.494328286357181,364.542826988123,107.852030127906,147.174504439964,0,-75.5282964224643,116.705378128662,58.3737807292698,305.335544249545,205.315604344058,154.381866183168,20.5557744756588,2.22347392220763,0,0,0,0,0.107071554298855,0.394082425718618,0.287010871419763,317.595119998186,117.145967862816,160.047795004522,0,1
pAF,8000,distributed_node_runs,716,-73.8979130756156,116.825650904525,44.5487507076148,307.477239911762,234.942766425105,168.30917336329,7.12093934229779,1.54385004325741,0,0,0,0,0.0977000179804641,0.636662205952025,0.538962187971561,391.654533972913,104.623188984908,152.346165266366,0,-73.2576466675033,114.611197778388,44.2962699240927,292.412378676138,184.985326803468,135.844187668892,7.12739322298876,1.5653632497997,0,0,0,0,0.123442779673682,0.433101513016667,0.309658733342984,323.262025037675,109.483332352665,163.267987904414,0,1
pAF,8007,distributed_node_runs,717,-75.1888649949656,123.220569062392,56.0491864769743,361.808892641423,283.620932324986,187.313990372873,13.3820491623337,1.78510021411057,0,0,0,0,0.0884148625013108,0.588367956115396,0.499953093614085,365.954339462492,104.291527304413,144.288785700089,0,-73.317728950826,118.601358006155,55.5029137372349,325.042872583055,215.038137454714,142.24293679378,14.7086147566806,1.83360513413936,0,0,0,0,0.110453541277325,0.420427325010444,0.309973783733119,313.156325202599,110.515781557304,151.128238267716,0,1
pAF,8031,distributed_node_runs,718,-74.9788088865768,105.411328601962,56.7719752071599,228.87639298023,298.404918815701,212.010259247909,31.3899014421986,2.41017792549246,0,0,0,0,0.0844396012365301,0.547065860217146,0.462626258980616,387.222963812645,113.632712410406,155.469879478292,0,-73.5322196788747,101.61536999568,55.1276326794144,207.518129951386,233.495591518338,171.389621755443,31.9079243286833,2.45000199406422,0,0,0,0,0.110478380712907,0.404320791538209,0.293842410825301,322.154293759126,117.631292637907,161.847980101939,0,1
pAF,8033,distributed_node_runs,719,-70.2640698065601,92.458562395328,56.5670669522205,158.604900171982,275.83554362868,206.487661589716,46.377450164844,4.59476837194234,0,0,0,0,0.113308229753143,0.816738209390257,0.703429979637114,377.833505639304,101.328227297519,152.300746508395,0,-69.5508183350964,88.0903528628717,56.0507813680865,139.298331944442,231.210584699591,180.166400000835,51.4230053290084,4.87423927665441,0,0,0,0,0.150360356836429,0.584546897469533,0.434186540633105,317.262287721751,108.256092550357,155.815980325788,0,1
pAF,8043,distributed_node_runs,720,-75.6694308282719,124.767842764925,61.8479583408437,373.565710439153,318.070756386922,229.596119967406,19.1251677936161,1.80256966550951,0,0,0,0,0.0994934252570624,0.774161335399845,0.674667910142782,365.069356271379,114.178420492048,144.652461906284,0,-73.1875260631516,118.402279866458,59.1247912603594,322.26336112338,263.195821905749,195.133987840978,20.3564749608668,1.85851116963386,0,0,0,0,0.13468327562082,0.583984289774,0.44930101415318,315.075080084047,120.127591164281,145.804525891033,0,1
pAF,8044,distributed_node_runs,721,-72.3543254874495,91.8903072013048,54.5259299290544,156.830774267591,264.426443026488,189.691649144785,35.5304882541532,4.46843683822226,0,0,0,0,0.107024504798674,0.733660319643052,0.626635814844378,377.985223548043,101.43795256289,147.657410341724,0,-71.3084382504127,88.411913766712,54.6738219691619,141.103018314993,204.834029978312,155.589209766498,39.8492230036718,4.63376976186191,0,0,0,0,0.134441285958327,0.496391540158977,0.36195025420065,318.638453791376,108.875465067445,155.779958824547,0,1
pAF,8047,distributed_node_runs,722,-75.715084699203,113.797364480061,50.26894564236,287.434831276884,291.344928243496,217.462920349353,11.1532425780752,1.75195596029516,0,0,0,0,0.097234049597016,0.650665365228474,0.553431315631458,372.487588384356,106.368828407554,153.240138938849,0,-74.145521352554,111.284056458056,50.0099990036369,268.166239035644,228.194844148249,174.068945430325,11.6284316123238,1.76374375869636,0,0,0,0,0.115140594149244,0.42043639538032,0.305295801231076,322.144584737754,116.592514095279,167.031218016095,0,1
pAF,8048,distributed_node_runs,723,-74.5451584795913,115.086319020125,48.0944297501949,300.930640830199,301.925940478992,213.495170926108,10.2769193561107,1.69164466389338,0,0,0,0,0.0998836022570334,0.66958248530561,0.569698883048577,351.944641984126,98.6420483044421,142.057745501043,0,-72.6231697139639,110.327042096247,48.7380620898121,266.204345029178,231.239819182698,159.533628347584,12.2377054769713,1.76343160326724,0,0,0,0,0.11150615330715,0.415133762073578,0.303627608766428,313.012442205792,109.658126876056,155.334443461265,0,1
pAF,8050,distributed_node_runs,724,-73.7365598840828,107.659996189409,56.7081265931334,241.898975733669,327.956983444354,239.124317619935,28.2830419996098,2.43608395856427,0,0,0,0,0.106763203128787,0.774651042588332,0.667887839459545,379.53046729324,104.767615437908,157.571635557032,0,-71.692684943775,100.60970528857,54.9622529688278,200.993567091428,265.410572529767,201.506163828413,35.5831110575018,2.59300657766653,0,0,0,0,0.141291731383655,0.555104919566962,0.413813188183306,320.271690299352,112.578856012067,159.337875619775,0,1
pAF,8075,distributed_node_runs,725,-76.8707889064267,118.419548190326,59.0945247566729,315.235368049756,220.113474021629,178.484632266838,20.2009938110132,1.9267954093084,0,0,0,0,0.102072955708382,0.735934089856636,0.633861134148255,378.783688931333,107.991950770906,150.736462149346,0,-76.0317278183713,117.340149610803,58.182577492143,307.144649582131,194.075399464913,161.596937889695,19.26258663517,1.8927151133903,0,0,0,0,0.139007075555221,0.55115757912879,0.412150503573568,317.042361942466,113.656304706088,155.505404160417,0,1
pAF,8077,distributed_node_runs,726,-75.2153566285131,113.690502500032,58.8018408048851,283.406174186454,295.571034013374,202.997104250884,24.1212738050599,2.10542862006696,0,0,0,0,0.0826867088734386,0.551247734659086,0.468561025785647,366.876326889091,108.921219758813,144.644333279009,0,-73.4906764592058,109.345824598355,57.5843624826256,254.47808941046,230.182695822237,158.431742186829,26.3878638529568,2.14813217920891,0,0,0,0,0.106145333150404,0.411441397638956,0.305296064488552,312.208564361135,112.962218705066,150.278240077963,0,1
pAF,8078,distributed_node_runs,727,-76.8335439603736,119.078491341234,59.4827895160154,323.374024259209,293.064602273531,220.605345584823,20.3558040232674,1.88038034116471,0,0,0,0,0.0925995952363677,0.658088841361422,0.565489246125054,375.165956905737,113.179324032557,153.468096248134,0,-75.0307402671959,116.404784645875,58.0297414750841,301.966863444237,241.782073693677,187.272856324151,20.0784213838306,1.86195311348638,0,0,0,0,0.121794268250792,0.485378967791134,0.363584699540342,320.073084631615,120.02162276351,158.57421702138,0,1
pAF,8110,distributed_node_runs,728,-78.2162119624366,118.339282831285,61.8473045011116,314.889922309995,329.149847764107,241.615690673163,31.9180649349946,1.79129333047604,0,0,0,0,0.0756702265220235,0.533797203690992,0.458126977168968,388.993540255557,128.679628713566,154.445812140006,0,-76.4016645133128,115.563170055969,59.0488098226141,296.016987483616,260.057277055501,192.799022585292,24.3536550597019,1.76866131120914,0,0,0,0,0.103976712370035,0.41650835819101,0.312531645820975,321.287727869196,124.340599680163,157.928367988955,0,1
pAF,8112,distributed_node_runs,729,-76.3189022651543,99.42369659229,55.0673935515849,195.174645046314,233.027610087753,177.527971985182,32.2824324692483,2.75763513471611,0,0,0,0,0.0952301723823887,0.640986594508621,0.545756422126232,381.038661010294,106.556398867215,149.457571293283,0,-75.3947076038549,98.192580529718,55.0181177396352,188.918093235813,195.953370003423,156.464018342398,34.9180633913638,2.67154171168295,0,0,0,0,0.123181002419943,0.45750910966642,0.334328107246477,319.555651637715,113.365749705288,160.014660181378,0,1
pAF,8132,distributed_node_runs,731,-75.2686546383239,124.428072852116,51.5390312874025,366.564889730452,270.515652756068,198.418481116169,7.92256837605237,1.53937583028164,0,0,0,0,0.0862098635461113,0.53947208346355,0.453262219917438,399.338440812942,113.19457049913,162.770166697816,0,-74.2702178538929,121.478167027171,50.294073451069,344.571325870962,215.714759344632,160.470593066875,7.68701166841856,1.56404727485642,0,0,0,0,0.112901481099976,0.39818090512702,0.285279424027044,325.232932984763,115.579861569506,169.628768380745,0,1
pAF,8145,distributed_node_runs,732,-77.8831827922433,119.618475026776,65.6294561105807,327.374695922544,270.585254044621,197.266579359333,35.766076926855,2.33286366544053,0,0,0,0,0.0837815730323084,0.58234587438002,0.498564301347711,365.063830854298,115.949489990766,143.028753830947,0,-76.2878224483162,117.90477453541,64.3323508216466,313.537078345981,223.992170845308,168.023907894189,35.4475918586104,2.26173625658703,0,0,0,0,0.110088475875621,0.447182730498888,0.337094254623267,313.491039491531,120.488208632025,148.041627440303,0,1
pAF,8167,distributed_node_runs,733,-75.3607707861661,119.987659036256,51.7568435189089,332.544074216231,288.38338891384,210.136811466771,9.80398370043258,1.5349556801666,0,0,0,0,0.0848720694097808,0.556694257001276,0.471822187591495,379.247711692595,110.62711470652,155.562675607691,0,-73.8481407889912,116.211898306878,50.6163839091017,305.084608942835,229.880463302554,168.744224308841,9.85825005236256,1.57253170989497,0,0,0,0,0.107889628334315,0.399392540768409,0.291502912434094,320.735349944352,116.113476046172,164.706625450267,0,1
pAF,8196,distributed_node_runs,734,-78.4022043847439,124.465209455784,61.7453040776873,371.301031477565,256.131557317472,192.85018891986,19.1858164301448,1.55983312799071,0,0,0,0,0.0826930696990499,0.605849489435202,0.523156419736152,361.615608574102,120.376636352186,140.453669354652,0,-77.0691799949336,123.282471429773,60.071699996404,360.230280864906,213.225974205048,164.339423136946,16.4877154575915,1.52865527317772,0,0,0,0,0.109817300106951,0.463816188136977,0.353998888030026,312.62056479893,123.081397975497,144.522434779494,0,1
pAF,8201,distributed_node_runs,735,-75.7452625103947,107.206395436776,65.6527387927957,238.535900359203,236.886005943423,177.016192128889,47.9327877996548,4.18739978958183,0,0,0,0,0.104056742001358,0.748762500535931,0.644705758534573,373.685553956188,106.14188465834,146.3372508139,0,-74.6177827407873,105.178070836487,64.9724176979309,226.654394865851,202.792101198393,159.162364093962,51.011135634988,3.91754732310073,0,0,0,0,0.141335786631319,0.568217250189441,0.426881463558122,314.924230813693,112.204471849389,148.952754512979,0,1
pAF,8206,distributed_node_runs,736,-74.2984668561342,101.780572253583,59.0051280975439,208.147108746518,301.373316442972,219.574337800019,40.5173550255131,3.05726379450789,0,0,0,0,0.105374322840559,0.789791297004919,0.68441697416436,367.251384665789,103.044184638951,147.904235128457,0,-72.4913124338044,96.7678012702173,57.9375934045182,181.317179892567,246.446243984159,186.694257185474,46.241785136579,3.14949590912511,0,0,0,0,0.140935896599717,0.583357128457759,0.442421231858041,313.135283395583,110.577720750232,149.744041759853,0,1
pAF,8217,distributed_node_runs,737,-75.7621245231061,101.763636229596,54.6436653767817,206.140778120451,263.522429779587,192.355208477267,29.3182627801652,2.33280553079385,0,0,0,0,0.094483638581971,0.665757889234633,0.571274250652662,390.925663950948,106.596274207463,152.973387867377,0,-75.2180400234495,99.9888211482892,53.7869244026715,197.68184075702,216.7575823671,163.484105491694,29.3124795841104,2.31148699289042,0,0,0,0,0.131939322856138,0.507996191604609,0.376056868748472,318.981839801432,108.629614643552,156.288326360766,0,1
pAF,8225,distributed_node_runs,738,-75.9714835577208,110.205428117782,51.6670410811468,260.091419614758,257.76128688793,190.547925631079,15.2905446196382,1.89642464856297,0,0,0,0,0.0987823890423886,0.677561561953549,0.57877917291116,380.293188077536,104.452816803947,149.89585768599,0,-74.7776520295693,108.421632471764,51.5516015244963,248.15769912109,210.009790875407,161.451431181318,15.8952777083832,1.88133244435812,0,0,0,0,0.125941764969075,0.469247688174046,0.343305923204971,320.493611897327,111.678228657209,161.804660414001,0,1
pAF,8238,distributed_node_runs,739,-76.7964653363365,114.001076207987,56.8018885324719,284.525218866951,284.406479510108,202.914858785043,20.056118989618,1.69400519738701,0,0,0,0,0.0904614111461421,0.658761671359868,0.568300260213726,378.947914732809,109.073538071789,150.276062748277,0,-75.2421091437894,111.167146840537,54.9542999741103,266.100076699207,230.572287541047,169.941346187847,19.0667431042384,1.69023287288292,0,0,0,0,0.125857012355517,0.510987215099469,0.385130202743951,315.855957370928,112.392635596207,153.378341215424,0,1
pAF,8258,distributed_node_runs,740,-78.7917568925302,109.502595753206,57.0238811001951,252.85363405342,225.852409942323,188.661593876182,26.8929893352179,1.93928683416743,0,0,0,0,0.098832033477461,0.735857841783503,0.637025808306042,379.928878573352,107.752099074372,152.788010099547,0,-78.0152207711193,108.683691771563,56.0667916550358,248.794124726712,201.317976526327,171.277914014667,25.5565108089468,1.88032970950735,0,0,0,0,0.13819639670418,0.562499278459272,0.424302881755093,316.601290071601,112.575111825015,157.101554676404,0,1
pAF,8266,distributed_node_runs,741,-75.7151922244045,103.495700496346,64.3000827139441,216.077153140182,290.852225295726,194.621492589038,46.3203961672043,3.86225733622996,0,0,0,0,0.0809257879442454,0.538679479038659,0.457753691094414,380.540632772609,113.270797287885,147.351081540173,0,-74.2248342746693,100.01342100055,62.5552769471224,197.852370474431,224.188685411391,156.357162177217,45.003794570217,3.76211602979674,0,0,0,0,0.11008387664599,0.42496132529782,0.314877448651829,314.547454727504,114.352484467097,149.811804181284,0,1
pAF,8287,distributed_node_runs,742,-71.9665401567018,115.975014851543,45.4118227894143,304.280987300521,243.954013858063,160.278425367316,8.13322978380893,1.64510348917975,0,0,0,0,0.0965229714892706,0.631834710729959,0.535311739240688,395.449230942628,104.677822969781,150.771800125663,0,-71.7657730336057,113.761255460298,45.3830645120956,288.855441841467,187.363365884714,128.819946165033,8.32608439070464,1.66850562566833,0,0,0,0,0.126071741724186,0.448926282834186,0.322854541110001,322.664777511291,107.963111689678,160.679391664822,0,1
pAF,8296,distributed_node_runs,743,-74.002409888084,105.687416195484,62.3573338213505,228.994975468975,234.4020706019,173.063345943432,40.257191061457,3.63669295991713,0,0,0,0,0.10889303334162,0.813096877567415,0.704203844225795,368.055151430563,101.467399890455,144.635478647416,0,-72.9699115122535,102.789824805941,61.9674953296714,212.603647795164,194.890895007135,151.636328950248,44.3268980390094,3.54595185666039,0,0,0,0,0.148616239635373,0.612852715068694,0.464236475433321,310.827830955888,107.48335576422,144.834567302527,0,1
pAF,8299,distributed_node_runs,744,-77.4103627006037,120.376990944611,60.4497818701972,328.076313735229,260.866193795358,201.05513846314,21.0677309464663,1.77299219401175,0,0,0,0,0.100334414893751,0.763905870633865,0.663571455740113,380.538375251701,109.253947950878,153.025094061702,0,-76.2800541384953,118.405408313971,58.7827292186428,314.405537679571,221.213579323328,174.585146731693,19.4431952071354,1.7528042683989,0,0,0,0,0.143737675963391,0.601491696732727,0.457754020769336,314.812144784042,111.219666395336,152.054026869082,0,1
pAF,8307,distributed_node_runs,746,-77.5249650973189,107.684878898724,57.8840142885257,244.47413080895,267.299426716752,203.806717061678,36.7958953344059,2.04830939914973,0,0,0,0,0.0947646056529572,0.694372834232359,0.599608228579402,369.811423769832,111.595170435416,147.817011199664,0,-76.1042003734835,106.06379274817,56.4163801306809,234.731926506732,224.345626962287,178.396328117564,34.5195353089621,1.98922918038079,0,0,0,0,0.126638395343037,0.517594690793955,0.390956295450918,316.944549020012,118.614704585696,153.541097702503,0,1
pAF,8314,distributed_node_runs,747,-78.6808612880292,121.275876314018,59.2129708118583,343.828827397281,246.898190645108,187.27832733831,17.5785532235604,1.65813513039029,0,0,0,0,0.0863225659529402,0.604469607179698,0.518147041226758,367.703025491748,113.19865951933,146.703486400514,0,-77.3333974225912,120.448841853125,58.1670794850575,335.927089640994,209.566298266851,165.081676792615,15.9472987144618,1.61849333072314,0,0,0,0,0.11353110158477,0.454919066763497,0.341387965178727,316.548575073797,120.464319696825,155.210106873283,0,1
pAF,8326,distributed_node_runs,749,-79.3684014533702,126.023766582285,60.2306080090237,392.503457071715,286.349131782474,206.56102274025,15.7241683393513,1.5798140787374,0,0,0,0,0.0876902982339719,0.628320549956894,0.540630251722922,351.535646617987,107.87804877539,140.784714015069,0,-77.3076155356208,125.181281186732,59.4074677373656,380.431493546499,241.942767289926,177.832520727272,14.1522975576991,1.52777836949826,0,0,0,0,0.110952014243019,0.467883758514136,0.356931744271116,310.891336623987,118.10523531615,149.307147914048,0,1
pAF,8332,distributed_node_runs,750,-74.8314606097167,103.27980015968,62.2288786330648,217.467113705191,316.97656760284,229.879526364581,43.9506569582809,3.63665254959051,0,0,0,0,0.0963150593625799,0.692821931038025,0.596506871675445,360.098137248628,106.83802098778,143.7363652543,0,-72.8127320634456,98.1460254625826,61.2558011830088,188.8987746169,254.934813277498,187.989505391419,48.0633547865364,3.78759617386822,0,0,0,0,0.123191516531215,0.505911050593928,0.382719534062713,311.470452000984,114.517651189522,146.713737596573,0,1
pAF,8346,distributed_node_runs,751,-76.8367257908285,119.127642019055,53.6791662903359,329.732408124743,257.199752680732,189.789710357407,12.5040758546675,1.6165341268279,0,0,0,0,0.0928729276553434,0.635408458978269,0.542535531322926,357.225637048912,104.874049378559,144.297730206883,0,-75.3497995006775,117.678397336635,54.0419070918662,315.811186264936,213.070711541568,161.921657223087,12.5865423079122,1.60251513767071,0,0,0,0,0.113299507255521,0.442009109008378,0.328709601752857,314.546828513925,115.594549772886,156.453096773197,0,1
pAF,8384,distributed_node_runs,752,-78.6471676110905,105.864222792834,61.7252594741975,231.600533351438,230.610493092659,182.668248768226,46.5363869934154,2.71734327566082,0,0,0,0,0.0942905233235313,0.676178489892212,0.581887966568681,367.740386675308,110.775070260337,145.292121103678,0,-77.5467977455626,105.202901409836,61.2915659281605,228.139075947279,201.255664007596,167.527458035769,48.9140449651168,2.54641144682682,0,0,0,0,0.125317617551259,0.507996016563297,0.382678399012038,315.601398896506,118.68252892865,152.519164387069,0,1
pAF,8401,distributed_node_runs,753,-77.306294707391,120.310185479835,58.5817701290346,331.653066604329,233.853874494198,172.266062536371,17.4391472548523,1.7131252588224,0,0,0,0,0.100085703567649,0.74626590815607,0.646180204588421,372.939389199411,104.215387430944,145.25615809938,0,-76.1107621258573,118.799446536751,57.4502709949332,319.844426895803,198.049468660618,152.076868626213,16.3303497426823,1.68320849628071,0,0,0,0,0.139158291047804,0.573706739745853,0.434548448698049,313.253805684511,109.146021514785,149.235148144883,0,1
pAF,8402,distributed_node_runs,754,-73.4799844345046,122.168646060775,56.8830404662388,348.851705275829,308.577247768437,203.847315027262,14.6138778406239,1.94151497590065,0,0,0,0,0.0860193811511664,0.560429013189717,0.474409632038551,388.619579996841,110.441632128335,155.701713515782,0,-71.7725254613279,115.032993941474,54.9953862066518,295.535276692196,238.324765927398,161.224687623715,16.6140121213575,2.03806952357991,0,0,0,0,0.115210698215019,0.429760547003759,0.31454984878874,319.639606297187,112.757476382503,157.355783354976,0,1
pAF,8406,distributed_node_runs,755,-78.3862680510472,124.311915328272,65.054004523305,361.734627384947,258.509493737583,184.667051874269,27.1723422057694,2.0277898083441,0,0,0,0,0.0806184388346022,0.54704996245704,0.466431523622438,382.655046272215,116.824520442802,149.703783712059,0,-76.9838368099568,122.574729205048,63.2784546326998,348.14899545239,211.182081052706,155.986809986447,25.0915886875337,1.97638611315779,0,0,0,0,0.111500809705332,0.437570998371825,0.326070188666493,317.028917756223,117.457820737149,153.238228293581,0,1
pAF,8434,distributed_node_runs,756,-77.2001646668861,104.718896880011,55.2604400505348,226.88947867664,269.79151342863,223.765797037013,31.0914110531012,2.15364372491604,0,0,0,0,0.111767884703214,0.874952515411051,0.763184630707837,362.763744127573,103.783835080976,152.633865651119,0,-75.8938770834616,103.626608103718,54.557685627857,219.974456000641,242.588169472638,209.042629708132,31.1787489691233,2.06569442697946,0,0,0,0,0.146644517054792,0.618807746268675,0.472163229213882,317.799127305101,115.967103187515,162.539076623403,0,1
pAF,8440,distributed_node_runs,757,-71.5401271472857,103.011561636224,53.9006660414819,217.247345538299,331.969981963055,234.569757977624,24.9315304861884,2.66846793961304,0,0,0,0,0.113446424974511,0.831506968458735,0.718060543484223,354.752019650339,96.6466138867327,143.060232629068,0,-69.0931006021326,91.8211907358928,53.4193368086179,157.720182026742,261.637582962827,187.758048693991,38.0139774740746,3.24399717611232,0,0,0,0,0.136509351502796,0.540879117587559,0.404369766084763,313.170095990536,108.825656544337,149.309022211318,0,1
pAF,8442,distributed_node_runs,758,-76.5421402904804,102.293027374199,62.233168715186,210.181206251367,266.257864864572,191.020277248041,44.7258879518777,3.60295058121847,0,0,0,0,0.0819581116888333,0.530471169793507,0.448513058104673,380.295781387431,114.275251389052,149.628199682998,0,-75.3130057874356,100.248347557181,61.1768212553141,199.53291464425,210.953972000047,158.430506573146,44.1196266696425,3.45711488404777,0,0,0,0,0.107463107585311,0.401182987197236,0.293719879611924,318.1619805601,117.86260714845,156.266659660776,0,1
pAF,8449,distributed_node_runs,759,-71.0071937509402,112.537976217151,56.0987856377325,274.867619593761,296.125361428632,199.433688472556,20.4288357445039,2.335887591551,0,0,0,0,0.0872549239258169,0.560805073072834,0.473550149147017,388.015049441354,111.297285569221,155.028913423475,0,-69.8469779641125,105.32258825086,54.5968459019098,229.528418705963,225.739951264775,158.024031033627,24.4102350132634,2.51487443826045,0,0,0,0,0.115240327421253,0.421222135090397,0.305981807669144,320.27159694866,114.198472575485,157.946597268924,0,1
pAF,8454,distributed_node_runs,760,-76.8577281423966,107.487641564946,56.4037615251521,241.626856056708,247.029095190439,190.765032452669,25.9816986343139,2.31946669558965,0,0,0,0,0.0939466739271033,0.636661631235428,0.542714957308325,382.841795104883,108.714120353092,153.040377460703,0,-75.7912770052721,106.176985372598,56.1110360329143,233.670082300192,205.617629906395,164.955517143586,27.2183228020331,2.27343931984069,0,0,0,0,0.122455185282139,0.458647108270337,0.336191922988198,320.761095196922,114.946178801471,162.154671220257,0,1
pAF,8458,distributed_node_runs,761,-74.3059940304152,116.612503647136,44.3766047558541,309.383178984343,222.778470084071,168.430538056797,7.27156863817072,1.63532539877633,0,0,0,0,0.112444937022186,0.746908539135701,0.634463602113516,379.287662275849,100.166135650201,146.426790427678,0,-73.5545721420276,115.571638957792,44.6765491222275,300.38564577942,178.664826451695,138.028246545084,7.25422863463609,1.63890588644426,0,0,0,0,0.129510318675677,0.447637006993289,0.318126688317611,323.832018844583,110.65765461211,164.635991246975,0,1
pAF,8459,distributed_node_runs,762,-74.7124385608348,123.775863375376,50.5440456207464,364.341418176372,263.144010764045,191.678703995545,8.96463932351617,1.76043858004414,0,0,0,0,0.108756132214065,0.703540831449123,0.594784699235057,392.456324720246,104.28754948909,155.454303663786,0,-73.7228483264308,121.552857010963,50.3647413405892,345.528960854608,212.915105832548,158.790230039107,9.03326160461074,1.77472195923838,0,0,0,0,0.133412311891419,0.467899550107701,0.334487238216282,325.413243670493,110.788469929808,165.907052491332,0,1
pAF,8468,distributed_node_runs,764,-75.5658466297129,99.2788395478943,55.5942084345591,195.488647646876,314.614045138376,233.114144645217,31.3206123558266,3.29312415813183,0,0,0,0,0.0891886044752653,0.572873553218544,0.483684948743279,378.165369412149,110.050791876136,154.867596232733,0,-73.9081682185784,96.026637243188,55.1045870814367,178.293880301016,251.625986519441,189.937140808128,33.4284438005125,3.3346366812184,0,0,0,0,0.10932030881189,0.396486547410094,0.287166238598204,321.876265355408,117.356196609115,166.557630368726,0,1
pAF,8469,distributed_node_runs,765,-81.2002190758365,125.670115499051,63.1504049956726,373.331008732003,240.159360903344,190.33125290295,21.43191838239,1.55053059841157,0,0,0,0,0.0753196198962081,0.531566727861589,0.456247107965381,387.341758023475,130.223052946363,149.256413218848,0,-80.2273736585607,124.617900266926,61.2767231568176,367.363796834816,193.28091432976,155.388496834141,17.7857938063826,1.52230643303483,0,0,0,0,0.10331595926242,0.411855574767718,0.308539615505298,319.542030738037,125.023766236613,154.335117345161,0,1
pAF,8470,distributed_node_runs,766,-71.6101021209516,108.597751214964,50.7473739940361,247.034919997405,272.132401593,181.186875219937,16.4845017519983,2.48472239443072,0,0,0,0,0.0997361224754283,0.63114782197545,0.531411699500022,395.702335135473,105.599441307306,152.411974353491,0,-70.7513914618924,103.975494032088,50.4743625803344,219.832286478374,210.55455999673,147.483477015583,18.6654074331018,2.60331129642873,0,0,0,0,0.126131465142554,0.438909556746436,0.312778091603882,324.480850605996,110.123543209291,163.04366464005,0,1
pAF,8497,distributed_node_runs,767,-79.4843196058671,121.246158770244,57.7215571380093,342.498663257874,283.808341660522,224.615331044479,14.992629530745,1.64263296482386,0,0,0,0,0.0897142597608979,0.632008972300838,0.54229471253994,381.239736442287,116.642811562248,158.619538298484,0,-77.8827127596021,120.535183535536,56.4230996424801,335.47527431753,241.690819017844,197.188447076067,13.1310445320305,1.59702259062033,0,0,0,0,0.117704423636046,0.462138807243574,0.344434383607528,324.608251977777,124.415453840134,170.367427305737,0,1
pAF,8509,distributed_node_runs,769,-72.8080655775564,106.035371681523,51.1673430572117,231.143867134521,262.885406092442,181.565398815386,17.8561832226478,1.96806635239773,0,0,0,0,0.0980536736425612,0.702645013792068,0.604591340149507,383.042772649438,101.914859761091,147.39468673846,0,-72.1981425660988,102.801317075581,50.9022956814258,213.478847754402,207.516461594489,149.298254016907,19.7385181464088,2.02116904248032,0,0,0,0,0.134880125512554,0.526779709016993,0.391899583504439,315.597803651061,105.918116221492,151.919600837626,0,1
pAF,8531,distributed_node_runs,770,-74.2561855476812,113.870466687348,59.1152363929959,281.447668979817,307.743896758431,214.052620892842,24.5843137519259,2.34607409225282,0,0,0,0,0.0925160252264257,0.634907625780096,0.54239160055367,383.750279773893,109.075392073202,154.816042419865,0,-72.4691547597913,107.936477300185,57.5317314861213,243.510062845563,242.656792341382,174.716602904744,27.8704507186048,2.45286283948735,0,0,0,0,0.124599104965182,0.479949769609535,0.355350664644353,318.810970558166,112.681982626451,156.172911288907,0,1
pAF,8557,distributed_node_runs,771,-76.4623317733459,126.195127628225,56.4545922585581,381.897102677162,323.333520960674,242.823155917533,10.7637545756152,1.4199128255641,0,0,0,0,0.0989992037362753,0.764711185781614,0.665711982045338,383.349671098287,109.375998194482,159.65652319112,0,-74.5330742213628,121.372441305223,54.0037566145455,345.430419400467,267.899056977778,204.091538679426,9.99968035459824,1.46183672623738,0,0,0,0,0.141154198855614,0.596160001659414,0.4550058028038,317.482093016471,111.276594348092,158.709113444667,0,1
pAF,8566,distributed_node_runs,772,-77.7995229567235,123.602402087663,58.0998009858884,359.831699193534,251.521608992451,180.269872703058,14.3870864211567,1.50973161013826,0,0,0,0,0.0807372609546954,0.554896596536682,0.474159335581987,377.03891929338,112.034152879009,149.709241776897,0,-76.5276156497577,121.913005266827,56.6942726515849,346.116858643671,203.481143430625,150.077151205984,13.0759982538984,1.49682619147643,0,0,0,0,0.109691616047768,0.431509839603385,0.321818223555617,315.91678775219,114.710477617416,154.87247483756,0,1
pAF,8593,distributed_node_runs,773,-76.2817734483747,121.370241283014,58.370797098909,343.662603127118,283.932229848375,219.15702708649,15.5870409514173,1.71982248724089,0,0,0,0,0.101490153537229,0.770986283548211,0.669496130010983,365.822372784605,111.098258194237,149.356543188966,0,-74.51803531034,118.31834520843,56.6852239811121,318.946460368745,243.24991358443,193.405850039606,14.845036153376,1.71588238418917,0,0,0,0,0.13441951220744,0.563290936074291,0.428871423866851,318.065109423882,120.224015511285,154.743691045066,0,1
pAF,8614,distributed_node_runs,774,-79.9614917065752,126.55534593178,67.7593400280862,383.283688586488,247.751966592201,176.085519513646,41.6262881623552,1.88405901603255,0,0,0,0,0.0758971878852372,0.535653741663791,0.459756553778554,374.0494478357,123.717425607931,140.207183110824,0,-78.6564708296404,125.325877640516,65.5565773871634,374.163799763031,199.224403357843,146.653101534488,31.2977324607418,1.83033397782492,0,0,0,0,0.104282530377504,0.427038101787723,0.322755571410218,312.875353738364,120.424770205762,144.173590217541,0,1
pAF,8630,distributed_node_runs,775,-77.1374597674208,108.842159603727,58.8788166448759,250.224349385805,283.66732281146,208.108383732855,32.7557270932957,2.0878708752789,0,0,0,0,0.07882671630983,0.532406373406857,0.453579657097027,381.14481365119,117.009112381129,152.773275367144,0,-75.7931685931261,106.566647168854,57.2267130824505,237.116062422702,229.881380689865,172.239965823148,30.7064765918112,2.05466384314423,0,0,0,0,0.106498255452168,0.413071095826336,0.306572840374168,318.715688370175,118.513476183147,157.900780038508,0,1
pAF,8639,distributed_node_runs,776,-77.1861244300209,105.411748163817,61.8130964845216,229.647908738951,243.352167490826,176.132331448905,41.2255674354092,2.91977249601769,0,0,0,0,0.0843791591036338,0.558998864368124,0.47461970526449,367.352312466035,111.379222903495,143.183713368493,0,-76.0034120697933,103.994368337942,61.2391867712211,221.592048748506,196.155085535127,149.311212415469,42.9344478714556,2.79487887494543,0,0,0,0,0.108550364762232,0.417087450688714,0.308537085926483,314.244054759358,117.093602829711,150.668983144627,0,1
pAF,8647,distributed_node_runs,777,-74.715136439401,112.865140758942,62.977123370358,275.572429772344,276.855046249264,191.990173976927,38.8910255305746,2.678683278893,0,0,0,0,0.0886154308784902,0.603350047472123,0.514734616593632,374.877234332162,112.696343311734,146.42925279988,0,-73.1629210136733,108.538767433522,61.2950867191335,247.758422362184,219.534872518372,158.813901638292,40.5391067058044,2.70811217383016,0,0,0,0,0.118051918601675,0.460085074223508,0.342033155621833,315.779094380679,116.82582391669,148.961079982876,0,1
pAF,8650,distributed_node_runs,778,-79.9906206664298,115.317002293914,58.195558181799,293.285694079147,223.262623738738,184.751209426613,21.921728204492,1.95576783858996,0,0,0,0,0.095898563512766,0.669258802620822,0.573360239108056,382.25253734093,111.311769046246,153.810918580372,0,-79.0651837445008,115.180722829108,57.5347377168517,292.364023997295,201.492621917914,172.216225200817,20.4396460865282,1.88696970008823,0,0,0,0,0.127318635915965,0.489026924900257,0.361708288984292,322.221852686464,118.723426500186,164.735633577237,0,1
pAF,8654,distributed_node_runs,779,-75.2636400287718,122.140531430317,61.8263093326666,341.592160900223,285.604681781959,206.893983405476,22.7038955492972,1.9792682663392,0,0,0,0,0.0974786569031763,0.707573388288606,0.610094731385429,384.958451777704,114.56715963655,153.556566577057,0,-73.7268360712194,117.699604787953,59.5774954037287,309.561822397004,234.366420217579,175.932384956741,22.7099225660204,2.00884487116491,0,0,0,0,0.136433748402328,0.55246394735633,0.416030198954002,318.535397479081,115.64679383711,152.903068458398,0,1
pAF,8665,distributed_node_runs,781,-77.1530906621388,112.238854020831,55.7338790703959,276.431410911354,230.188154339165,175.15286079589,19.8624721241795,2.04332315472857,0,0,0,0,0.103591446834228,0.736736769097443,0.633145322263215,362.023297677915,102.027812492117,143.927053104588,0,-76.0065235803583,111.681124992638,56.5918534788729,270.880745517842,194.649957270343,156.145433727652,22.0747245427629,1.98279089112839,0,0,0,0,0.128906296718868,0.504751955432369,0.375845658713501,314.944529164954,112.660418397551,155.380926183026,0,1
pAF,8666,distributed_node_runs,782,-78.2826721632002,106.589746451436,54.1475482213114,235.337069292424,212.866524203077,173.090939607355,22.1456858477832,2.47505568654014,0,0,0,0,0.0984486694035927,0.632269337260473,0.533820667856881,391.563486643172,108.793651871274,154.322035324257,0,-77.6576822277721,106.522190784589,54.4517437982178,234.676015740313,183.129601065277,153.811592601371,22.8166719789988,2.4086222856713,0,0,0,0,0.121075318784475,0.41906913764372,0.297993818859245,326.094375110901,115.593818925321,170.380018121837,0,1
pAF,8700,distributed_node_runs,784,-74.8139537561073,122.641723044185,57.8800755471865,354.582201042853,314.113587939879,217.192952694568,14.5065429984461,1.70314068964217,0,0,0,0,0.0895978000831044,0.632696844705543,0.543099044622438,375.561339307489,110.313999877202,149.959192538197,0,-72.654137474249,115.850224738567,55.6978851126969,303.35330266206,250.2138122303,176.398089279694,16.0257338326264,1.78084359453351,0,0,0,0,0.120113299400329,0.47920662777177,0.359093328371442,317.151390926036,114.904131680356,153.229510594953,0,1
pAF,8701,distributed_node_runs,785,-80.2157628171475,124.268402523368,67.5610299998014,364.612149713819,203.943667524742,169.156679022068,42.3014348862125,2.01208392394619,0,0,0,0,0.0986850129174936,0.770151647809189,0.671466634891695,366.131165291423,113.824210539125,139.421182093643,0,-79.2553054056433,123.911838608967,66.3073143766459,361.81935734581,184.979939913377,157.42767358942,38.5756916126193,1.91955081526248,0,0,0,0,0.139510622093082,0.612081882520609,0.472571260427527,311.573617510021,118.100700513205,141.150954079652,0,1
pAF,8725,distributed_node_runs,786,-76.5088457279978,96.5148362994758,55.1388388137833,177.250987118734,239.515919863159,179.268737921098,37.2567891293365,2.81524233926757,0,0,0,0,0.092430518618563,0.638760909736691,0.546330391118128,392.83363290663,107.267320303516,152.874007423071,0,-76.1234011960139,95.3239975664363,54.6029708557214,172.390691294026,197.678045613426,153.542369846855,36.8856254748498,2.73131140898113,0,0,0,0,0.127884475260827,0.483416787777679,0.355532312516852,320.085398570591,110.095088608748,157.494284552916,0,1
pAF,8730,distributed_node_runs,787,-71.6043136827353,109.257829085353,52.5336245094453,253.070229450163,256.627807952609,173.765664690101,17.2724434882184,2.00650445118663,0,0,0,0,0.0988737748210696,0.70024983421818,0.60137605939711,379.579866440406,102.369076297931,147.631140312392,0,-70.7994438669768,104.725874826813,52.0544166857865,226.020939457877,203.6059010299,144.660732243581,20.0777220376112,2.07512311044047,0,0,0,0,0.13400373894991,0.521399944797189,0.387396205847279,315.703752218862,106.964871421827,151.018133945124,0,1
pAF,8763,distributed_node_runs,789,-77.6943387935069,115.256312955819,51.9097186644215,297.576489752694,217.268765948589,173.767777459565,12.4256059903564,1.77189345863007,0,0,0,0,0.096360737625609,0.633121337026129,0.53676059940052,376.840167499759,107.7252089248,150.586926454812,0,-76.8443274218011,115.215719961256,52.3730880577548,295.310128658952,182.957298763406,151.559267228764,12.3940233828653,1.73669796940521,0,0,0,0,0.116480942296076,0.417763369173772,0.301282426877696,322.429047249745,116.825322013738,167.444729673864,0,1
pAF,8770,distributed_node_runs,790,-80.1116013528897,118.418073850218,63.9063577903915,314.988728402968,211.254816620603,164.798010331033,31.5580066873445,2.37354765092459,0,0,0,0,0.0871992320485051,0.575832680886487,0.488633448837981,383.326837214881,114.076463726778,149.96629796987,0,-79.1204821077429,118.094246718847,63.3906758993283,312.798044069067,183.47534639353,150.090328799066,32.1263156725508,2.28939642203841,0,0,0,0,0.115452668002815,0.433066207454645,0.31761353945183,320.450523211686,119.397062373471,158.990781394099,0,1
pAF,8790,distributed_node_runs,791,-75.194523779165,113.985091379101,65.8134959358587,286.880637038808,308.58560458383,222.927035902423,42.5871542161694,3.23536680224788,0,0,0,0,0.101573663618297,0.74981134930389,0.648237685685593,352.019473142398,107.216011876866,138.924657234562,0,-72.9323481776043,108.611396049955,64.7834188283227,249.327996758341,254.185153652023,186.845301737518,50.341860063174,3.30877658526879,0,0,0,0,0.128267498465853,0.542508294174553,0.4142407957087,310.784878967886,117.739514063349,141.333457045231,0,1
pAF,8799,distributed_node_runs,793,-79.6544479085955,127.157745215965,64.5103663525247,383.413237960875,204.644491905841,160.31439005609,22.9114087866474,1.87521864048176,0,0,0,0,0.0869685497243139,0.588950187916418,0.501981638192105,392.163245737582,115.80795417379,151.690253264839,0,-78.8970989736256,126.086190087425,63.1045094572639,376.313848887573,175.943392364916,141.435757284413,20.6427241022029,1.84187312719951,0,0,0,0,0.121813563130052,0.467594907152528,0.345781344022476,319.3674329102,116.016589350656,154.533943874991,0,1
pAF,8802,distributed_node_runs,794,-77.0661408353441,112.838561931081,63.1845543402184,273.606444443007,223.244745981916,178.901455556399,35.6754528395031,2.73334747863555,0,0,0,0,0.0954366894477295,0.668634668252351,0.573197978804622,382.13592072171,110.153650663015,151.056992656026,0,-76.2331769580225,111.593483443084,62.6176756750936,266.022979172594,196.06916459656,161.305477119713,36.4764249454638,2.63899867691362,0,0,0,0,0.131303154812517,0.515461535422845,0.384158380610328,317.859298435549,114.114288697954,155.212065323693,0,1
pAF,8841,distributed_node_runs,795,-75.044111026252,121.639754425656,53.7698512175809,351.557631489802,233.836512261449,177.903726817618,10.8380340706281,1.61815555406793,0,0,0,0,0.114965360175357,0.884645143963373,0.769679783788016,356.176173482017,97.0809994953161,143.07097085521,0,-73.783678652328,119.441670486706,53.8763085122932,333.077657746136,199.018046909594,158.452451932764,10.7312333948212,1.62607678556014,0,0,0,0,0.148466054058433,0.617194187167267,0.468728133108834,310.665751384156,107.93207386502,149.493971254078,0,1
pAF,8847,distributed_node_runs,796,-70.8896340015466,97.6947699905198,50.8705510360925,185.244340183214,289.343177935123,205.346784348971,23.9464018366562,2.89666769174801,0,0,0,0,0.0941379917902351,0.598434831089821,0.504296839299586,392.510992416093,107.436827585625,156.316924191016,0,-70.0633790184736,92.8332606895815,50.2076928238481,161.597867111189,227.388466676981,165.981863367975,27.1559384415596,3.09477647908352,0,0,0,0,0.120573751593462,0.422733142824636,0.302159391231173,323.496476274038,112.01932608907,163.869360954916,0,1
pAF,8853,distributed_node_runs,797,-78.4469385753294,119.805924451992,61.7408193709489,330.01395076187,233.992954982554,175.195684071274,24.6932128299813,1.95878818257916,0,0,0,0,0.0830863871383238,0.559285194037455,0.476198806899132,366.686063259018,113.820217548535,144.612733361864,0,-77.2288619191673,118.964062616174,60.9739043484321,322.715690916404,197.25505389721,154.11773793316,24.3812558357749,1.90481554930739,0,0,0,0,0.107937842512809,0.422300172081922,0.314362329569114,315.195481649032,120.401649440708,152.558287082247,0,1
pAF,8909,distributed_node_runs,799,-79.3707620951256,115.397822106116,57.7347507853785,290.851013645584,208.237983755789,161.631576390719,20.5604639476151,1.80445991861779,0,0,0,0,0.0897799929869856,0.625595349117561,0.535815356130575,389.460048015433,108.399609123015,150.888766579031,0,-78.7137693665384,114.392609230322,56.9565722020188,285.630653552151,178.211425902293,142.598371330583,20.1096717692162,1.77821553844478,0,0,0,0,0.125221428019505,0.482058913786015,0.356837485766509,318.980785376658,110.852496321135,156.826992555725,0,1
pAF,8925,distributed_node_runs,800,-78.4278944201667,127.213003763888,67.6042858878917,389.42659708505,256.799908295136,178.001971779944,31.3852979243893,2.00740848990245,0,0,0,0,0.0832872109714202,0.596457081840953,0.513169870869533,371.066988985054,115.356519482113,140.967317088333,0,-76.8215590632476,125.433483689073,65.6709099962137,373.551524449466,207.326843964416,149.140170279527,28.4250446660953,1.95083642841564,0,0,0,0,0.115593165695366,0.480446411309813,0.364853245614447,311.400482311361,115.707764540493,143.132281076869,0,1
pAF,8930,distributed_node_runs,801,-76.0249012574896,123.678628556501,64.7102526623845,356.869478688128,259.32164553734,192.350396604568,30.0511322973471,2.14233056125522,0,0,0,0,0.102129896945219,0.763437046458654,0.661307149513436,372.588910095888,112.069808533801,146.973465856416,0,-74.4578889359059,120.602393240064,62.8803992458047,332.287777354088,216.29259014018,167.677846710932,29.6541930904241,2.11979432404769,0,0,0,0,0.141156897792141,0.59047335337051,0.449316455578369,314.358799820406,116.340241803438,146.700084545026,0,1
pAF,8938,distributed_node_runs,802,-71.0441565812682,110.283513516446,38.7268626267321,274.023085540537,322.103734923767,235.34687398377,5.53556294079317,1.56444128226576,0,0,0,0,0.114492167311829,0.794481338120068,0.679989170808239,377.959807674095,97.2907720901858,147.545296789177,0,-69.36902361438,102.199916861695,37.4632111091574,218.712556801225,254.406100545992,184.96736451301,6.63079268434012,1.6888791884885,0,0,0,0,0.132953181281384,0.469984885176666,0.337031703895281,324.175819759203,108.440850438765,164.369804324458,0,1
pAF,8949,distributed_node_runs,803,-74.1681657666411,91.0714657239684,45.5130263026144,152.873710460815,280.843766028433,217.656986130634,20.5764794162315,2.58349428272049,0,0,0,0,0.108232786689432,0.755356870852421,0.647124084162989,389.035808236178,101.276691819454,152.862196933219,0,-73.5144397037759,89.298877901716,45.4019357549762,145.062896178141,233.118066048515,184.092554502135,22.1749487725647,2.59636684527868,0,0,0,0,0.137410482691506,0.496754774921896,0.35934429223039,323.866004147527,108.533724383124,163.669435246478,0,1
pAF,8967,distributed_node_runs,804,-77.825395883647,122.785914280587,62.8517117045961,350.200568563805,233.295575421216,170.997552283479,23.2481991257446,2.15154225528386,0,0,0,0,0.0894894300590926,0.59779837275401,0.508308942694917,382.901590038782,111.364157105127,149.740977083726,0,-76.6179468946082,121.578358746036,62.0576620261424,339.877120654341,193.899935293142,148.844746584015,23.1748971391462,2.10268151237688,0,0,0,0,0.119692860189182,0.455239538809402,0.33554667862022,318.406930133813,115.42306291189,155.743399118995,0,1
pAF,8968,distributed_node_runs,805,-76.9130249568785,99.0067712167353,52.2551632048959,192.658916548466,243.704260104954,184.393856349765,26.0873065370979,2.51732928153069,0,0,0,0,0.0922825057542313,0.607021944138696,0.514739438384465,384.47323028485,107.911129647408,151.058907113883,0,-75.9500113545787,97.9473729159939,52.2304833636259,187.40084334822,196.867211936893,155.726847127196,27.3343394958792,2.4484128968943,0,0,0,0,0.116771767716607,0.422190090557009,0.305418322840403,322.252468628871,113.912500122966,164.573632900981,0,1
pAF,8974,distributed_node_runs,806,-77.4186695535546,101.047014749667,53.6635169128102,203.135683245591,208.104720278265,168.949256220534,26.9767591653726,2.60664304062084,0,0,0,0,0.112548182034462,0.823280805530103,0.710732623495641,374.589707389285,99.4753614675137,144.81693835184,0,-76.8438847448899,100.855370827307,54.4806088703748,202.167925709468,184.76580925101,155.074181490083,29.9047640544923,2.49838120778077,0,0,0,0,0.144674476043833,0.556185987306347,0.411511511262515,317.794812092874,107.792465804589,156.885591322565,0,1
pAF,8976,distributed_node_runs,807,-78.4210018850953,124.928025727214,63.4103441332474,372.141041770709,275.828998490273,212.133384895584,23.0241011131366,1.77787307989638,0,0,0,0,0.0935546201207697,0.709040089489506,0.615485469368736,373.513692011853,115.881864812625,149.903245554938,0,-76.7555439623318,123.40851371109,61.4744586526034,357.78351101433,236.536474216267,187.082986556175,19.8975143458047,1.72868143571395,0,0,0,0,0.130301316881168,0.554324649207076,0.424023332325908,316.466962852082,119.900203503126,152.157327581244,0,1
pAF,8994,distributed_node_runs,808,-77.3003723159166,120.874761329082,60.0727442561371,332.829439602944,249.104287274749,205.299371243374,19.5267093259172,1.84584189183806,0,0,0,0,0.105265816872021,0.795123498722538,0.689857681850516,380.750905717046,111.034573589153,155.285744675048,0,-76.365000484425,119.501025153238,58.6068425606332,322.726084456046,216.92990746909,180.702056700058,17.6073104479437,1.8149718027671,0,0,0,0,0.146516804476077,0.602753183278667,0.456236378802591,317.388212900027,114.344569024513,155.921724597536,0,1
pAF,9013,distributed_node_runs,809,-77.5103759053018,115.930488777628,57.2562124791655,303.199904080476,287.727019396079,225.225982473246,18.8392587681592,1.81698508842965,0,0,0,0,0.103122141929564,0.785594668194994,0.68247252626543,362.907327129804,108.40968316522,150.821150301869,0,-75.735939908089,114.228875460309,55.9125200412184,288.825450125053,251.488550787486,205.211088174994,17.5161756763009,1.77037039284914,0,0,0,0,0.134719491760059,0.56593337233813,0.431213880578071,318.7976659739,120.427564933099,159.542203444861,0,1
pAF,9020,distributed_node_runs,810,-76.9138657013017,111.708386577331,61.0764587586057,270.93131742591,286.853567719183,202.622295032088,38.6331266950438,1.98740887066378,0,0,0,0,0.0840298494837064,0.606812962264284,0.522783112780578,363.300662948532,113.29623164708,141.288611663529,0,-75.2695820594639,108.93605797175,59.1278243441269,253.245717407027,233.614696118588,168.726482026119,36.4758583483926,1.95183928986808,0,0,0,0,0.113100370993501,0.471613153606371,0.35851278261287,311.608815739164,116.516264701346,144.380927429225,0,1
pAF,9027,distributed_node_runs,811,-79.4459483112629,129.314168856866,64.0242564382185,406.785092032603,250.56300288831,188.511551507145,18.9841887178409,1.5859926176563,0,0,0,0,0.0872799228928231,0.639361157038083,0.55208123414526,385.581772390404,117.304173588505,150.355317026457,0,-78.2076634781898,127.818516128958,61.949853522035,394.925416684431,208.234980114172,160.571519408728,16.1078796652546,1.55883904610164,0,0,0,0,0.125447764557507,0.518084431488936,0.392636666931428,315.679756066846,115.949514109096,150.791197250832,0,1
pAF,9038,distributed_node_runs,812,-75.4143424708766,117.804252981265,51.3575222344029,314.556508188017,268.965994372644,202.028528872863,10.8868813888403,1.58539137697517,0,0,0,0,0.102490807336899,0.741038565306494,0.638547757969595,375.53443317936,102.26086622943,152.143094722289,0,-74.0420640569361,114.91353412718,50.8928171995103,293.576894041352,228.480141407515,176.188207390609,10.8789013436108,1.59682273946237,0,0,0,0,0.134785766519563,0.529506526386182,0.394720759866619,318.179377927121,109.443622679446,159.7279825075,0,1
pAF,9064,distributed_node_runs,813,-76.7812300880127,113.592774938843,60.9537851150291,280.438250448015,287.118601534974,226.963389431039,43.2331358508236,2.11159684934682,0,0,0,0,0.0903646267351151,0.653085382123357,0.562720755388242,387.727511763653,121.788563017821,156.882210506208,0,-75.4746173388686,111.189290644643,58.9859416064896,265.053474965545,239.08955665266,192.714497346224,34.5069146042333,2.07898922323511,0,0,0,0,0.124554046337286,0.498464254797712,0.373910208460426,322.144683235136,122.936460620924,159.219543306952,0,1
pAF,9123,distributed_node_runs,814,-75.8821888731527,110.540753517796,59.6817358280519,262.519033103054,280.073734967751,201.319836590759,29.0360965688815,2.56168879906909,0,0,0,0,0.0846643787358291,0.551063822765729,0.4663994440299,369.885080059998,110.806945923672,148.293854272842,0,-74.3589215321653,107.657956359562,58.961216887154,243.777293666717,225.594583556423,165.403071647772,31.4538194221095,2.5411649581547,0,0,0,0,0.106551743849796,0.401559133652111,0.295007389802315,316.403356799368,117.513269372059,156.081999877629,0,1
pAF,9125,distributed_node_runs,815,-77.514919532908,126.080219099446,69.5804566054854,380.618015241939,276.545547525064,197.44256338734,46.7368245717225,2.22041601839737,0,0,0,0,0.0886664452720121,0.679105337961576,0.590438892689564,362.444813434515,119.210368717264,135.664991883253,0,-75.7202429767366,123.540986960653,67.3185109332672,358.115311299012,228.796241563094,167.135567627713,40.8806543758219,2.16175724608547,0,0,0,0,0.123147421199872,0.545259093951679,0.422111672751807,308.887152741896,119.382143019182,136.115553064613,0,1
pAF,9137,distributed_node_runs,816,-74.6061624814298,125.085075841614,48.4636368987736,375.188636648205,249.759518636201,177.034202657422,6.19113446909614,1.51465705690498,0,0,0,0,0.102583199807472,0.678121236013793,0.575538036206321,395.478067716169,104.894306844828,153.677039610399,0,-74.0369981148277,122.90312710664,48.0064297064204,358.540429606318,201.701368399776,146.879161814908,5.99810308513042,1.52954267591485,0,0,0,0,0.133094443405053,0.478425695549597,0.345331252144545,323.718164910639,108.762105739621,162.062742091509,0,1
pAF,9141,distributed_node_runs,817,-76.4398948744313,118.406220493023,60.3639891802916,319.962768548851,273.837046913155,204.637183055333,23.9105777754521,1.85012525819911,0,0,0,0,0.102656356586405,0.801205980985689,0.698549624399284,358.401225494774,108.553992420217,142.144801048552,0,-74.670758025691,115.597820560041,58.6080324612085,297.78591579086,233.591574634775,181.276883174934,23.240364786132,1.8211382325826,0,0,0,0,0.138707304613214,0.604272818127985,0.46556551351477,312.299717238886,117.183132878494,145.658999193372,0,1
pAF,9142,distributed_node_runs,818,-79.180126378737,123.204332117325,64.2314515027575,361.208307966912,264.84409913054,198.17555550301,33.8488807103568,1.72804693153012,0,0,0,0,0.0847913057833179,0.639881365586167,0.555090059802849,356.182691802729,122.918812053671,135.324018711687,0,-77.7156548038089,122.271373112607,62.2103566556062,352.222048905658,219.571440166634,167.741604504248,24.5481504062373,1.67291818292142,0,0,0,0,0.11136992613379,0.487360584008466,0.375990657874675,309.465958920478,123.692196995285,139.191870807052,0,1
pAF,9154,distributed_node_runs,819,-78.371457876307,121.793840898272,63.4663367060931,346.525993658257,223.928148921375,170.38083315402,26.184728744156,2.0217573902919,0,0,0,0,0.08704404534206,0.599741382843112,0.512697337501052,363.882986134464,112.614667329108,142.673235220309,0,-77.2080769780062,121.184204765841,63.0638025586283,339.997251260481,187.119885331205,148.951287577394,26.7538144107784,1.96687560853024,0,0,0,0,0.112406697445478,0.447829110406153,0.335422412960675,312.890692221961,119.02264167216,148.929566342082,0,1
pAF,9172,distributed_node_runs,820,-75.3571342163375,101.426412806984,59.4793963437041,205.885404052318,262.340187995964,187.660292856977,39.4275770892564,3.07389794791379,0,0,0,0,0.0872707591987346,0.587140774032003,0.499870014833269,377.682972927389,109.703276663946,149.524542449801,0,-74.1728595518116,98.8191862383763,58.5780212460495,192.243878120723,208.219655007553,155.708105708018,40.4914635793612,3.01812271662857,0,0,0,0,0.116091891539815,0.444090908929717,0.327999017389902,316.66508336152,113.76341534598,153.395214197741,0,1
pAF,9183,distributed_node_runs,821,-77.2302908554076,103.078740432622,62.0898200129473,216.625870585288,257.446161753491,197.335043063649,45.7585929662018,3.65058528124064,0,0,0,0,0.103531415925536,0.749341204484468,0.645809788558932,360.823593881891,105.772599478434,144.100453636257,0,-75.8643416871017,101.94993246054,62.2292249622196,209.770647523135,220.362352885099,177.97501419903,51.5112321740562,3.37147193402416,0,0,0,0,0.131879547473004,0.534157907295508,0.402278359822503,314.901021576308,116.788502976109,152.721654242666,0,1
pAF,9184,distributed_node_runs,822,-78.121009835922,119.328689415016,61.6110099613289,324.599053077566,245.944082007889,179.477976410082,24.6519446485327,1.92063875714666,0,0,0,0,0.0773422863248674,0.513094421159804,0.435752134834936,372.554819689467,115.405153478539,146.990718749888,0,-76.9190068791649,117.964921001266,60.4329541888327,314.553550502618,201.824033320794,151.696364258256,23.7268143086403,1.87371950383385,0,0,0,0,0.102330931691801,0.396990218011086,0.294659286319285,314.818675290928,118.358272204801,153.62822088777,0,1
pAF,9185,distributed_node_runs,823,-75.4714100952756,93.1262420161898,57.5176838629011,161.409584227272,256.532135368776,194.459676856364,45.8855547216663,4.46489344061411,0,0,0,0,0.0929487250596607,0.598261767479356,0.505313042419695,394.110417249663,110.616339563348,157.265289274221,0,-74.6381609405666,91.4981223527316,57.0366117605272,154.307143829038,210.38195686672,166.629176789789,46.2361250374997,4.28475332323069,0,0,0,0,0.1209405776944,0.430265303455966,0.309324725761566,323.910170092979,115.185068084458,164.791044611111,0,1
pAF,9211,distributed_node_runs,824,-76.7103503044897,109.538145706098,60.6748706306616,253.711164475032,247.796796902127,185.746644307015,34.6935466283903,2.74352433937747,0,0,0,0,0.102744647677905,0.722169463188299,0.619424815510394,379.285718312807,105.912390400037,150.253685992693,0,-75.5189154102167,108.069879188887,60.21330200711,244.364243690201,208.800670338544,164.217888282543,37.6618437730795,2.64756767735162,0,0,0,0,0.135824793883872,0.524217733977258,0.388392940093386,318.801833597059,113.132086435318,156.899445742629,0,1
pAF,9218,distributed_node_runs,825,-79.3726254470289,117.054002071448,61.2065799308115,308.626939844976,273.331979046503,208.029224601938,28.1917456940791,2.03706886321743,0,0,0,0,0.0833329835583832,0.561584209677788,0.478251226119405,371.322957442855,119.189845152476,150.113227743562,0,-77.865038795664,116.317777416551,60.2113031581118,302.600261141216,226.22695871324,178.29481669216,26.790152270074,1.96914663636198,0,0,0,0,0.105506644151133,0.409958862311132,0.30445221816,320.468252517509,127.035415617735,161.131245704061,0,1
pAF,9231,distributed_node_runs,826,-79.4638397827982,127.108817054665,65.551787534189,390.366605141625,228.565663212161,168.027988545429,25.3890242695852,1.82734863248334,0,0,0,0,0.0797630465018977,0.553903405723045,0.474140359221147,372.879388546477,116.058108143261,143.345422340331,0,-78.2726843274374,126.131619504129,64.0933136826739,382.118713221122,191.911412274672,146.121516590796,23.0319315926681,1.77958035600386,0,0,0,0,0.109460550209821,0.44251134355864,0.333050793348819,313.006150111538,117.513122522058,148.10666953616,0,1
pAF,9235,distributed_node_runs,827,-78.5112407197214,109.394779970466,62.5919648072515,253.315161670954,239.016190846261,174.347217038281,36.3570678905235,2.87874595463654,0,0,0,0,0.0889125807944945,0.594225722606949,0.505313141812455,371.922881577586,109.835364627557,144.974466076255,0,-77.2684126468797,108.590672141668,62.508103582281,248.374652361032,193.575943827851,149.660041963347,38.9206317356184,2.7315959216503,0,0,0,0,0.113685295794018,0.433960573126678,0.32027527733266,316.173572034917,116.676161296717,154.088759756236,0,1
pAF,9256,distributed_node_runs,828,-76.6449010890097,107.695005469799,59.642059665608,243.710572508643,248.785251670648,180.319078848588,45.612611570803,2.06617940279102,0,0,0,0,0.0896891185464551,0.657908007688191,0.568218889141736,369.461838643452,112.046953517311,142.449617385451,0,-75.4894916987042,105.648664542999,57.936206188788,232.136559035532,204.032263242916,154.05093228284,40.787369737347,2.0232029390645,0,0,0,0,0.123242734238875,0.509270870328978,0.386028136090103,312.301536561929,114.658981092798,145.078450054935,0,1
pAF,9260,distributed_node_runs,829,-76.8676942775915,111.883766386178,53.8853335148562,270.946873107648,233.567958273481,186.172686798513,17.2313208907217,2.1411764186123,0,0,0,0,0.107566417154601,0.743760298326301,0.6361938811717,381.239000166679,103.445404170569,151.799994471615,0,-76.0425909949228,111.433548375684,54.3108829616366,266.858369925956,203.593762460594,167.484391794191,17.9884214866252,2.09754470067492,0,0,0,0,0.135167220424462,0.497974620943797,0.362807400519335,322.136641189805,112.162128306452,165.10316552124,0,1
pAF,9269,distributed_node_runs,830,-80.3054530529331,114.793762415268,64.053635509344,285.747152397952,200.661977082433,163.482837348623,43.5021549784069,2.20063292459236,0,0,0,0,0.0983682759364746,0.740796962648402,0.642428686711928,376.176961271318,108.658066496653,145.20569467878,0,-79.5038591253494,114.099073730724,62.9367463344983,282.73369823548,180.477910981757,151.374631981522,41.8788310821365,2.09978051596408,0,0,0,0,0.140124301589278,0.585085977534235,0.444961675944956,313.634447007862,112.291517426431,147.633062181015,0,1
pAF,9271,distributed_node_runs,832,-74.2955240297128,100.374603240601,50.3268885944711,202.302737272117,244.280910828005,178.732374630963,20.8096275227508,2.18154059436347,0,0,0,0,0.111309700228606,0.835114419085189,0.723804718856583,357.787645721372,95.1411260513123,137.758418278597,0,-73.115275009175,97.9529813666539,51.3146767973369,188.814278372116,198.032639919555,151.944118871546,25.0512979676532,2.17895017698902,0,0,0,0,0.141378661568881,0.573002076762152,0.431623415193271,310.430049837931,104.746873624721,148.252894031407,0,1
pAF,9273,distributed_node_runs,833,-71.534880351613,101.154009819148,48.2999214358657,205.269111647647,306.357295699607,212.140326179528,16.998071475391,2.1718680051199,0,0,0,0,0.0918058578138072,0.592920411561966,0.501114553748159,382.751417524734,105.683046795573,152.2964720284,0,-70.1512485918663,94.5089090214514,47.2869523273565,170.636462258106,231.724698661925,162.981829712353,20.6159498762354,2.36600645331418,0,0,0,0,0.114894974715019,0.408848435389047,0.293953460674028,320.891834350317,111.583916188261,161.423522265523,0,1
pAF,9280,distributed_node_runs,834,-76.0518310258243,116.158249142966,52.1777374149446,302.955328624648,226.815768840032,174.613126007782,13.0012280494993,1.71576245184406,0,0,0,0,0.11198920316822,0.838414465390711,0.726425262222492,366.373796298183,97.7347656672428,143.035767857405,0,-75.0966701957206,115.259439483061,52.880947732255,294.79013176785,198.147342229775,157.56479146632,13.2776222870343,1.68719418763794,0,0,0,0,0.145245281432749,0.581038283309016,0.435793001876266,314.380362571515,106.146833640785,154.221525066209,0,1
pAF,9294,distributed_node_runs,835,-76.3199355568647,108.910252297458,49.9390772729018,252.536455683216,244.552144950503,175.97875422427,14.4841670144669,1.93723844745546,0,0,0,0,0.0925188669786232,0.60058349323853,0.508064626259907,382.399327584186,106.049839488645,149.656611548133,0,-75.2318987626493,107.530775933074,50.0307610864567,243.379246644524,193.005978285073,144.669121530915,14.9285548857515,1.91027228012172,0,0,0,0,0.114653992199608,0.408377098235139,0.293723106035532,322.017590445026,112.55918598891,163.873291358408,0,1
pAF,9338,distributed_node_runs,836,-77.5288429391649,121.444778048868,57.7764391417909,351.980300666566,286.557133233327,212.123209185127,15.7291178714295,1.69022556248819,0,0,0,0,0.0982817962795081,0.715933214944638,0.61765141866513,344.060660985335,103.955971680989,141.195421259261,0,-75.5497070968015,119.821904759189,57.9588779793747,334.210210332467,241.842437226223,183.010495747443,16.4786974776544,1.66694590514453,0,0,0,0,0.118474404749016,0.498809895180031,0.380335490431015,310.511217503441,117.798902918439,149.858859442624,0,1
pAF,9344,distributed_node_runs,837,-79.5361635433956,116.413064559854,62.6221274756968,304.207188804655,224.340398143977,174.009961049691,31.3819259885204,2.20720516186702,0,0,0,0,0.0937114931817448,0.660796988696459,0.567085495514714,363.493467494722,110.331103726065,142.885280961864,0,-78.3560218680765,116.288934554527,62.5297425390037,302.341433991567,194.535135182348,159.692763977648,34.1350199547633,2.09969021465804,0,0,0,0,0.121003445267513,0.485415178427197,0.364411733159684,315.466883014811,120.026370743013,152.229000635769,0,1
pAF,9353,distributed_node_runs,838,-75.8758631944236,113.621906432872,51.8996844951557,280.123165820146,221.863321851502,166.31604170327,13.9884478297681,1.87419542396674,0,0,0,0,0.0989655276923345,0.670612326643938,0.571646798951604,389.680935450488,104.533970726778,151.641869168603,0,-75.2775571259145,112.338669699178,51.9501593816998,271.988166501942,183.881581052785,142.710162699972,14.3901456062049,1.86143568316766,0,0,0,0,0.129896057574521,0.475483697255976,0.345587639681455,321.103465706798,109.592240386264,159.94854144586,0,1
pAF,9359,distributed_node_runs,839,-71.3106874580964,108.385311190127,58.105880487594,243.701464546054,255.925748020243,174.663010810102,28.9297929762542,2.64872652497434,0,0,0,0,0.0961677550774366,0.662689203683816,0.56652144860638,388.155945501043,107.545565098619,151.58280352745,0,-70.8412494171541,104.673450772703,57.379339164573,222.83199754604,200.265141128868,146.33047854514,31.5998808825061,2.71776480006156,0,0,0,0,0.132767916304864,0.509463299954134,0.376695383649269,317.506314276903,110.141884123263,152.600699404809,0,1
pAF,9365,distributed_node_runs,840,-79.4238804239829,123.167806541654,62.7249097293322,353.383007428121,207.196094813407,161.61601865515,23.4508784375794,1.78339371053153,0,0,0,0,0.0833986096367731,0.571987381500655,0.488588771863882,381.025606814939,115.889224097562,147.753366724116,0,-78.519709345406,122.341220611527,61.4842510445928,347.632353703302,177.30879406368,143.402692409538,21.2567047928642,1.74091345893248,0,0,0,0,0.114530691289132,0.447699361050174,0.333168669761042,317.273964018488,118.033045879249,152.799727950449,0,1
pAF,9366,distributed_node_runs,841,-71.507382958568,113.689129280348,51.612647463756,285.15925461077,298.745657824766,219.408683207374,12.9131394074284,1.88443126357743,0,0,0,0,0.101143503813226,0.705466683725471,0.604323179912245,387.867359489777,105.352973199333,159.701088318231,0,-70.4979303812641,107.658607469861,50.61295557353,245.368425935083,243.180681890375,182.565207180833,15.0607168955357,1.98598397111709,0,0,0,0,0.135606576190173,0.515912435138254,0.380305858948081,320.472594218838,110.205988212605,161.267162931143,0,1
pAF,9378,distributed_node_runs,842,-79.8854482629349,114.976164390896,60.4963043972634,291.307239698448,261.23806387221,198.987336349848,29.9533166078982,1.90215856398572,0,0,0,0,0.0857358574210416,0.603694884258235,0.517959026837193,378.370017360532,116.221514504861,151.090983824276,0,-78.4777502810296,114.064231158852,58.984138895159,285.974739627842,220.732989693232,174.674489296111,26.6308171111159,1.83879617793355,0,0,0,0,0.11577278834958,0.461418633509191,0.345645845159611,319.380023402937,121.073447362793,158.416554458991,0,1
pAF,9380,distributed_node_runs,843,-77.1083479646406,122.629519574492,67.3620672030804,340.580475186735,240.329341752593,175.740722896793,35.2315860324088,2.52566869192378,0,0,0,0,0.101708816914596,0.756884026861344,0.655175209946748,381.358688465734,108.184447969303,147.47160938714,0,-76.2071559966373,120.50512314829,66.0308857998037,326.537949268592,202.925094315066,153.836394659473,34.3606582904285,2.46846439367437,0,0,0,0,0.147923530591384,0.620716060174041,0.472792529582657,312.1355620957,108.779000164555,145.838304033058,0,1
pAF,9381,distributed_node_runs,844,-76.1313893361555,112.717129156466,53.0760788556548,280.043625911031,303.319256710405,232.296680114698,15.2660605436686,1.88146137281728,0,0,0,0,0.0993201706638703,0.692086071952218,0.592765901288348,370.889876154353,106.426241160698,155.089313077575,0,-74.346150143956,109.925197334215,52.6879849907978,259.255996272174,252.439111645788,198.659856784721,16.3612432619484,1.88485575874438,0,0,0,0,0.121468497031119,0.464895899590211,0.343427402559092,321.765658258388,117.677063119849,168.003900770583,0,1
pAF,9416,distributed_node_runs,846,-77.1124348498499,97.5153097978956,53.9672492895258,186.201128810207,264.087195127795,194.874490077062,31.708341104335,2.88287975236017,0,0,0,0,0.092422172868579,0.595906715645465,0.503484542776886,366.974294955435,107.559363515153,147.25120333376,0,-75.8764333735388,96.4927264416838,54.6231788833353,180.79454443781,207.298642199596,160.887509671007,35.329789387968,2.77739879352521,0,0,0,0,0.109067728269344,0.396536314998097,0.287468586728753,318.737109920228,117.587314569308,162.290217103673,0,1
pAF,9419,distributed_node_runs,847,-78.1330329178685,103.938772186296,56.5839150434341,222.849764134837,268.430503213458,203.377337605714,35.6356938129757,2.24396237261681,0,0,0,0,0.101902177232664,0.750426526800214,0.648524349567549,355.242592933078,105.300655935098,143.616830752981,0,-76.5777921477235,102.907231830511,56.0758052578429,216.708390130518,230.240012327755,185.04068456007,41.0280713038483,2.13195431065105,0,0,0,0,0.129825234986161,0.538534082151643,0.408708847165482,314.66926324676,118.432114755771,153.361531822728,0,1
pAF,9427,distributed_node_runs,848,-76.6796676940241,112.555511377716,66.5116948085663,274.473554127349,239.244333801973,171.402080417633,42.1591166157668,3.54816179780755,0,0,0,0,0.0992795488384817,0.696777613934421,0.597498065095939,367.743462664715,107.206210244287,141.312420355239,0,-75.313650479091,110.935710612842,66.1460220725674,262.964550927609,192.477336906799,147.548066009094,45.887461601822,3.37585198139641,0,0,0,0,0.129430518875737,0.513653766081564,0.384223247205827,313.437532931097,114.421194029852,146.400085925026,0,1
pAF,9430,distributed_node_runs,849,-72.289524055718,117.129463865382,45.4876571685458,317.045325591503,269.185820533196,179.935255854813,8.10901853469113,1.72158942050737,0,0,0,0,0.102178072450205,0.652108069579303,0.549929997129098,388.355998601386,103.660440193271,149.542880916617,0,-71.1120407497131,112.459917584462,44.9615283459434,282.099495882942,196.219956792713,136.077804958357,8.81354377265234,1.79078325071896,0,0,0,0,0.123139294520312,0.425888254624713,0.3027489601044,323.613587109296,109.934935790316,163.322226010091,0,1
pAF,9454,distributed_node_runs,850,-74.0879287787797,102.67388185903,50.9162040620295,213.023054902641,237.757120442839,166.147816635064,19.9293580356243,1.99251943978015,0,0,0,0,0.0983147537541103,0.71803038959956,0.61971563584545,376.27005960355,99.8265626807115,142.582042803252,0,-73.4141634370038,100.327250684772,50.8449714317346,200.815216104883,191.572596557438,139.471572920946,21.7047586523076,1.99547541448919,0,0,0,0,0.135314628726668,0.540711646518507,0.405397017791839,312.461449476257,104.067471734346,148.247945452107,0,1
pAF,9476,distributed_node_runs,851,-76.272585687317,118.491119749431,58.9274481986188,314.030301555318,296.808928689803,201.066567646521,19.6338351930026,1.71026369879837,0,0,0,0,0.0794295012123282,0.545648815712903,0.466219314500574,390.172358278585,117.543524587127,153.33499805755,0,-74.896501583014,115.015924252365,56.4149102544237,290.777204784303,228.27804897758,158.899280076024,18.0085267038121,1.72315245908612,0,0,0,0,0.110686000916772,0.429180584687063,0.318494583770291,318.880335494705,115.758627307434,155.134273003641,0,1
pAF,9507,distributed_node_runs,854,-72.655338472832,95.1395015411041,50.5133932935071,172.813422294898,268.141230233719,192.144663427556,24.9449577606065,3.43051404760627,0,0,0,0,0.10457517860379,0.677681694774663,0.573106516170873,384.592142148183,103.156431559401,149.116686387795,0,-71.6326661544066,91.9860924763509,50.6576140316209,157.433808000627,204.321078529407,153.105287198166,27.6612765211903,3.55323043980388,0,0,0,0,0.125503777643557,0.435508473936321,0.310004696292764,323.265733558546,111.167180194476,163.354298211316,0,1
pAF,9510,distributed_node_runs,855,-78.6667277125229,104.398829911591,59.855873669476,222.500711381899,246.310489570329,181.518118291599,38.6210773183484,2.57788217397319,0,0,0,0,0.0820572984892891,0.546559905281629,0.464502606792339,375.225470484715,112.639224632563,148.09639984297,0,-77.5014289979337,103.317206803077,59.0902378489002,217.347037452113,204.171472317845,157.704876534575,39.0939722483781,2.45620714455436,0,0,0,0,0.108360082289008,0.415748708750028,0.30738862646102,316.820297593757,117.33923828257,156.803667530262,0,1
pAF,9532,distributed_node_runs,856,-72.5603306696961,118.27226365285,53.6154882572229,322.585959162495,300.627353541029,201.636624434832,14.1501296875213,2.1299276606951,0,0,0,0,0.0977898643578011,0.648915463815544,0.551125599457743,372.951463279358,102.477538133215,148.60071724503,0,-70.6150471819451,110.191681041398,52.9415761978365,263.510760089083,231.309438045453,156.206486755982,17.6607653340543,2.29669553184794,0,0,0,0,0.120368814848444,0.444232168020468,0.323863353172025,318.041284909363,110.158758410886,155.962077683955,0,1
pAF,9533,distributed_node_runs,857,-72.0717971920417,115.065029665665,56.4943910574769,293.140336626074,262.890763939591,172.708976366142,19.2748696917042,2.40767953840259,0,0,0,0,0.0972013577106391,0.658810579560854,0.561609221850215,374.573333839995,102.795326267893,144.315426234911,0,-70.7027995342844,108.918272558318,56.1162579146887,251.966423363752,199.524271511254,137.90059722188,23.2155438318405,2.54739773346228,0,0,0,0,0.125802141015035,0.478114548155852,0.352312407140817,314.501545897299,108.23980026149,150.087698193773,0,1
pAF,9543,distributed_node_runs,858,-79.1856916480389,123.683382184777,58.4012271619571,369.352374454143,298.897645532525,226.852406684025,14.2763875278179,1.60584634651605,0,0,0,0,0.0898130047536703,0.64733056889654,0.55751756414287,360.17245872278,113.620223000849,149.351160004626,0,-77.1708809183043,122.810203120824,57.2697586985904,357.759233601654,255.589548480602,199.971931058786,12.5199955576172,1.55854617931618,0,0,0,0,0.113282405418514,0.469004615356267,0.355722209937753,319.16547132899,125.110554431845,161.3306505497,0,1
pAF,9554,distributed_node_runs,859,-71.3287233870726,99.7674261708085,52.5260271521247,197.044465854031,334.114472392816,236.105091006983,27.0843978884004,2.2528651117027,0,0,0,0,0.0933694679929208,0.658495756033812,0.565126288040891,378.504188688399,107.301869880721,153.646986993814,0,-69.6476742893334,90.8492814177694,50.7101202074582,152.92944624345,264.961512582824,192.014895269229,34.7002985551444,2.59966699133292,0,0,0,0,0.125529581541268,0.490481765229995,0.364952183688727,317.714088560169,111.800625701355,155.215467260505,0,1
pAF,9576,distributed_node_runs,860,-80.0817834843064,123.664939394904,64.3073128669647,361.003727700888,219.598952775006,178.210053510913,28.4811430875052,1.89837229924888,0,0,0,0,0.086754368282073,0.612691302504815,0.525936934222742,373.96590337174,119.749145808993,145.660280619725,0,-79.0184542612712,123.340005004421,63.116779426372,357.869139250784,194.442462059691,163.377805950091,25.1775178706812,1.83386648443047,0,0,0,0,0.117046963148374,0.471577756239932,0.354530793091559,318.129564441544,125.45648751238,152.372668608413,0,1
pAF,9581,distributed_node_runs,861,-74.8805685967136,117.145217136175,63.6479557539852,309.856309246889,306.077297262324,218.139404764217,34.9176691945322,2.59383777179028,0,0,0,0,0.104731003164491,0.78352535513303,0.678794351968539,353.237510845785,105.789768974835,139.860073428198,0,-72.5316027568078,111.049775327182,62.305747216711,265.507102752208,248.656482766211,181.75316883203,45.3724470732341,2.67735217982408,0,0,0,0,0.133450956748466,0.563921712231439,0.430470755482974,311.705068717696,117.228175411663,141.7941314786,0,1
pAF,9585,distributed_node_runs,862,-77.9021822771547,119.973483284095,58.8576421314012,335.162670263308,266.634551624033,202.013955310278,18.2320567604038,1.86923540511634,0,0,0,0,0.0898899216144023,0.614434103700067,0.524544182085664,359.514964955604,112.487726197542,146.590970634823,0,-76.4127548681581,119.141463286336,58.6694758821067,325.482344948871,219.491434925414,172.052988405292,18.3905237918698,1.82606502471754,0,0,0,0,0.109609764409664,0.42999046192095,0.320380697511286,316.622023077605,123.262122651988,156.390670877743,0,1
pAF,9594,distributed_node_runs,863,-74.3195029343402,113.921340163351,49.2613454806362,285.483021581404,247.025263940544,164.89063014261,11.6176396166993,1.61996586282476,0,0,0,0,0.0869362034635131,0.574095900893526,0.487159697430013,380.76491254897,104.622590940089,148.144315330535,0,-73.285441657896,110.733363059384,48.8263020039462,264.975966577043,189.51107058247,130.486387434896,12.1699953710813,1.65500176018395,0,0,0,0,0.113123531126878,0.41775068963143,0.304627158504552,317.062322801881,108.642923610336,156.275141344166,0,1
pAF,9611,distributed_node_runs,864,-74.2969769647381,116.766341174239,49.6452614742903,308.214533499786,263.848024631967,189.758088840434,10.1646646092049,1.5471109387363,0,0,0,0,0.0952239583292075,0.660613694523581,0.565389736194373,376.999189708222,103.234947267294,150.274800653513,0,-73.030267555838,112.993922656432,49.1688502153163,282.223053741604,213.105304926998,156.425779054978,10.6075659875714,1.59123957803968,0,0,0,0,0.12395051278146,0.47294884220408,0.34899832942262,317.195024490302,109.270858194875,157.799203682446,0,1
pAF,9633,distributed_node_runs,865,-74.63351930117,121.069591951981,63.5382346194885,337.977922864379,294.401900463272,207.606540140609,30.7478050969585,2.04617059847078,0,0,0,0,0.0986263022908914,0.763936237077871,0.66530993478698,363.859921355317,111.822906445283,143.018071936118,0,-72.5897004417774,114.724362278261,61.2303383184057,291.463608871446,240.993085173508,175.703160017929,35.1275334538805,2.11279538928284,0,0,0,0,0.136239521417003,0.595526482605295,0.459286961188292,310.405133345059,115.716297430332,140.141216696949,0,1
pAF,9634,distributed_node_runs,866,-75.0346037178888,92.3717397098605,47.5721448280001,160.600631089707,276.533299849485,216.041849758934,23.3785394874067,2.80340413765953,0,0,0,0,0.106564500420179,0.720956133663655,0.614391633243475,376.694923830466,102.673788797845,151.443199888876,0,-73.9523650858402,90.7654186862035,47.8424388430888,152.690183252064,224.655009151837,181.789358549842,25.7085241847381,2.7813352709527,0,0,0,0,0.12584354942269,0.450065645050731,0.324222095628041,323.482105665298,113.278327614753,168.514757923537,0,1
pAF,9635,distributed_node_runs,867,-75.5946601308476,116.103131313361,57.9232256010364,295.54495187145,313.75873568598,239.635317510467,20.2108808256162,1.81610104461288,0,0,0,0,0.0998656731904581,0.761089842642828,0.66122416945237,386.581702242838,110.122468217734,161.127796545373,0,-74.2746978876063,112.152426314188,55.9524813427197,270.053912315144,260.199497884943,201.775131929764,20.2536170442545,1.83698286629078,0,0,0,0,0.143555606256228,0.597184428767758,0.45362882251153,317.858151164448,111.527061084795,158.134152934136,0,1
pAF,9678,distributed_node_runs,868,-75.4802791386304,108.682194833017,58.143954687008,250.967317400096,288.331707022749,222.842047214901,27.6544424084859,2.88702177028608,0,0,0,0,0.103230276551511,0.705321603622549,0.602091327071038,371.113749428267,106.518558529737,153.415838639432,0,-73.9757298883081,106.209417109659,58.2748733663238,234.058205357125,234.877035875765,187.219738832689,30.9582312967577,2.89089375772528,0,0,0,0,0.123700843148246,0.46251437480157,0.338813531653324,322.011792162142,117.975678101491,165.072162003936,0,1
pAF,9686,distributed_node_runs,869,-70.7531882588759,98.1692657535382,54.7968439143308,187.84124543346,350.9427773149,232.962093448397,33.9762621307746,2.62220311733836,0,0,0,0,0.0827296924963902,0.556273552726462,0.473543860230072,384.428990777138,110.791907712097,151.308904482455,0,-69.2710047058647,89.0812437654836,52.6034013350012,144.755121989904,265.548220250079,181.331271628256,37.8779700079831,3.13644254719475,0,0,0,0,0.113104478567753,0.431634487299305,0.318530008731552,316.953587235432,112.12130544773,152.646489295688,0,1
pAF,9730,distributed_node_runs,870,-79.2346497855023,125.855519732406,64.9926430289061,382.008384550341,267.958225227405,199.715949152793,28.8917322647758,1.76242983966949,0,0,0,0,0.084878935783422,0.627951205371938,0.543072269588516,367.361967045639,123.056295043491,141.229206079263,0,-77.6640532096277,124.789128043978,62.9853742885623,371.613867051408,222.668759219108,171.088760564027,22.4534928384564,1.70819051770013,0,0,0,0,0.114207218551915,0.482839588728356,0.368632370176442,314.9848792374,125.650522385131,144.719974223739,0,1
pAF,9735,distributed_node_runs,871,-76.838689088489,91.7390427789007,56.7802709319913,154.517447590602,253.87951304231,187.94681417285,44.2489156445736,4.30221778636042,0,0,0,0,0.0996304115729779,0.708392976996615,0.608762565423637,372.532515722298,103.271269397468,144.975658033448,0,-75.6987010563174,90.3451614466429,56.8480055328928,149.062738352432,210.122388618958,164.48648271717,47.9402878447254,3.86619962057011,0,0,0,0,0.131612807677124,0.518814379756416,0.387201572079292,315.495694524583,110.138228830812,153.325131170692,0,1
pAF,9780,distributed_node_runs,873,-74.5914595414627,93.0695941141143,56.0212342796647,161.134738240516,233.943642039892,177.255408373763,41.7273745938364,3.82994076333125,0,0,0,0,0.104462247266814,0.753273322211258,0.648811074944444,379.632496409438,102.032750808372,148.226755403842,0,-74.0379244071177,91.5670595648198,56.0452868517969,154.739749590904,196.310282956383,155.495636203403,44.2815151365758,3.63754060153951,0,0,0,0,0.141731037738411,0.553910421864152,0.412179384125741,315.709050460671,107.302447429189,153.044273360099,0,1
pAF,9782,distributed_node_runs,874,-70.392305143827,96.3914334111918,36.0096428406739,180.346990313524,300.276448628814,202.521857807296,8.1171321914735,1.88972981395636,0,0,0,0,0.104267811270547,0.67089917181612,0.566631360545573,395.276851705261,102.021840181202,148.053085281857,0,-69.495161861347,91.5030143584718,35.1199204187023,156.188104038011,219.742046519452,149.475047229658,9.13856715833754,2.02403000258346,0,0,0,0,0.124269123658776,0.414904257325657,0.290635133666881,327.462132361055,109.707521270069,165.718973003379,0,1
pAF,9783,distributed_node_runs,875,-80.9975622529183,122.152363374956,68.7021560930639,344.934883454887,216.036159341122,169.912985774536,40.422297115394,2.51359409909492,0,0,0,0,0.0803519696805942,0.539892655704345,0.459540686023751,369.077588540531,120.764767541281,143.371026985519,0,-79.9338321958637,121.906411322358,68.0233673998303,343.372061420391,186.798221643094,153.844234012497,40.022880205921,2.39560853934381,0,0,0,0,0.105232273113678,0.414931862192788,0.30969958907911,316.08892354013,125.361841368314,151.581106988691,0,1
pAF,9791,distributed_node_runs,876,-73.6893422495753,90.5959806200146,50.8470192323803,152.210571754366,329.756479245756,243.496375790826,35.3660572293447,3.06056543583691,0,0,0,0,0.101705551517905,0.697224323892488,0.595518772374583,370.526359123935,103.750155843794,152.777068586188,0,-71.8352102251106,85.4901163866437,50.2330415708921,129.44394905539,261.091002034398,198.03468595435,41.3724514518908,3.28911244604751,0,0,0,0,0.123752317713695,0.463667513769658,0.339915196055963,319.59091411225,114.021354826771,161.170810519419,0,1
pAF,9818,distributed_node_runs,877,-79.5588164635757,108.237503633722,60.476396732864,244.893033238376,240.7719418337,181.00009337331,36.1640372796901,2.57682358550665,0,0,0,0,0.084664287182093,0.550137748590169,0.465473461408076,380.199407133143,114.142598570863,150.746993042619,0,-78.3785485058511,107.608097530838,59.9804437492505,241.905428937031,203.035924051623,161.685688475896,37.7434534301028,2.45538665725326,0,0,0,0,0.109235098510695,0.405388004558651,0.296152906047955,321.909896836401,120.696840300381,163.079055617164,0,1
pAF,9821,distributed_node_runs,878,-78.605396586457,123.797005606552,68.3090525034428,355.507974694499,237.693481769667,178.243844244607,42.1068059611498,2.3191661877936,0,0,0,0,0.0847660593745629,0.590855902456918,0.506089843082355,382.356040846462,120.189333118709,146.836938023228,0,-77.3944016611423,122.361355890368,66.5323164046319,344.912282464795,198.452115045304,154.548043879706,37.1615971406318,2.2408147700844,0,0,0,0,0.118389886289958,0.474418062353111,0.356028176063153,316.803220219685,119.933558881305,148.739274343104,0,1
pAF,9837,distributed_node_runs,879,-75.3768220908501,120.073835894995,60.1270825904051,327.264493383613,262.136174634456,189.22638149331,20.7179513793526,2.20359606366401,0,0,0,0,0.09153175669351,0.596991599017804,0.505459842324294,385.520721098641,112.207988911323,154.81178773781,0,-74.0352034339309,117.052661280754,58.9986995835169,304.673413190923,209.569386582545,158.314456790253,21.5519405796731,2.21691448365527,0,0,0,0,0.119354243995238,0.441049292039434,0.321695048044195,321.232007712675,116.908666549891,159.534211742545,0,1
pAF,9854,distributed_node_runs,880,-81.0895916503582,126.483937773175,69.4564759512184,384.141675041361,255.470006012023,191.069478025995,43.8192114089106,2.26432848127297,0,0,0,0,0.076256965566139,0.519964976146724,0.443708010580585,368.442910038437,126.478318231755,141.544992554336,0,-79.6552030839098,125.954813599955,67.8521016332507,379.898899172467,213.952113885538,165.897280776255,38.5574851488345,2.17616643473957,0,0,0,0,0.0997965875802568,0.402334306847549,0.302537719267292,315.882429467765,128.845310703528,149.104565321876,0,1
pAF,9864,distributed_node_runs,881,-74.2009786175275,91.5846158995649,55.2366662792592,155.775499676558,256.053057774225,196.162340802213,41.3033786100859,4.46111700858455,0,0,0,0,0.11133852830345,0.769539659841353,0.658201131537903,371.958291717019,101.325211332951,148.649195501757,0,-73.1747517300549,89.7324848415321,55.8596778419606,147.031584756823,206.003019125797,166.125644691154,46.0638544802314,4.37708650748391,0,0,0,0,0.13460823345291,0.497006976646897,0.362398743193987,319.283737709757,111.8072376005,159.397759309801,0,1
pAF,9865,distributed_node_runs,882,-77.5269818727813,112.777882670159,63.4606379995303,277.798147442792,301.629545337957,214.396281306879,38.1838302711985,2.43906701458036,0,0,0,0,0.0831135637335394,0.572833786770833,0.489720223037294,359.924304929162,112.716358312035,141.964831226815,0,-75.6175379419266,110.235281351789,62.1162120235217,260.664321591452,242.717377758217,174.600810251217,38.9324999960409,2.36571109846409,0,0,0,0,0.106189632710941,0.430698333278071,0.32450870056713,311.114142269118,117.840354024414,146.919547778728,0,1
pAF,9894,distributed_node_runs,883,-71.0216043374192,112.341977157627,54.6141502596232,272.884554469837,312.885675327183,222.150297750748,17.7717460595377,2.272277410877,0,0,0,0,0.0944125402756529,0.610139502712643,0.51572696243699,396.889739350481,111.550388943935,162.698388478942,0,-69.959253588897,105.229098712261,52.9947615280553,228.469171769095,247.683867390042,181.660623163039,21.4612843919822,2.42942829304229,0,0,0,0,0.125274244758013,0.454575089921909,0.329300845163897,324.528740679933,114.085589273745,164.551623133652,0,1
pAF,9900,distributed_node_runs,884,-75.2530231950602,122.118867583564,55.1470913654288,349.946204286142,253.38055508813,182.426084302511,12.0925519364755,1.66648576206353,0,0,0,0,0.0900135701244378,0.604139050465408,0.51412548034097,373.965164456407,107.96672132134,149.78612316841,0,-73.92528662119,119.085911784346,54.5466884080962,326.577050295887,201.979275946695,150.188869576374,12.3359782413136,1.69124981334244,0,0,0,0,0.115288445683597,0.43656742832711,0.321278982643513,316.711446988276,114.360717834268,156.635627409105,0,1
pAF,9907,distributed_node_runs,885,-73.5813648763229,118.914632782818,59.2725642484307,321.689822835317,305.385215683564,220.488660434683,20.1984033177141,2.02226153703668,0,0,0,0,0.104965778965817,0.789386962786324,0.684421183820507,373.15424665709,107.010157634853,152.772614708353,0,-71.5637163438583,111.332525066055,57.2499637337166,267.988140545928,250.113965173765,187.577459221629,25.2024538582009,2.13924786741336,0,0,0,0,0.143241126147115,0.594383675443912,0.451142549296797,315.615176136183,113.008590801244,151.539641582167,0,1
pAF,9914,distributed_node_runs,886,-79.8169205689718,127.833798651598,66.8530265765649,403.642615848382,287.701137999196,217.052461522224,32.1587635004689,2.04295874056697,0,0,0,0,0.086913022071688,0.636892315413607,0.549979293341919,365.410554372938,122.642129018575,143.758118993123,0,-77.8834429870609,127.136278141855,64.9368911778756,393.674198553572,246.201311920933,191.600941982029,25.5969515532852,1.96085786484036,0,0,0,0,0.114631158411127,0.484288480060314,0.369657321649186,318.586286343903,130.209698625556,149.911780359545,0,1
pAF,9921,distributed_node_runs,887,-78.232582329021,103.786728871669,53.8737075834063,221.846823111403,252.513751885184,192.015991993605,24.826999846744,2.1539307662315,0,0,0,0,0.0937469243572136,0.637477690385893,0.543730766028679,364.278868666101,107.492399064125,147.452922584476,0,-76.9997128006498,103.189889129195,54.2695785846682,218.166854132522,208.746765847642,167.762909267651,27.3353373561331,2.07149918732102,0,0,0,0,0.114774530897112,0.439858602336075,0.325084071438963,317.453905929673,118.2676708033,161.44602263775,0,1
pAF,9931,distributed_node_runs,888,-77.8143024569492,104.080686852077,63.6566466810831,219.055873280556,241.896760487107,169.018113862083,46.0679316908208,3.12600721364288,0,0,0,0,0.0946099313855917,0.707965245502895,0.613355314117303,369.65405293175,104.98628620823,139.249698662427,0,-76.5789138980665,102.395068649176,62.4915199480386,210.9924379559,198.707374777714,147.111003945171,46.492273429194,2.86902443040526,0,0,0,0,0.133994525664035,0.566672041943478,0.432677516279443,308.786073632626,108.34578486787,141.804964587851,0,1
pAF,9934,distributed_node_runs,889,-75.1560321487952,106.364559230664,60.2439257510445,233.883480184006,257.987087484631,196.353604301257,35.261597202436,3.19292145312647,0,0,0,0,0.108659542790735,0.787033255939613,0.678373713148878,374.163229511913,102.878891794775,149.860172561861,0,-73.9630796407737,104.047481422996,60.0626301275302,220.014027964065,216.942016949535,171.967558481909,39.3709100920241,3.12949779476912,0,0,0,0,0.143018411668934,0.564674740525322,0.421656328856388,316.820397603624,110.477011095245,155.212175233174,0,1
pAF,9938,distributed_node_runs,890,-79.9219782671184,108.537209489212,60.7174084221513,243.548207168146,213.789281973084,178.662979510911,41.0744803741763,2.50093912857119,0,0,0,0,0.0984193842948338,0.700316470597434,0.6018970863026,386.768923355776,108.882024159895,153.718363096819,0,-79.2334246910665,107.962256173243,60.1497542417321,241.373374124491,193.506197560931,165.503153946327,41.110735044258,2.38986839660356,0,0,0,0,0.135847165549389,0.528445821050257,0.392598655500868,319.609345045756,113.621028968402,159.632301378069,0,1
pAF,9947,distributed_node_runs,891,-73.5525520253623,114.348569084803,51.685253221146,294.399844534962,334.249398471809,240.967553325048,12.6146406919434,1.62860732203262,0,0,0,0,0.099917031253025,0.731112625228783,0.631195593975758,359.81892797714,101.647261196878,149.817972194546,0,-70.9922880278718,104.637438304006,50.3254245620371,229.681235291156,276.158428780396,201.56666991195,16.7642024474044,1.80168547339053,0,0,0,0,0.126335906886478,0.514695510069039,0.388359603182561,313.916292644593,111.387475964199,153.491971114714,0,1
pAF,9959,distributed_node_runs,892,-75.0542189376901,117.85559982626,57.3848052218169,317.095610204345,329.356557492014,241.47388132738,17.9212804635317,2.11109514289274,0,0,0,0,0.0971274808421867,0.675817656996651,0.578690176154464,364.604359494464,106.336624524214,150.416920825286,0,-72.7376560567802,111.785533107953,56.5715590474697,272.037898003,267.089442482091,197.05745296213,21.9751889391591,2.21269589724761,0,0,0,0,0.11770954268186,0.458915576586038,0.341206033904178,318.199304721693,116.819761884617,158.257998719904,0,1
pAF,9986,distributed_node_runs,893,-80.1889415798297,126.367055129874,62.0748785860057,391.17993288003,276.281336704051,208.002914656019,17.6703958383296,1.55448954331951,0,0,0,0,0.086018760549491,0.647036648696787,0.561017888147296,363.57620613274,121.51524254548,141.814658729761,0,-78.5543873917668,125.731676390831,59.3541599128506,383.029628998888,225.424257058537,171.738571777696,13.1626815514064,1.50274115004504,0,0,0,0,0.113590030640189,0.495002791600952,0.381412760960763,309.665575840714,118.082786494408,147.077305695597,0,1
pAF,9988,distributed_node_runs,894,-79.3868022442465,119.879738413899,68.2083156986699,326.025880839692,248.108816030515,178.314775854516,40.5152964302761,2.67041833957046,0,0,0,0,0.0798224209109966,0.532408591262039,0.452586170351042,374.053109653752,117.551470489328,145.014973458636,0,-77.994254529343,118.819310074573,66.9253944789324,318.546680269232,203.229361257185,152.593867633346,39.1032979090742,2.55256300877954,0,0,0,0,0.106288146794841,0.415383658755126,0.309095511960285,315.891858704981,119.988308177319,150.202372550151,0,1
IREpAF,2,initial,1,-79.0520418179962,116.690006826025,62.3607793470714,309.866960703366,240.472780690208,185.058742521389,32.7676568121387,1.86625090822054,0,0,0,0,0.0982263109978755,0.769310551515233,0.671084240517358,347.192678968328,108.320499094429,136.088453181863,0,-77.6280469703835,116.177170226415,61.4428414537402,304.849499930289,214.799375752031,173.996732309108,33.4712914955489,1.77272339691626,0,0,0,0,0.131373876789433,0.590724113679703,0.45935023689027,309.004298644075,119.605615444434,141.441336713979,0,1
IREpAF,122,initial,3,-80.3730631923543,124.981601450014,67.3908179079589,381.910779559264,251.116078108818,190.394318528488,44.4619296588789,1.76703869627818,0,0,0,0,0.0963357333677312,0.79208297130174,0.695747237934009,336.453912394107,115.837501490802,126.189130053978,0,-78.8230111507004,124.883060300913,66.1496092657417,378.571822053138,218.085450645867,171.892587577477,42.5151308770764,1.67352785399635,0,0,0,0,0.12626249464541,0.605257917883159,0.478995423237749,304.071684085025,125.123189702699,128.758302314363,0,1
IREpAF,181,initial,4,-79.2244649580394,126.608259392967,65.7097968209823,396.885521788585,246.096336500967,182.097775291681,26.7190101986707,1.83849036809261,0,0,0,0,0.0945933238280138,0.722215449145434,0.627622125317421,344.885486879575,109.341837421904,133.580669886284,0,-77.6381549156341,126.325215743565,64.9713284287701,389.834921377594,211.92346379919,163.2235936455,26.3306221361345,1.76398395425349,0,0,0,0,0.123528956561424,0.549316884689212,0.425787928127788,306.612364581437,119.361340662959,137.781806259042,0,1
IREpAF,197,initial,6,-80.8467694387354,118.403997901639,66.2222463934468,315.162194702127,199.893378428045,166.029493776929,42.4863007160384,2.30238418203226,0,0,0,0,0.0876452773756689,0.615176005988602,0.527530728612933,372.220733205424,117.386980193689,143.833639133373,0,-79.9517795072153,118.245913566528,65.5832691662905,314.553129979356,180.707627994969,155.61182936612,42.6367368937972,2.19538827731594,0,0,0,0,0.117844812193904,0.473560010846437,0.355715198652533,316.896394104406,123.716574234215,150.822480736401,0,1
IREpAF,261,initial,8,-79.8111052224474,127.653142230238,69.2374401156912,399.867253635352,235.257799875217,170.60818474336,32.3276845332584,2.40191954804322,0,0,0,0,0.0812166036622614,0.553489088507147,0.472272484844886,359.883391427415,114.705394594013,138.490238196183,0,-78.4419274751302,127.231311917821,68.4478749030224,394.017313100775,198.7823360722,150.134249138759,32.3893436456965,2.31424350039742,0,0,0,0,0.105827596461291,0.429174325557351,0.32334672909606,310.185836735949,119.299138492348,145.42908517691,0,1
IREpAF,339,initial,9,-78.7753330650965,124.402689550809,64.6485056293361,371.127641746942,245.887912267477,188.708733511288,30.4721542472471,1.81646493485459,0,0,0,0,0.0945817959973922,0.731266847713007,0.636685051715615,360.245510914254,117.092034698551,138.136753836278,0,-77.3619498094804,123.603734726221,62.8752158792164,362.354206794518,211.602309468832,168.673567556161,24.4341114100789,1.74643151610144,0,0,0,0,0.128746861821895,0.563470533490639,0.434723671668744,312.270210218929,122.427954585397,141.431958260547,0,1
IREpAF,360,initial,10,-79.4834868292335,114.64953281541,59.6095769443984,293.438990892197,262.317009282619,196.179973159211,26.2360701745711,1.98877865226677,0,0,0,0,0.0870119603313434,0.594253695658991,0.507241735327648,356.928491442653,112.855737876809,143.937512157756,0,-78.0014108858875,114.204963393386,59.3778684985457,289.367497034833,220.612079125392,172.386045920462,27.4118422741958,1.91140806828844,0,0,0,0,0.107419771701374,0.428085080825222,0.320665309123848,315.860847582371,124.050276007125,155.472215224005,0,1
IREpAF,371,initial,11,-78.1349434991033,122.869830980617,60.2970350417155,361.838081000293,276.85166713519,201.97114693543,18.4071554582624,1.6730927796234,0,0,0,0,0.0897358252908091,0.64907885714721,0.559343031856401,349.312907120628,107.455106532099,140.732573982745,0,-76.2611590136554,121.450448691111,59.593171991211,346.528985542027,236.718331444852,176.439728452602,17.9486587969586,1.63805148814936,0,0,0,0,0.114273096435727,0.484758982304083,0.370485885868356,309.97969001222,117.767418319512,147.231375118489,0,1
IREpAF,507,initial,16,-78.2251352643521,124.789159336679,62.2937029182435,373.058473551947,259.176854788806,183.112621344051,20.1846400017021,1.58174400999269,0,0,0,0,0.0760686787895105,0.532135423524528,0.456066744735017,359.596519071005,117.190697695609,138.422990487151,0,-76.86461078509,123.285609301436,60.5107329119164,359.857320389604,209.282080145942,149.639512468406,17.5413793954722,1.55640475635664,0,0,0,0,0.100023927459772,0.411621786934541,0.311597859474768,308.819283633627,117.728631436894,143.549229706176,0,1
IREpAF,648,initial,18,-78.8638107338658,116.894257636339,59.6498209352941,312.856771746071,261.753407968252,200.852380080061,24.0833695400652,1.7037864933227,0,0,0,0,0.0990006330336685,0.771739475808646,0.672738842774978,346.26795992221,110.414278134114,137.794588461768,0,-77.2485553323543,116.224560999883,58.509753582776,306.070056574371,229.601292499203,185.298265102098,21.7632129704252,1.6316945500912,0,0,0,0,0.128465914454254,0.573590623342462,0.445124708888208,312.278672098761,124.199764210316,144.509211537478,0,1
IREpAF,762,initial,19,-78.2168758048755,118.374241802805,62.1861900228491,322.787419506256,247.623243886934,170.463973345431,25.6389780475147,2.04419981451792,0,0,0,0,0.08457852772594,0.578873560026937,0.494295032300997,344.9574713248,104.223563537023,133.351084656858,0,-76.7737835820518,117.389861906061,62.3802416883876,313.715753383487,199.525661208121,139.094691011647,28.3406878715177,1.97889817664327,0,0,0,0,0.104878996799275,0.428805479824362,0.323926483025088,303.025440224599,110.473801447639,140.80377913271,0,1
IREpAF,1116,initial,30,-78.3710951482073,117.927331370407,65.0216168725007,316.259822995451,232.649387891601,162.544433257339,36.1901480305096,1.98743581482267,0,0,0,0,0.0861939707087118,0.637906939367239,0.551712968658527,350.976156829798,107.317456067758,132.804985378519,0,-77.0417001128528,116.684382416697,63.950671305722,307.105833244194,193.092429876193,140.526090214047,36.7321303897115,1.91274197777238,0,0,0,0,0.116334618511397,0.5052502602693,0.388915641757904,302.965706966999,111.372928329169,135.316621420516,0,1
IREpAF,1157,initial,32,-79.4263764265642,122.723919178538,68.5461439449216,356.064433616619,252.874445756068,179.66630521731,41.1458003502048,2.13984501794039,0,0,0,0,0.0856638294465038,0.639835494636063,0.554171665189559,348.809584793307,112.105679144683,131.424729323378,0,-77.8590653086251,121.813846468963,67.2894217750997,347.750728887517,212.316602420175,154.837228968656,40.4976791674017,2.03253811296236,0,0,0,0,0.11414673755658,0.504397982918738,0.390251245362158,303.375787709974,115.548375518603,134.98629914671,0,1
IREpAF,1170,initial,33,-77.9873887086515,117.99471817151,67.4268494318944,313.960402506356,248.554074557433,184.602702004624,42.8945111180365,2.70960690727952,0,0,0,0,0.0858178378633502,0.599150554817881,0.513332716954531,367.247535846254,116.057493599415,142.473758275723,0,-76.6287852645957,116.649873281809,66.2640223131855,303.673521408996,209.566579125778,161.755737598905,42.439617263517,2.59710702430675,0,0,0,0,0.114543924125567,0.465591540897597,0.351047616772031,313.771917460639,120.100404718236,146.996141046505,0,1
IREpAF,1208,initial,34,-77.0083319773535,113.453776046265,64.3322871156764,283.894471817455,295.305716925366,215.000956777963,45.1911758477436,2.65212651270122,0,0,0,0,0.0979290251175187,0.718631963021392,0.620702937903874,356.195890576673,110.315594422347,140.437958895194,0,-74.9381720619697,110.676561357035,63.0630938413178,263.571084007507,247.278199953351,186.396597859897,51.2431021989287,2.57126491568852,0,0,0,0,0.126000786204331,0.528765644409413,0.402764858205082,314.236832637773,121.347818165908,145.285410195608,0,1
IREpAF,1217,initial,35,-78.8924824652873,116.351685931903,59.5711988438676,303.61928204384,224.760849290367,166.781375484752,23.3660343462907,1.97462732429267,0,0,0,0,0.0945929184586518,0.664549451905132,0.56995653344648,371.261767855758,106.245350368161,144.448921087561,0,-77.6938328940256,115.846375814205,59.2617063780814,299.361634216245,192.92882208672,151.82213291787,23.9678565338108,1.9072678638986,0,0,0,0,0.125204023356942,0.494778798846643,0.369574775489701,315.619483625615,113.867261910204,153.086237105723,0,1
IREpAF,1373,initial,38,-78.5133030287515,119.713299902647,54.0495874470489,332.755908497171,272.846912153902,199.179831021771,12.2209894225816,1.5733608018927,0,0,0,0,0.0857533953404618,0.569158887718725,0.483405492378263,372.483773347187,110.177840404482,151.436912360343,0,-76.9715202191457,118.792494593511,53.6220102717091,323.647652299527,218.444701281562,163.238153876067,11.3278376873168,1.53858655627118,0,0,0,0,0.106698087051866,0.40222662612216,0.295528539070294,318.870030764305,117.509689485192,163.71560660277,0,1
IREpAF,1426,initial,40,-78.246980537804,115.075707649842,63.9360408439677,298.563580570936,257.947000292297,185.622652324317,31.0513018435231,2.72770234097698,0,0,0,0,0.0942211304274442,0.660550206861188,0.566329076433744,337.895155451253,103.65574256541,132.795538095316,0,-76.767547375761,114.525471607342,65.1214274167077,292.086685579208,209.062420842522,153.781142834767,36.0460895999022,2.60892376523043,0,0,0,0,0.111044947237905,0.460104794309023,0.349059847071118,303.674027903446,113.379326480441,141.65712512558,0,1
IREpAF,1464,initial,41,-77.5337444117753,126.536465949184,62.9090374889579,383.686288881563,209.037770354793,161.431727079987,19.7147666495948,1.95504200449795,0,0,0,0,0.105536663617812,0.768518037842505,0.662981374224694,374.79713738896,105.483046226123,145.53979958443,0,-76.5745863689887,125.660301393198,62.0407229011636,374.967395658688,186.393609820519,149.526300441066,18.6433181923567,1.91169855911357,0,0,0,0,0.145973270524383,0.595072863354617,0.449099592830234,313.249462002172,110.610910742857,148.886191425274,0,1
IREpAF,1505,initial,42,-78.4003983509467,127.714164724849,67.9646829953528,400.645067649756,280.257692363775,206.621918612625,39.2255132012942,1.793081546537,0,0,0,0,0.0911516790121573,0.74346263917992,0.652310960167763,355.614782927965,119.678974322786,133.70188081491,0,-76.5820533204555,125.859763730992,65.6880496202967,382.456100651469,237.482581847893,178.513987618899,31.4826215340945,1.74168066006314,0,0,0,0,0.126999086328133,0.59405893365025,0.467059847322117,306.73901413519,120.543003493418,134.335317547738,0,1
IREpAF,1555,initial,43,-77.4298539423765,121.092989866426,56.6864080350068,344.994289726577,256.176430360094,177.093968936359,15.3880460633009,1.75759228350944,0,0,0,0,0.0865452168640038,0.573181044622116,0.486635827758112,357.316060039346,104.466362919309,140.759476327817,0,-75.9644339317506,119.892110267784,57.1334285724657,332.590413135232,199.711866796042,140.468191741431,16.0330318050546,1.72885046432202,0,0,0,0,0.105133189851851,0.40367775369995,0.298544563848099,311.224360386277,112.276414322183,152.127706562887,0,1
IREpAF,1582,initial,44,-80.3750972847907,118.958947693349,64.6154679040582,323.398115407539,262.642100252539,193.598561642131,40.4774954392778,1.77836099028355,0,0,0,0,0.0812329925568062,0.607362423425696,0.52612943086889,358.462900343089,117.989740365672,138.439988452256,0,-78.8863829016461,117.990819387438,62.7972221654622,317.467483390706,222.185883804646,168.230706146976,34.9267269569209,1.70150863470917,0,0,0,0,0.109844789808402,0.479058033967278,0.369213244158876,309.734614927322,121.121720234925,142.575116215082,0,1
IREpAF,1658,initial,45,-78.1502516118525,123.417861934291,58.6098340503198,360.303253264314,283.639307023746,203.721608664957,14.8773859991998,1.45359389838268,0,0,0,0,0.0796793718646747,0.565945822307261,0.486266450442587,372.716486648686,114.404423368876,149.43533519203,0,-76.5358605807191,121.399860379656,56.6055857400456,343.652827843769,231.181435941013,168.165359341634,12.9547497034764,1.43508861100781,0,0,0,0,0.108326595908652,0.44162742630735,0.333300830398698,314.485099169753,116.620190562266,153.59895769314,0,1
IREpAF,1663,initial,46,-79.6599649016022,122.977372937044,63.5471606997962,364.062195688851,277.974887339995,209.718473731693,28.5756976676057,1.59266483130341,0,0,0,0,0.0943758576236441,0.778685630613898,0.684309772990254,341.9179035618,117.223521038679,131.135826344543,0,-77.9071321822437,122.306697076643,62.4983802132838,356.460525252134,262.68458760688,208.337065457199,27.925929746496,1.52857990079428,0,0,0,0,0.123445665916535,0.605746173703048,0.482300507786513,333.419345583417,148.116793643734,132.667797225139,0,1
IREpAF,1847,initial,50,-78.615111005278,118.765052211775,62.2601049545886,321.83347337638,269.006001846516,189.30954595669,27.5725074024958,1.86415285304247,0,0,0,0,0.0766264941607326,0.521775943162768,0.445149449002035,366.551631212169,114.345333249119,144.525363967129,0,-77.1373332469647,117.227028759375,60.6338244738796,310.643318463646,218.322031295218,156.302459847426,25.6064958644347,1.81351763119528,0,0,0,0,0.101538153801305,0.406110733309737,0.304572579508432,312.414781534455,116.763129499952,149.987828391718,0,1
IREpAF,1913,initial,51,-80.5131647767184,121.7900908101,63.982649313723,343.291803928593,227.461455885001,171.934901480017,31.8299487410331,1.62495266047335,0,0,0,0,0.0888566466903861,0.689706641670962,0.600849994980576,368.513467680052,114.03738657022,139.90114802112,0,-79.3305756829125,120.791630348113,62.1452246753071,337.384072808117,192.026998490059,150.819911670551,26.2001702524503,1.57399481752145,0,0,0,0,0.126635871453538,0.552995311772641,0.426359440319104,310.296284478503,115.165937800331,141.594989457167,0,1
IREpAF,2250,initial,58,-78.4347576145168,118.552981546472,63.2466436742705,319.691256083792,207.195337277677,161.120368998854,34.7266250725152,1.83545670595049,0,0,0,0,0.0979744660135602,0.764888344373322,0.666913878359761,359.148863311071,108.414208360045,136.29060264484,0,-77.3767145564426,117.729524705717,62.0013543826135,313.529440080363,181.053324141358,147.365102746775,32.8666308949905,1.76472043537797,0,0,0,0,0.136629025834234,0.600557307894176,0.463928282059942,307.767882156535,114.140347833621,138.462783991948,0,1
IREpAF,2379,initial,62,-79.0707138335748,121.887466824316,68.1256871771186,351.016212181068,219.163873246711,166.025042865425,36.2629105629894,2.51474808131024,0,0,0,0,0.10050669640829,0.766383669165893,0.665876972757602,344.213617562644,105.736397390807,131.387170004253,0,-77.8101173391097,121.90468384488,68.3550254249165,348.062716351503,188.543123868087,150.788769993771,40.345686775403,2.36041957679481,0,0,0,0,0.130055410039073,0.573080004510098,0.443024594471025,304.910694943927,115.292705983131,135.91012908454,0,1
IREpAF,2417,initial,64,-78.5517773441153,113.793540452265,64.5017641341433,286.709507521651,248.514855502101,184.562428810787,42.8440559002047,2.32008503504039,0,0,0,0,0.0974219895104824,0.741026002518558,0.643604013008076,350.01870946843,107.964700649485,135.375559638838,0,-77.0521135378553,112.925582648284,63.845483680487,279.909723963985,213.26419833921,166.423601920156,47.0761401809541,2.18311314595849,0,0,0,0,0.128553033028107,0.563039847775044,0.434486814746937,308.10323623013,117.56113012202,140.037217299229,0,1
IREpAF,2496,initial,67,-79.0378594030819,115.251340649735,61.4337267449871,294.910081232108,267.196282995988,200.592338097442,42.610138917822,1.88405417414469,0,0,0,0,0.0795487181855688,0.557894567573228,0.478345849387659,370.895208488539,124.845373505588,143.83119809924,0,-77.7588449162789,114.118455360129,59.6788205128504,287.661921391621,215.782363984075,166.24980159352,31.688177010943,1.83119719815295,0,0,0,0,0.103813201726267,0.417555348161699,0.313742146435432,316.182493122451,125.946674198127,150.250708028289,0,1
IREpAF,2677,initial,70,-78.3080357862606,125.392841226493,66.2184822057139,371.579564556671,227.48245137433,165.101085065602,29.4881753930822,1.9424260096057,0,0,0,0,0.0902308248007929,0.666759450959449,0.576528626158656,372.408569875319,110.856528905177,141.354201539593,0,-77.0992562023164,123.902929117471,64.6756910987646,359.79999857434,191.688821872893,144.754777829519,27.6780020691695,1.89044722947801,0,0,0,0,0.128533990047456,0.542205661253703,0.413671671206246,310.966539839319,112.334851362084,142.783251508106,0,1
IREpAF,2818,initial,72,-77.3026653861227,120.790975394203,52.4081463007794,347.899363358275,280.58933113399,207.503788417329,10.3101246350707,1.54639411081007,0,0,0,0,0.0970295599381195,0.672329596442761,0.575300036504641,347.12469772686,103.376628337879,143.748584776606,0,-75.5889982532536,119.570904651631,53.22029313008,333.619885893276,229.078487969469,171.829842776297,10.2872675501712,1.53252723208061,0,0,0,0,0.111693152459135,0.442209288671141,0.330516136212006,312.478105175265,116.59780610228,156.736326261231,0,1
IREpAF,2890,initial,73,-79.3171092780747,118.700046620622,61.5745111779587,323.16815767758,249.212612970514,174.603876425579,24.0757672116742,2.22493468854373,0,0,0,0,0.0847784312553645,0.554382374022132,0.469603942766767,360.777758917822,108.470067310511,141.641982075375,0,-77.9168985877346,118.303980207593,61.9775714835996,318.616720047816,196.348798489857,143.310728080247,25.9657159517847,2.14951013056634,0,0,0,0,0.103443968052149,0.394489733044667,0.291045764992518,313.417194374993,115.875488642228,154.144602241055,0,1
IREpAF,2906,initial,74,-78.2295465065407,121.121504522308,62.1149825508485,340.616391375394,267.083319895421,188.869168539204,24.6423887997516,1.82395815128257,0,0,0,0,0.0795792071924194,0.544736052978304,0.465156845785885,366.777814168359,115.199631509808,143.380784361942,0,-76.6979839651655,119.517695407437,60.4951637017193,327.601127781255,218.123493202747,158.062140255468,22.4406022429648,1.78443932254959,0,0,0,0,0.104904126710619,0.419047134349927,0.314143007639308,313.640393304846,119.055444469392,149.216502767386,0,1
IREpAF,2967,initial,77,-78.5108154722674,117.198502916306,61.5276935661337,306.525124024758,293.104408620318,236.549396768096,47.8000565326292,1.87110116550321,0,0,0,0,0.0904062779750826,0.694784071243327,0.604377793268244,389.120596197012,131.674467647572,152.20256153142,0,-77.3195634044054,115.583710475649,58.6207489893326,295.194193253482,224.517597226219,177.104341833758,22.9425183118001,1.81716857012725,0,0,0,0,0.122397208109938,0.520974614629213,0.398577406519275,313.379662826439,115.713663209826,151.347166959852,0,1
IREpAF,2984,initial,78,-77.9054273252009,128.3539627112,56.1546052216577,403.655316132453,256.54738343849,190.80336790299,9.817925389827,1.4794869938487,0,0,0,0,0.0885905217575259,0.593081953395858,0.504491431638332,386.929262386388,111.345478221163,156.003242017502,0,-76.5765851938491,126.828297199589,55.018933766321,390.216375407454,214.035689336852,163.414514140728,8.59719311524532,1.46766443183151,0,0,0,0,0.118207788771647,0.44600306234485,0.327795273573203,321.130544249525,115.523172123772,163.763967979753,0,1
IREpAF,3032,initial,79,-78.3911907332248,119.522487618576,62.1851208971009,333.046782269215,241.326908004106,177.053933685551,26.4302529314737,1.80190642252273,0,0,0,0,0.0955378945135326,0.724741492510913,0.62920359799738,345.590572540576,105.422215107465,133.955618347781,0,-76.8806691296538,118.72088691492,61.4430656334438,324.587707018228,210.715362976607,162.028174708157,27.2389890998311,1.73552056623521,0,0,0,0,0.12585498687931,0.554127099435165,0.428272112555855,306.881325262471,116.432373286418,139.385002555356,0,1
IREpAF,3062,initial,80,-79.3463471665855,114.656099789251,59.4528987948159,291.580786781419,225.940174031675,167.662118077395,25.0279572820218,1.98663018387015,0,0,0,0,0.0856466581091337,0.572594527511424,0.486947869402291,365.867557064019,110.458691871499,143.825185190847,0,-78.1781186280471,114.262757505356,59.3088708094928,288.485460836395,188.822114270988,148.756821650211,26.2216914299679,1.91696960907939,0,0,0,0,0.108749904279998,0.419799042741337,0.311049138461339,315.365114622735,118.590522135488,155.072162343744,0,1
IREpAF,3255,initial,84,-79.2299936504899,114.364110265261,59.6013241999899,292.586956112258,249.939773369595,185.385317141096,27.2698883148842,1.81880619709409,0,0,0,0,0.0885128325194241,0.631793349480136,0.543280516960712,350.316787594173,110.437638901625,138.541132027839,0,-77.8218804432735,113.770488663025,58.8994987884117,287.761656411557,211.888771271937,164.288782381802,27.4472993085037,1.74778519944812,0,0,0,0,0.112434653399,0.469154431827999,0.356719778429,310.49375152299,120.990407995898,146.746893085672,0,1
IREpAF,3269,initial,86,-79.7278776772231,122.235266558485,58.827236465306,353.039173774855,244.711085963761,189.393697789754,16.181373594598,1.59468209841725,0,0,0,0,0.0922812499794556,0.667102932029481,0.574821682050025,366.551714159512,110.96313498258,148.134391356665,0,-78.3346090331319,121.939631552118,58.0070467738802,348.945968312182,211.956050141769,171.566595020231,14.4007966224926,1.54210029997921,0,0,0,0,0.121637315537213,0.496429755894788,0.374792440357574,316.805822241811,120.032265125981,156.740169683036,0,1
IREpAF,3375,initial,89,-77.2073853109459,126.631952992947,63.0582241146878,391.652343752521,327.543344466416,240.714760876705,19.6219775233694,1.54511153420026,0,0,0,0,0.0945193776443547,0.795509578387991,0.700990200743636,361.631138418954,128.744433183827,135.161397674914,0,-74.840201539902,122.209562932474,60.0962931290535,355.174495117542,270.266621975883,202.262428347316,17.5355369286081,1.5594840015292,0,0,0,0,0.127793716921075,0.595611725870408,0.467818008949333,314.070789610207,127.941244915426,136.938109730881,0,1
IREpAF,3385,initial,90,-77.3410119407076,127.321675620316,68.4647652825387,392.225409221834,253.964652647686,189.390920472884,37.943478763802,2.12830717522593,0,0,0,0,0.0910487648186375,0.684819048718059,0.593770283899421,364.451462257195,118.605020003968,138.253511305868,0,-75.8269686010409,125.329957859068,66.6228027804709,373.737889063466,213.732846064202,164.433843281073,34.4998723765893,2.07539846276632,0,0,0,0,0.125410756166929,0.542439153954073,0.417028397787144,311.64776768579,120.887731364302,139.889165278871,0,1
IREpAF,3410,initial,91,-78.9776710392299,126.842452331378,64.718782047984,394.155230646026,300.079721961811,217.273348507551,25.304287559411,1.61854838957515,0,0,0,0,0.0907935510786697,0.730404988629691,0.639611437551022,359.524953254477,120.341808681493,138.102342609311,0,-76.8937649863952,125.00662995347,61.8120303164544,375.556625840809,246.774777440671,180.875837348682,18.5730918669578,1.56911431966,0,0,0,0,0.124199989205136,0.568757854079199,0.444557864874064,308.332555871482,118.67153313159,138.206317020212,0,1
IREpAF,3514,initial,95,-77.0982331734374,118.998580480438,53.5759454820418,326.271042756052,233.089110925372,167.451116075623,12.6713667608201,1.61725771117926,0,0,0,0,0.0966932178815361,0.67567016635439,0.578976948472854,367.182043076675,102.170852253214,142.107168864793,0,-75.8328178179599,117.992856150585,53.9708516917344,316.437631847697,188.221317469888,141.832818385825,12.4338295988127,1.59293507874463,0,0,0,0,0.123041268126915,0.477485524317073,0.354444256190158,314.427354080806,110.464657506876,153.816035178067,0,1
IREpAF,3607,initial,98,-78.9741279448758,126.351172140781,64.8217391654959,387.960898209828,246.85639010874,181.642047655674,24.8162586818798,1.94823310133506,0,0,0,0,0.0940186834715802,0.683367753894111,0.589349070422531,367.026739327863,111.011748194484,142.987425537284,0,-77.3900026231648,125.665762975786,63.5947845526936,378.924887529969,209.478200194706,161.594224635392,22.7185180992965,1.88332884970805,0,0,0,0,0.126667256725365,0.523755244364225,0.39708798763886,314.468516103687,118.671171076203,147.277308766698,0,1
IREpAF,3621,initial,99,-79.5069471248564,118.188438891191,62.3713357727169,319.265050024971,261.729114605878,201.52307369683,34.1913401799175,1.78873334880336,0,0,0,0,0.0935018076540449,0.725727201367716,0.632225393713671,358.501772906886,116.002183846489,140.530561805022,0,-77.9825716052171,117.385891644038,60.4739143763941,312.821172391433,226.092363610056,180.774240939489,27.1020392949395,1.71317907862249,0,0,0,0,0.126244988572874,0.558373060208325,0.432128071635452,312.23053790865,122.142471796265,145.523341353365,0,1
IREpAF,3632,initial,100,-78.7652892865924,120.845888807947,60.8708656849784,343.090333172001,292.648132961775,214.92745974382,21.4270431995319,1.81748903865082,0,0,0,0,0.0882001054463872,0.627870933468057,0.539670828021669,356.501497086581,110.488911080371,144.683905926401,0,-76.7654524110334,119.52634148645,60.0306379105387,329.901319080942,247.876648271245,186.235228218753,21.1136470132224,1.7665665722634,0,0,0,0,0.112073953996906,0.465695339972978,0.353621385976072,313.743967675211,120.192659974709,152.665840008537,0,1
IREpAF,3709,initial,105,-78.4868302451521,117.683118860974,62.6869898539864,317.899671357579,284.541169838558,210.102564492307,37.4153091852568,1.88161694693554,0,0,0,0,0.100727949756262,0.809266513900695,0.708538564144433,346.828574392581,109.940377342646,135.718132974797,0,-76.4738269541198,116.168751724144,61.1131298030967,304.868164142706,250.071973963964,193.319552520188,41.4150026817661,1.79772627967395,0,0,0,0,0.133800949048307,0.620057896353555,0.486256947305248,315.79528978949,126.096095890254,138.525022614159,0,1
IREpAF,3800,initial,107,-78.4637606640739,120.028840098299,66.6262955051974,335.931981520722,321.359692477607,240.312198971507,44.7290023282621,2.33955096533464,0,0,0,0,0.101855228352417,0.8178646895197,0.716009461167283,350.90816342477,111.59467273597,140.459587875289,0,-75.8591616069287,117.577201637693,64.7084957462412,313.58052701599,278.241473727885,214.571023171393,46.8267295969454,2.23071111160971,0,0,0,0,0.13466019372653,0.618985046222843,0.484324852496313,313.052206989367,122.691405757243,143.104649572929,0,1
IREpAF,3948,initial,117,-78.3830345799211,118.601972735182,63.6885813816227,321.07533156854,234.194190490729,182.483825751522,36.1910574181093,2.21560921320633,0,0,0,0,0.104554610567726,0.788655141879831,0.684100531312105,363.04187952225,108.436062143701,142.511795744952,0,-77.062372063805,118.062891181231,62.6897819682645,315.257454433088,208.126236147327,170.884517062063,37.1653142615614,2.11799250807599,0,0,0,0,0.140843346069453,0.592388951155506,0.451545605086053,314.286943743558,118.273107141904,148.182761912357,0,1
IREpAF,4055,initial,121,-78.6068445258878,113.436053184192,60.8365477274018,286.23929771262,302.547806208517,219.712902363251,32.0348291618357,1.99597041455127,0,0,0,0,0.0946489769450949,0.704454270675147,0.609805293730052,350.120334647698,107.213988357224,140.662297885703,0,-76.4181452572399,111.632813829287,59.6202272786355,272.686216755101,256.068923704941,191.689509725718,34.9003889796113,1.91620612574116,0,0,0,0,0.121535135891898,0.525465384674763,0.403930248782865,311.124123725822,118.557239050144,145.584513385541,0,1
IREpAF,4097,initial,122,-78.6952089274058,115.811246628141,59.0276163793685,299.835065977612,231.673897550078,166.235698477154,22.9440582119423,1.72324796017347,0,0,0,0,0.0817719573970915,0.56564416772301,0.483872210325919,368.962982504723,109.875871509219,143.237081361263,0,-77.5407957504113,114.720681044763,57.9301136211074,292.680322260236,192.18240959795,143.992633786525,21.8343535533895,1.67740737877102,0,0,0,0,0.109899130671882,0.438289832002669,0.328390701330787,312.532236907944,114.037283816539,150.587458286119,0,1
IREpAF,4157,initial,124,-78.2110560915176,124.416150998423,56.6937693517339,375.98902740175,241.548283783181,177.867084698737,12.1593246082775,1.57504045230598,0,0,0,0,0.0926045166837008,0.642613522525546,0.550009005841846,358.836602274336,106.622584714292,142.952646949404,0,-76.7966446211381,123.972258616304,56.6853955124665,367.966748065713,201.23743193478,155.425307032845,11.0805277769105,1.53701581034329,0,0,0,0,0.115750031022926,0.457674899185394,0.341924868162468,314.200354388748,117.600930809178,153.953741767589,0,1
IREpAF,4162,initial,126,-78.5479297431127,128.89417001761,66.326746049833,407.027442442542,260.223325820218,181.48730791144,24.148822898358,2.00259085163998,0,0,0,0,0.0750208525200584,0.499799033099056,0.424778180578997,369.371655737152,115.884633233938,144.939128677508,0,-77.0734018223385,127.41139300388,64.7811692160553,392.643593351468,208.433175860504,148.166723670667,22.6101898909255,1.95546406733047,0,0,0,0,0.0997219455696085,0.394923179292977,0.295201233723369,311.202971226812,116.561401188017,149.530767411183,0,1
IREpAF,4284,initial,132,-77.8776078664775,115.68871312278,68.0033894179337,303.502415067074,234.886644587888,163.28287199021,41.7088566156162,3.06164708670258,0,0,0,0,0.106116538373363,0.811185596841795,0.705069058468432,330.711140554813,98.848469030374,123.336309126893,0,-76.3194508090757,115.016340591966,68.5729262913673,295.856226345226,193.4036434642,141.424861578133,52.6042874162376,2.84488157245505,0,0,0,0,0.13280546427374,0.593836887828389,0.461031423554649,299.661084216095,112.00298549224,126.735205745124,0,1
IREpAF,4314,initial,133,-79.963598294472,123.682061389564,64.7003821437259,356.049603693106,233.191019050137,187.835860777108,34.8908264983838,1.72687069972017,0,0,0,0,0.0945385498979046,0.743798290181289,0.649259740283385,377.557161141252,119.965201721148,145.195079566178,0,-78.9657349324542,122.553420778013,62.8960194497945,349.017366116641,196.901145494405,160.896466998933,26.5554293630739,1.67963016300564,0,0,0,0,0.135074090060411,0.585155023320804,0.450080933260394,313.525778734122,118.1823040942,144.203939066023,0,1
IREpAF,4444,initial,140,-79.3654582012892,119.392426772879,61.0253383125174,326.545073857393,234.9591415881,182.749335577108,24.0133957716753,1.77154581907234,0,0,0,0,0.0927929317528934,0.683402227486299,0.590609295733406,369.906609815785,111.630012688096,145.968969886123,0,-78.1211687344113,118.722983122296,59.6870892465228,321.318956302898,205.906930735389,166.887288194859,21.3548318587782,1.70848625658618,0,0,0,0,0.127000695756711,0.526442441433225,0.399441745676514,315.19776289981,118.232670840745,151.522555905231,0,1
IREpAF,4449,initial,141,-77.3674660525409,115.456945741867,58.9983207639586,297.354890048031,265.382116985187,197.987926220405,24.2683895947193,1.81687057006638,0,0,0,0,0.094263881682393,0.694382381868252,0.600118500185859,369.158439200241,111.099875811866,146.379315880562,0,-75.8556604777206,113.603346718126,57.4170545315339,283.808046731731,221.918020581452,172.314092167158,22.3507788211755,1.77694583632183,0,0,0,0,0.127208293913137,0.524344488628537,0.3971361947154,315.742572408188,117.544936932511,151.016663543748,0,1
IREpAF,4547,initial,143,-78.60091701579,128.309990651969,62.3341822826438,404.024381923715,297.203110778581,220.994050472924,16.5139186072702,1.65875120613055,0,0,0,0,0.0798561044137791,0.556213640931067,0.476357536517288,379.459338790024,122.899532638949,152.769198121017,0,-76.7838313516464,126.482207550306,60.1266115498293,386.175600975718,244.688359213702,184.339789082442,13.9296657900595,1.62958751163023,0,0,0,0,0.10720187110011,0.428975241167335,0.321773370067226,320.488505305912,124.827638293707,158.305086691782,0,1
IREpAF,4608,initial,145,-77.5571274019541,119.36407700565,54.2411260463996,325.962936234788,235.46309134765,170.836765225416,13.1463490271562,1.66963622420008,0,0,0,0,0.0928200848279363,0.633840597757758,0.541020512929822,380.68911855929,105.679781172497,147.628459636216,0,-76.4116571994773,118.285730579012,54.032865112176,316.944059970732,195.985920550047,147.921597104458,12.5828465682316,1.64111433947255,0,0,0,0,0.122168180101221,0.462592405914149,0.340424225812928,318.701168903757,111.305926901841,158.941401788827,0,1
IREpAF,4899,initial,152,-79.0786909307506,124.271144370465,69.5187766503742,370.09482635623,229.52518033667,160.35364161044,35.0365898948148,2.50556132951897,0,0,0,0,0.0881038801852259,0.634646927477852,0.546543047292626,344.813409852868,106.732265604842,129.436703866797,0,-77.6834016925613,123.759225772883,69.2491189909667,363.493655843552,188.323062384003,137.100219503467,37.2915009954631,2.37386302535742,0,0,0,0,0.113304992372164,0.486103821340059,0.372798828967894,301.511005458608,111.641124363148,134.405292436098,0,1
IREpAF,5067,initial,157,-79.352755529819,118.27828364949,58.9740557938895,321.301381670833,214.976930024874,167.131894609753,20.2141656868116,1.92691626110172,0,0,0,0,0.0950667763041732,0.659975281795877,0.564908505491704,362.68737986753,107.041740605484,143.257184993311,0,-78.2748704814905,118.467635285896,59.6171758927583,320.601337327694,187.455573117208,154.245915778094,21.4325051622109,1.85862704773172,0,0,0,0,0.119667914342748,0.469911930148547,0.350244015805799,315.893987028481,117.659526786832,155.825206030282,0,1
IREpAF,5074,initial,158,-78.6871796948928,119.285296911146,62.4491985488297,323.864730926023,210.310617248928,160.536044819601,28.164822386032,1.79589106085041,0,0,0,0,0.0995747376623561,0.778457527342121,0.678882789679765,365.4593723242,105.100286794543,139.131428639631,0,-77.6672102783912,118.293033312341,61.2239887878239,317.07823509957,184.093102110837,146.22921741864,26.5910584993217,1.73999229305991,0,0,0,0,0.142285985677402,0.621291236233642,0.479005250556239,308.15487149137,109.008449054356,141.213619162444,0,1
IREpAF,5103,initial,159,-77.3514885852866,121.926510592853,59.9333127611194,348.157039289967,252.313764297214,187.322951909824,18.2679022407028,1.66315617876535,0,0,0,0,0.100927720431533,0.779936669099127,0.679008948667594,363.76750663064,105.833934200782,143.518225505718,0,-75.8200250794556,120.177786364378,58.4676221040826,332.807078421019,215.758625935032,166.798017061217,16.7404363852074,1.62638703000266,0,0,0,0,0.139562493804692,0.601060550122721,0.461498056318029,311.555881706114,112.383754813196,146.593837101421,0,1
IREpAF,5552,initial,175,-77.0243659536463,122.386081909805,58.0078426654009,354.739907756139,251.108964215709,180.654889841397,15.8073483026164,1.72316276780475,0,0,0,0,0.0881877484855036,0.600595622619615,0.512407874134111,359.422542951812,106.575002984289,142.791808356159,0,-75.5980134245313,120.876089276136,57.9908493948649,340.264666284569,203.746282203945,150.310148353998,16.2245736803598,1.71195609770439,0,0,0,0,0.110395419367747,0.433852914831993,0.323457495464246,312.054768927803,114.357639348713,151.710991944365,0,1
IREpAF,5860,initial,184,-78.6446690530359,117.685395803291,63.7085331246375,313.634193974936,227.246766187171,167.349143882609,31.2558118902816,2.26173406009184,0,0,0,0,0.0834332249274808,0.561516852036176,0.478083627108695,363.145230360526,111.735394817326,141.294436027354,0,-77.4539462939093,116.953281881346,63.2102597243243,307.640897131156,192.322171856053,148.805619516475,32.7466468349558,2.17933884430022,0,0,0,0,0.108021441335877,0.426025561453777,0.3180041201179,312.845856948439,118.589659964542,149.350715830794,0,1
IREpAF,5947,initial,187,-77.9406305518819,117.93907772382,57.3296795850227,319.837371861022,231.069105251256,178.305566817216,17.5196243260143,1.93431434984814,0,0,0,0,0.101026738358929,0.707502857752209,0.60647611939328,360.499618310132,105.630417850371,143.923485747033,0,-76.7120198435933,117.820865044952,57.8503772622616,315.576256188635,200.013852681474,163.527948299463,18.0041918091119,1.87882856540091,0,0,0,0,0.124903831068258,0.488231817149635,0.363327986081378,316.838879994142,118.453460839024,156.68413167483,0,1
IREpAF,6006,initial,191,-79.0705506561552,127.278014089088,57.5582578546139,393.753794057752,222.196510662725,176.72863874412,11.4041073250992,1.62349771171284,0,0,0,0,0.0931441321863613,0.624006854732548,0.530862722546186,387.041619235861,111.275743932354,154.965649452692,0,-78.1010239432293,126.97698800827,56.9378491746828,389.284956596238,195.191872795189,159.93385682434,10.0247215784584,1.59274034880218,0,0,0,0,0.123366175641769,0.460924084468458,0.337557908826689,322.407819620883,116.657271835473,164.694388182412,0,1
IREpAF,6010,initial,192,-77.0763887361184,119.251909728171,55.1527618918365,332.231929247682,234.416812699033,161.05603560531,15.506600355533,2.05205804354773,0,0,0,0,0.0953257282145007,0.622544274740995,0.527218546526495,350.971453537495,100.338919711598,137.533544938224,0,-75.838291806325,118.858367404944,57.161414227509,324.869390646662,173.96356835018,123.844807039404,17.3723505943271,2.02028556468576,0,0,0,0,0.107625321040325,0.397819913925594,0.290194592885268,310.448572456764,110.212704463996,151.10078221815,0,1
IREpAF,6048,initial,193,-78.788193640301,126.143458283149,64.7254310975078,386.834004599961,253.934048236995,185.895209848262,25.5369038975696,1.60362159968645,0,0,0,0,0.0878803845343232,0.684046818573179,0.596166434038856,355.416415713204,114.850764009105,135.266988188554,0,-77.2660954190312,124.932111548415,62.9382704193097,374.913218797511,214.445223031467,161.485824067306,21.8584684778361,1.55646842261558,0,0,0,0,0.120903728573351,0.541977854325421,0.42107412575207,307.465007765724,117.855742395335,137.165361357684,0,1
IREpAF,6140,initial,196,-79.2304719733492,126.518533054804,69.9762021825826,395.147307272933,239.445080324505,171.887277894661,41.6612544495511,2.06450918142946,0,0,0,0,0.0914478463233512,0.719280313546842,0.627832467223491,332.1891420764,109.029764270505,122.048640137667,0,-77.7250557278804,126.006629914971,69.0609233582862,387.448398758973,204.606787239558,150.454050116867,43.0119205316732,1.95983054456519,0,0,0,0,0.119705288870928,0.563608832542353,0.443903543671425,295.081914309823,113.871905385375,124.421939233066,0,1
IREpAF,6235,initial,198,-77.4449365094491,126.433859243172,58.8691074707874,388.489388026194,313.459548951032,233.494559041668,12.7604456112094,1.44155842060718,0,0,0,0,0.0936431864834571,0.728608766604681,0.634965580121224,372.907390768865,114.771536627159,152.174014913456,0,-75.3377110219308,122.809085451348,56.338755285533,359.165924625817,260.827068370854,197.984712140005,11.2608243937393,1.45259374720263,0,0,0,0,0.129636820564169,0.559222687262993,0.429585866698824,316.678403782436,117.772138844237,153.115521457551,0,1
IREpAF,6646,initial,206,-77.9559259677963,121.079992790775,68.7729931442507,340.868471397274,246.483764900026,179.359740778535,44.6154839689043,2.68240709742531,0,0,0,0,0.0886857774518143,0.632856400671851,0.544170623220037,356.591417929376,114.34114816886,135.634875204618,0,-76.4843673595415,119.868163574308,67.6576106667521,329.648297016626,210.831332585356,159.504478895084,46.0621759938658,2.55432015963743,0,0,0,0,0.116733728945468,0.489023264528602,0.372289535583134,310.856346536348,120.954327333526,139.867040551243,0,1
IREpAF,6666,initial,207,-79.3997048893604,127.246495363164,66.046619590943,394.758959526504,296.478491414258,220.432450661698,32.0606878776671,1.89293584537518,0,0,0,0,0.0839119785454248,0.619617356098688,0.535705377553263,372.634263614527,126.645312622706,144.591407113659,0,-77.5406364484542,125.927681759893,63.669927066321,381.404162848713,244.89523644212,185.727490011479,23.0192629490484,1.82537306129234,0,0,0,0,0.112898432700758,0.475050461323832,0.362152028623073,317.904680603988,128.011237546751,148.38104550553,0,1
IREpAF,6900,initial,212,-78.2574570698412,124.208328389851,70.1571851779497,364.957268242699,255.418874650175,185.44801660144,47.8429734989913,2.35993622635579,0,0,0,0,0.0910447721694669,0.69861724433873,0.607572472169263,359.081296108103,116.041031717104,134.155088583246,0,-76.6682751859767,122.650522866224,68.3880680186571,351.092540076971,215.457302901625,161.551191133109,44.2220238060545,2.25037619434079,0,0,0,0,0.125869273328495,0.55934828259857,0.433479009270075,307.204770657583,118.183073265904,135.697324637405,0,1
IREpAF,6914,initial,214,-77.353066458542,114.966973007784,57.271845011296,296.690796479072,251.342142092399,196.925081162415,20.0437491555931,1.8824725808081,0,0,0,0,0.109853713171012,0.845250701290775,0.735396988119762,355.869063983708,102.077675203735,143.952551595895,0,-75.9147605748316,114.057379270553,56.8293868179935,287.838180467368,223.701464148013,184.391570713677,19.975353836533,1.82678462148397,0,0,0,0,0.143294061433354,0.606858513257071,0.463564451823717,314.011308404402,114.773488364186,153.29177645478,0,1
IREpAF,7144,initial,219,-78.9850832821364,125.013396798333,69.3414660343862,375.1948438335,234.481429981053,164.488760621054,36.1814805955291,2.33005836581287,0,0,0,0,0.0815632783133792,0.579437193571343,0.497873915257963,349.055869143427,110.807542687224,131.705135885806,0,-77.6292765900157,124.138512838986,68.3583065517565,366.560907574486,195.540967659552,141.575960807797,36.3174537781524,2.22542729799534,0,0,0,0,0.107406279308673,0.457803967328713,0.35039768802004,301.888643710416,113.108365848657,136.246438738153,0,1
IREpAF,7192,initial,221,-78.4231478594907,122.022007627183,67.3499101253649,346.114503353678,282.059993868505,193.47401784706,36.7551128078121,2.23721445615956,0,0,0,0,0.0795983917939201,0.560745431866414,0.481147040072494,364.427282104814,113.868139956117,140.357677102661,0,-76.5982592960783,119.936197040586,65.3743722930367,329.623927358285,229.23996869841,159.173813298476,34.7202072989385,2.16465118345513,0,0,0,0,0.107642716141532,0.447653619401081,0.340010903259549,309.510568870523,115.102375647239,142.980236332027,0,1
IREpAF,7366,initial,226,-79.3039161777864,122.872035240768,63.4475204040748,358.845889155818,260.709354068254,194.133798753617,24.3803076870754,1.98736346979422,0,0,0,0,0.0902066454258801,0.641022701895395,0.550816056469515,358.438326545103,110.713129032876,142.687030554685,0,-77.7073762526906,122.424312509789,63.1573488484989,352.334033151315,218.215149903117,167.999581695629,25.0904847537859,1.91244322994316,0,0,0,0,0.114649607403417,0.471398153385573,0.356748545982155,312.790774066718,119.310599613222,151.01056421593,0,1
IREpAF,7431,initial,227,-80.4092522536096,129.581744695807,64.3317580249933,418.062788954572,247.778087105573,197.310563742009,19.3104941818019,1.49852074878436,0,0,0,0,0.0935484533831779,0.758149610994082,0.664601157610904,369.691096554699,121.508463339218,141.961263047537,0,-79.1755621255528,128.836201686467,61.8020255203241,410.659336258526,202.361742295034,160.828634119618,14.8360831791178,1.45134987893471,0,0,0,0,0.131318147504143,0.59714719570795,0.465829048203807,307.20972976441,113.88538655328,141.290047025976,0,1
IREpAF,7438,initial,228,-77.3976441795245,117.389777430501,60.2645462326652,313.977524008744,267.985816132757,207.550332242623,24.1177686863448,1.91006158120581,0,0,0,0,0.10457208167118,0.81010901243731,0.705536930766129,356.583882234678,105.687339541335,144.698597274418,0,-75.7304556894461,115.92594658452,59.5567449402235,300.690692104841,233.928030753636,188.256312680311,25.0127889741052,1.85283749504015,0,0,0,0,0.138110890065015,0.597711733542512,0.459600843477497,313.100612350026,116.639642666796,150.695633619266,0,1
IREpAF,7466,initial,229,-79.2476702470319,113.622697296636,64.580694573652,286.08585151083,237.989134096519,172.451878745305,37.5788092425137,2.4316821785178,0,0,0,0,0.0952416815204615,0.699016877813002,0.60377519629254,344.861409726996,104.865091065134,132.790254023191,0,-77.8567562671685,113.250561113617,64.822020284438,282.636297859166,198.906013455173,152.33077774756,43.499611542331,2.27830019858447,0,0,0,0,0.120958976812933,0.51828976575259,0.397330788939657,305.908377202741,115.157996505728,138.740370730379,0,1
IREpAF,7476,initial,230,-78.904902420267,117.941650729171,61.863346646662,311.022742516626,243.080167073931,184.799180198679,30.4040832562459,1.74387378018582,0,0,0,0,0.0879664780417586,0.656912702198197,0.568946224156438,379.735811765502,115.120096507999,147.690939130436,0,-77.8602107856574,116.46572235938,60.0487952000516,302.241385540696,202.762177847846,157.938531199521,25.9772775773054,1.70043796071695,0,0,0,0,0.125707029791876,0.524458222113855,0.398751192321979,314.239552491628,114.910161213815,148.597091832093,0,1
IREpAF,7489,initial,231,-78.2049920865695,121.532339855831,61.9703218176167,346.027782963575,244.950211713956,184.116983184518,24.1308098117224,1.67190370881872,0,0,0,0,0.0925884548274395,0.710016452287794,0.617427997460354,360.168164709539,113.45876509459,138.678212314216,0,-76.8487899950907,120.323332993096,60.2167476801554,335.509852038674,209.126450982752,162.825613517234,20.6521936119934,1.62176504810486,0,0,0,0,0.126584223868123,0.550651746659278,0.424067522791155,310.778465585205,118.268264287104,142.009742788095,0,1
IREpAF,7745,initial,236,-77.9038400018714,122.213593819191,63.8973363266424,357.504362233534,283.576661075902,205.860826706114,26.561966493442,1.92211977209809,0,0,0,0,0.0985926946056044,0.762435576572431,0.663842881966827,338.243093684287,103.877465054065,133.962445526251,0,-75.8554918332033,120.575983933768,63.4019028049651,339.651720064937,241.556629595732,178.49230119705,29.5124956763575,1.87004659529703,0,0,0,0,0.125178293633215,0.566807071595769,0.441628777962555,304.228722526263,114.77651676707,136.904508509956,0,1
IREpAF,7756,initial,237,-77.124267214435,114.169600462878,53.8210672511583,290.495556500497,309.33310583562,223.531916830485,15.0651445161857,1.77361454890342,0,0,0,0,0.0882197577725559,0.589370251067639,0.501150493295083,369.109444690534,108.910841732759,150.558982120249,0,-75.1970048432614,111.676524437009,53.1087843512295,271.665977980013,245.021865076,178.894538546985,15.3573080167043,1.75847923764377,0,0,0,0,0.107773740415093,0.408962341936448,0.301188601521355,318.646868544627,117.611664939504,161.615967655114,0,1
IREpAF,7812,initial,238,-77.6377194827086,120.113646258532,64.460856597144,327.498769944015,263.705654272417,187.565610249825,33.7882905801962,2.06689846809604,0,0,0,0,0.0812487962569149,0.562873100170436,0.481624303913521,380.580781019889,117.520324649988,147.56186967891,0,-76.2758776423661,117.961480430039,62.4862470547207,312.369303188883,215.09864581786,157.607639224763,30.3890236715852,2.02191594143733,0,0,0,0,0.112838448195157,0.449456028606659,0.336617580411502,316.246545687143,118.019723775433,150.501047151171,0,1
IREpAF,7841,initial,241,-77.1625394262618,125.83039609979,61.9490175598931,384.259244326116,282.11633027935,206.879027538969,18.409843429632,1.6916264430256,0,0,0,0,0.0904157691195672,0.66760830095558,0.577192531836012,360.53886323981,112.512062072346,142.965978649727,0,-75.2826477224356,123.092552146546,60.3053965182766,360.10759031581,239.02597762227,179.043065189671,17.5777865723394,1.68923258040377,0,0,0,0,0.12010648281384,0.509278341390513,0.389171858576673,313.63186379955,119.529947287865,147.263696011049,0,1
IREpAF,7890,initial,242,-77.9862280284498,114.375333156523,57.8970528826767,290.149098300967,259.88859322045,173.482666639946,21.6721510708303,1.80132601093646,0,0,0,0,0.0789705499500552,0.527554486406258,0.448583936456203,364.833461265291,106.767395144227,142.577697616957,0,-76.5530830878612,112.733434912005,57.1180782937991,279.049436323124,203.212143904726,138.655826495116,21.9199005282208,1.76529739875332,0,0,0,0,0.102724146342722,0.401392825972376,0.298668679629654,310.344053437086,110.616018907971,149.248264909295,0,1
IREpAF,7912,initial,243,-79.9952071982773,121.0840314322,61.309579647761,341.920230751775,260.460788921198,185.847838569156,22.2322643944717,1.62387134424353,0,0,0,0,0.0794979287291617,0.558797751487896,0.479299822758734,362.05380313949,112.890120723299,142.378904864746,0,-78.4606840016192,120.15160571319,59.824654118419,334.906305891931,215.499932831299,158.268266329742,19.8646657323588,1.56932079914986,0,0,0,0,0.105098838034839,0.43236955246245,0.327270714427611,311.426091809866,117.840896872611,148.651706207297,0,1
IREpAF,7935,initial,245,-77.4594648483615,115.49095074121,60.6033109684383,301.30201635171,305.804756540063,230.042960876643,31.8244697361079,1.98615953731496,0,0,0,0,0.10224354708216,0.793528764569679,0.69128521748752,350.174469889556,110.44189095316,140.875048512742,0,-75.2531355769463,112.978288984183,58.9678364629131,280.842744221984,261.720303064849,204.154448275371,32.8684139103061,1.93718861110028,0,0,0,0,0.130723956131917,0.574427843545878,0.44370388741396,315.002394330691,124.664933299111,146.786902677889,0,1
IREpAF,8038,initial,249,-78.8557822590854,121.40457424083,58.8302572561766,345.877888510677,207.098585247251,161.00077712167,17.2417639761043,1.62415818552836,0,0,0,0,0.0990962915895393,0.741037291230038,0.641940999640498,362.442936825355,103.367877878816,141.003597689126,0,-77.7872172121423,121.155611459725,58.613543062616,342.2125298619,183.543036965526,149.709146478061,16.4814015687334,1.57238528623202,0,0,0,0,0.133811874074684,0.560483942562841,0.426672068488156,310.820552038625,111.43607801195,147.751578258608,0,1
IREpAF,8204,initial,253,-77.9954719460978,124.64922708011,60.7517764859527,376.528730147469,254.605681941634,180.113086857004,17.7746062361548,1.63042373751523,0,0,0,0,0.0923026490063066,0.677297444948356,0.58499479594205,351.280080051569,104.464528339828,137.164591560405,0,-76.3012837010908,123.348663369773,60.2223445356068,362.581905355965,212.191009980386,155.186845841494,17.4023870051824,1.59413196435344,0,0,0,0,0.120229495425378,0.511068324356738,0.39083882893136,308.049747943976,113.003494722161,142.921793966648,0,1
IREpAF,8214,initial,254,-80.4302981143946,117.124776922144,67.4566227528833,306.100923431755,206.016736567559,169.282360999328,44.0989305800031,2.82198925181001,0,0,0,0,0.0950933404066547,0.67308651424314,0.577993173836485,369.047532092074,113.511659977645,143.61932841573,0,-79.4745961792385,117.236783856411,67.3622408352956,306.51804560843,185.986304582824,159.489330270782,46.938018614168,2.64537613439097,0,0,0,0,0.125261424000104,0.502625486668257,0.377364062668153,317.103055996184,122.057597904961,151.579046003366,0,1
IREpAF,8338,initial,256,-79.0872396792374,117.30854510856,58.0365325825265,315.625143318979,274.150926835362,193.221651487678,19.5260835470981,1.70864699470258,0,0,0,0,0.0881613332630063,0.618097846880641,0.529936513617635,352.3239390417,104.535220644342,139.171531020935,0,-77.2956315618222,116.361842695109,57.9944940037323,307.115567767701,226.955509154395,163.910096003983,20.1844181888155,1.64864267398298,0,0,0,0,0.110539693310721,0.454322040704772,0.343782347394051,309.960730226601,113.886639409724,149.66606118771,0,1
IREpAF,8508,initial,260,-78.8397809248325,115.027519410522,57.9930178021755,295.566976965094,227.726252582957,164.09272811254,21.4150179083517,1.76462274365622,0,0,0,0,0.0794223870722653,0.529747763573977,0.450325376501712,360.199918511709,109.067093262798,141.492140714018,0,-77.7190498548605,114.244638003802,57.7388408294612,290.107781325383,187.979529214299,141.181308385068,21.7521649331065,1.71326567984579,0,0,0,0,0.101952795256011,0.399957745126773,0.298004949870761,311.037088561676,114.64740259969,152.47503282689,0,1
IREpAF,8533,initial,261,-77.6302712927169,126.66733249111,67.9823062605038,393.129466425531,291.209433569325,206.581858041885,32.4623558244784,2.05163915890444,0,0,0,0,0.0913625899375315,0.706341124452839,0.614978534515307,345.593445383922,109.596267473287,133.290277637272,0,-75.4711521436973,123.95322084336,66.3261346176171,366.984570391369,244.053881356172,174.532632377151,33.0958800356893,2.01270786341775,0,0,0,0,0.121156241453345,0.552100821956456,0.430944580503111,302.348479328124,114.246082332527,133.486891450381,0,1
IREpAF,8567,initial,263,-77.1292058650144,125.478462861304,61.0045950547392,380.902221701118,273.630706134521,197.322813660125,16.8542067667004,1.50406057754299,0,0,0,0,0.0960222624128198,0.763930036424263,0.667907774011443,357.002385738873,108.473143729163,140.616111526803,0,-75.3037628437856,122.475373455559,58.9742258801044,356.714333820387,231.633805527323,171.55830452716,15.5028581577717,1.50221636945207,0,0,0,0,0.133528433438585,0.600795584599058,0.467267151160474,307.950252067021,113.600086240676,140.575716492115,0,1
IREpAF,8688,initial,270,-78.8300902944631,119.101565887403,68.84782110379,319.9071377482,234.758723658633,165.917488018415,41.9025743703969,2.82877924180502,0,0,0,0,0.075451901114734,0.495696481384217,0.420244580269483,373.709894021245,117.489449271474,142.822518996181,0,-77.6742094560555,117.835698919021,67.4172969550195,311.540109930536,191.378975007992,141.386063042806,39.493723161042,2.70419779559961,0,0,0,0,0.101527199895954,0.395354521041327,0.293827321145373,312.999438667266,117.644482235879,148.607696525688,0,1
IREpAF,8792,initial,271,-78.033454738121,117.122742165503,64.371250782912,306.427227148702,231.416507219008,167.879559633409,35.2519090025016,2.24027877020126,0,0,0,0,0.0937226164358376,0.68330432438198,0.589581707946142,370.849464265986,108.452165840958,141.891817601584,0,-76.7361082726998,115.779566378001,63.2782869994386,296.902097153695,192.061605330531,146.977314981701,35.6773344106587,2.15859933751562,0,0,0,0,0.129461897203717,0.53432233184274,0.404860434639023,311.880895673828,112.738274156272,145.050678654314,0,1
IREpAF,8864,initial,272,-80.0547042287407,121.338368161509,59.5557447336176,347.153280308704,294.390138439376,219.118044042181,18.2044313002189,1.5596842696832,0,0,0,0,0.0841768455892609,0.610304709041197,0.526127863451936,360.525543846037,114.707702448541,146.374359649169,0,-78.1278329708474,120.423587495045,58.0232722482135,338.760817593678,250.514504645951,191.519059214239,15.7815744470936,1.50989456046591,0,0,0,0,0.109529453312468,0.462201979539829,0.352672526227361,315.364169856002,122.469109593643,155.860271322545,0,1
IREpAF,8947,initial,275,-78.2618111419719,118.808666401724,60.6205802011878,323.322967564991,297.329947237893,211.895047853941,23.328066998547,1.89316414902714,0,0,0,0,0.0860371198974205,0.600784169798076,0.514747049900656,371.153171016878,112.045450249323,148.706318143922,0,-76.2687079590881,116.736422340371,58.9489444289444,306.729746900133,245.475799103566,179.839895426674,21.9972897689913,1.84721541954423,0,0,0,0,0.113887235996483,0.456554672071771,0.342667436075288,316.824541009322,118.372243832568,154.312165949153,0,1
IREpAF,9284,initial,282,-79.6824601370158,120.779057929909,60.3217572026455,336.863169800356,228.214939965233,186.610723245394,20.33396825604,1.69962429979205,0,0,0,0,0.0993268112867229,0.75581595136892,0.656489140082197,371.611370016028,110.848630811153,148.096793499306,0,-78.6128992486605,120.311744807275,58.9222946890821,333.149889705917,204.04016070531,171.714144145379,17.4174248624258,1.64121507041637,0,0,0,0,0.137802011200393,0.578057667160181,0.440255655959788,315.672362750021,116.980011787648,153.022609040362,0,1
IREpAF,9400,initial,288,-80.4748887113724,121.014371437064,61.6339013630739,342.761279209344,247.673389336829,201.592678559995,24.2244289895752,1.68532401946868,0,0,0,0,0.0968155989448341,0.766694138653275,0.669878539708441,359.474952815523,117.94023909419,141.201030013212,0,-79.1808822772617,120.839586636407,58.1323609708068,339.277595199491,204.229010718627,166.474249344388,15.7490345059741,1.60649845932858,0,0,0,0,0.129766236729753,0.598178266772737,0.468412030042984,302.692131116717,110.098906702868,143.750465770484,0,1
IREpAF,9415,initial,290,-78.1914896514814,119.77928521029,62.2583631718207,336.585792388081,244.370496270727,172.627494033819,24.5035964595518,2.1290253162806,0,0,0,0,0.0916893251760187,0.634720235281308,0.543030910105289,337.795055343893,102.883219928801,132.968974066258,0,-76.7686831060248,119.336271394604,63.2832813916784,329.530476438216,197.851053666738,143.463135103928,28.6957111388692,2.06169045483693,0,0,0,0,0.109131727005387,0.448046156311922,0.338914429306535,303.255531615603,112.811486012633,140.822464484343,0,1
IREpAF,9522,initial,296,-79.5121540331828,119.433335861609,64.7960345961253,325.368804973415,232.930361741892,171.226431556694,33.8351806878563,2.2058633170891,0,0,0,0,0.0887575391083574,0.619450187231973,0.530692648123615,370.614244550008,111.914829069086,143.321323103409,0,-78.1766919140963,118.810386809065,63.9495802585271,320.337848791088,194.724092975452,151.499750078056,34.4490056058057,2.10901830148578,0,0,0,0,0.118225300308108,0.47257854593499,0.354353245626882,315.221978628488,118.157147305385,149.389215389827,0,1
IREpAF,9565,initial,298,-78.3784584510106,118.153611768453,59.2692752301922,321.065074976469,247.762608464436,187.95875973787,20.9321548924054,1.81971193354548,0,0,0,0,0.102131064100207,0.766186665137709,0.664055601037503,355.421819347051,105.101132398137,142.244159273628,0,-76.8702452201872,117.570021046991,58.7893065696786,314.15911391592,215.804399446217,172.685923428831,20.5166024767132,1.75361299919314,0,0,0,0,0.133119822226475,0.561208902849357,0.428089080622882,312.997220769052,116.926529651228,149.873386654066,0,1
IREpAF,9567,initial,299,-78.8876772829411,119.925324417288,67.0117538792717,333.451994625324,239.805702194077,171.967679585221,35.3997382671514,2.51734348817263,0,0,0,0,0.0957082263558091,0.700457589193135,0.604749362837326,349.467428901662,105.950308537751,133.955201538518,0,-77.3817502242303,119.423287753516,66.9207404098208,327.375924063559,201.308892633362,152.017766989615,39.7012027444107,2.37587223931041,0,0,0,0,0.123361616284267,0.524478675708893,0.401117059424626,307.257449267945,115.22708981649,139.313613605897,0,1
IREpAF,9615,initial,300,-78.8194566740627,119.616760802393,64.8520560661018,331.052125728366,223.967134467064,163.789398894485,31.2635571918436,2.1368258336588,0,0,0,0,0.103650035534407,0.807324287558661,0.703674252024254,348.868289169593,101.220148166169,132.877783642013,0,-77.4416684972025,119.221716937951,64.8170363837655,326.087542032842,189.992074643204,147.215595435886,34.8526021207435,2.02023568739605,0,0,0,0,0.138542476236595,0.613108568063622,0.474566091827027,304.74810547072,110.141785312619,136.943421611848,0,1
IREpAF,9902,initial,304,-77.1192464336357,126.1632884388,61.3831124501802,379.11320784895,278.256562049057,220.985887430725,16.7638395608083,1.83308572186797,0,0,0,0,0.100563289074907,0.72895781715933,0.628394528084423,385.253556276519,114.953050429453,158.172033963923,0,-75.6892180777069,124.035685023153,59.4706331342553,360.692271619367,240.687077792147,194.953283503524,15.0033400244065,1.81834931313279,0,0,0,0,0.138643701669697,0.557993684557156,0.419349982887458,321.352636264393,118.661437721097,160.939846915819,0,1
IREpAF,120,additional_calibration,1,-76.3684347372994,117.996822012135,59.4183547872967,318.352211801408,308.182210307634,220.782916723583,21.4303012481687,1.81135970015021,0,0,0,0,0.0884556251736058,0.631730477702846,0.54327485252924,359.827085077435,109.942697457831,143.528064242191,0,-74.2484046731281,113.971682917859,57.8108244538831,287.719427875689,254.152336477586,184.197222820883,22.8046177644464,1.82537793334632,0,0,0,0,0.114056278260822,0.470634137255369,0.356577858994547,313.148871289115,117.602042044415,148.553937721475,0,1
IREpAF,153,additional_calibration,2,-76.8668548919765,115.416520462682,58.7380051311575,301.043880289713,292.107266029518,211.490035842144,23.2098315517505,1.72054781995394,0,0,0,0,0.0968404103612179,0.739384643908194,0.642544233546976,347.255388533034,106.206591954025,137.681273107711,0,-74.8209767075651,112.433721483699,57.2376825237415,278.122684092462,247.075317935003,183.232942177361,23.841484826251,1.70373611927425,0,0,0,0,0.125878314457909,0.552798441286282,0.426920126828372,308.527316471009,116.807954023821,142.114500388719,0,1
IREpAF,438,additional_calibration,3,-75.7697437297142,109.465482460568,50.6903755202286,259.929046426041,314.268552123518,228.614409276204,14.6164418117914,1.83617189703364,0,0,0,0,0.0926515423860781,0.614893378284423,0.522241835898345,359.532552983816,104.640890217343,147.55967073727,0,-73.8506203275305,105.93176441602,50.6341643492288,235.806593254581,249.896155794238,181.859420059634,16.5873618605983,1.86927351049599,0,0,0,0,0.107509853703722,0.404895475581071,0.29738562187735,316.411212844883,115.098937011928,161.518455263658,0,1
IREpAF,465,additional_calibration,4,-75.4193641182398,123.837835445228,63.5120440776983,361.974271940465,279.000742109078,188.531651274432,24.2668448330005,2.07254077831749,0,0,0,0,0.0798793902841878,0.536409118465616,0.456529728181428,362.963617667199,112.814802981156,140.279185819648,0,-73.7810818005178,119.598294943587,61.7293536399398,328.918408104411,221.713447661841,149.993775763487,25.3669021585083,2.10537472275246,0,0,0,0,0.104094720690918,0.412758538095976,0.308663817405058,310.195054904452,114.914138039669,143.863199185372,0,1
IREpAF,493,additional_calibration,5,-77.9140156904781,104.285354477558,62.9953185235433,223.101205973752,254.416309219552,185.683285816245,44.0826490438703,3.50515759891277,0,0,0,0,0.0849836127753908,0.554694528507264,0.469710915731873,367.79938827228,112.749259720564,145.255542723663,0,-76.6454369639328,103.191582962656,62.7158686658696,216.951573217591,207.267902690273,159.047084841895,46.308844354342,3.30080392015952,0,0,0,0,0.106945755770301,0.405799879684439,0.298854123914138,315.97293270579,119.582323320243,153.892623224955,0,1
IREpAF,617,additional_calibration,6,-73.0295879373302,103.25176914717,49.0393968194202,217.377321817278,309.343445422339,227.896266035372,16.5511687356775,2.07801925740205,0,0,0,0,0.106434984048314,0.756668843806905,0.650233859758591,377.033992672506,100.800170119728,154.568870653546,0,-71.4284423386263,97.5273567748492,48.4387020005209,185.725020991283,251.440768854009,189.667865302868,19.9695186224781,2.21804287127452,0,0,0,0,0.134960092703706,0.511141542340407,0.3761814496367,320.270351194566,109.400718530327,160.87116426876,0,1
IREpAF,635,additional_calibration,7,-77.459595511444,96.3223299919761,60.315037385407,179.049717447398,293.750943357976,207.395560839323,47.7742876518751,3.66281697318482,0,0,0,0,0.0828629178076716,0.549302845003169,0.466439927195497,360.88991603451,110.013443008022,141.836928958488,0,-75.8639202132859,94.3470371616022,59.5329727592214,170.087635140745,235.656667617717,170.132963422129,49.3296123016771,3.3910754119388,0,0,0,0,0.104590322043082,0.408344047710328,0.303753725667246,312.291077309914,116.679448182211,149.716326048765,0,1
IREpAF,714,additional_calibration,8,-76.6525000499777,104.533517192543,60.833810818534,225.361433730538,252.852687130908,183.110305433307,37.5902738270524,3.02979538995714,0,0,0,0,0.0952381970459023,0.673075766212579,0.577837569166677,362.52915696978,105.117115372894,141.062229043471,0,-75.2848363440017,102.7582199151,60.7527966208717,214.997753827345,210.776356713472,160.197793776868,41.7656454379248,2.87653223714005,0,0,0,0,0.124084654035235,0.499505347502767,0.375420693467532,312.215944091284,112.678748515467,148.68374449414,0,1
IREpAF,740,additional_calibration,9,-76.0625122991306,123.073723744988,52.9683414119068,367.647686401903,295.702548249654,220.439397353395,9.98763149468141,1.51934245750454,0,0,0,0,0.104557728934494,0.770792335176156,0.666234606241662,356.502547915858,100.858971051166,147.516626467281,0,-74.0176917973008,119.439418425084,52.9027444859438,336.485534163011,249.503461278444,189.796340542744,10.3209940245724,1.55555503529831,0,0,0,0,0.128100250591006,0.52189756297774,0.393797312386734,316.003419233228,113.54334906545,158.359300214472,0,1
IREpAF,788,additional_calibration,10,-78.9110145971654,110.406694148021,65.6701698502914,262.067178927088,215.595830854225,167.259690747203,46.7313570699916,3.01061873825529,0,0,0,0,0.101642343526913,0.763319086425433,0.661676742898521,352.808431473124,105.986286101812,135.957665609079,0,-77.7826238164683,110.150298660809,65.6139094957841,260.020022073392,193.335380913035,159.592137785916,53.1382664641351,2.74525866108161,0,0,0,0,0.134412837671634,0.575859403170121,0.441446565498487,309.645401615624,116.66262202408,142.302984681466,0,1
IREpAF,938,additional_calibration,11,-75.84547940151,122.344711285591,55.5239472157188,354.594105037035,331.857583116929,239.117328631793,12.6194276866008,1.76316876660712,0,0,0,0,0.0914746025389625,0.622322120958644,0.530847518419681,371.167084570938,107.585127145787,152.558899204227,0,-73.4265526892579,116.722843427124,54.2788207384331,309.722996910906,267.386465841981,192.857775052242,13.961991350694,1.82570298865539,0,0,0,0,0.112659639144922,0.431800645478321,0.319141006333399,319.760907728723,116.502236152974,161.159209344511,0,1
IREpAF,955,additional_calibration,12,-78.5586690966277,110.348051950093,58.7418717466925,264.874782457223,250.385225310121,184.964250534307,29.8209894645479,1.87291454955994,0,0,0,0,0.0937615661588628,0.691341492606015,0.597579926447152,344.086528071188,106.093302050132,135.827907072796,0,-77.1038463808316,109.527350186253,58.4162784714848,259.001524182387,213.829926880338,165.803192699892,33.3763917402903,1.79749238624208,0,0,0,0,0.119223981420981,0.513358413233935,0.394134431812954,307.637278669616,117.892115446382,142.808267085425,0,1
IREpAF,969,additional_calibration,13,-73.7746182971796,109.938019727464,51.6742793212334,261.260258793151,274.437252220428,191.073805461456,15.9651147220939,1.77984166874376,0,0,0,0,0.1075587397755,0.809761352624907,0.702202612849407,353.954476629631,95.2512697926795,138.465201468737,0,-72.023301367933,104.713951485576,51.9028955173593,228.142017341101,222.527268481761,159.170389273051,19.6920925423547,1.85290295699815,0,0,0,0,0.138068093042083,0.573163250552781,0.435095157510698,308.56071505864,105.032824004375,144.908595972132,0,1
IREpAF,979,additional_calibration,14,-75.33047294591,114.970126657216,61.1506220269307,294.437596359791,321.600545607442,236.292841066017,34.9519207477933,2.15589022480708,0,0,0,0,0.104588710527119,0.82018772711805,0.715599016590931,359.238846513079,108.904124805471,144.08272157828,0,-72.8759306692335,108.667726626824,58.8723571219861,250.805188777821,273.040967219549,207.167353789693,43.2046624579853,2.21833121795498,0,0,0,0,0.13939962990046,0.60888140466592,0.46948177476546,314.131775991344,118.804692978112,146.663275834529,0,1
IREpAF,1078,additional_calibration,16,-78.2150539748907,112.228925252598,57.2952437334198,272.421459835555,276.792920818662,209.001071373226,23.6233756959919,1.78435299997363,0,0,0,0,0.0787727374967117,0.535634163229813,0.456861425733102,387.606683862636,119.021366571207,156.44937297591,0,-76.9998985427221,110.568794227894,55.518802135006,262.650546375644,224.1965704951,172.420039008921,21.0910741363441,1.74887899614987,0,0,0,0,0.107009124935993,0.411872725018876,0.304863600082883,320.719188395276,119.958626037511,162.647317704137,0,1
IREpAF,1080,additional_calibration,17,-75.9998388570104,116.467571034475,60.6156440448575,305.305201154598,284.744762444963,207.603427242277,24.8223970537292,2.52618303225609,0,0,0,0,0.0964040296260317,0.655884462548592,0.559480432922561,364.041054058522,107.114396762991,146.522283338632,0,-74.1952131804536,113.584462962384,60.4784548593443,282.268692263795,233.035954718576,174.105950710393,28.678389903871,2.51235726129744,0,0,0,0,0.118061375171465,0.45454294360125,0.336481568429784,317.037070629707,117.556520768139,155.908861991889,0,1
IREpAF,1132,additional_calibration,18,-78.8845448290182,108.19545038409,65.5211288274551,247.538531991943,219.991912464153,172.001790758935,46.7355192971663,3.45569267904648,0,0,0,0,0.102789371412639,0.776084593167709,0.67329522175507,349.59776897719,105.087095728275,135.619718238638,0,-77.7548423471602,107.979505963037,65.8600882446078,245.881842999854,196.72338851247,163.420769809076,53.1952589285684,3.08420265611494,0,0,0,0,0.134025805532088,0.578624537821163,0.444598732289075,309.130202807955,116.111039635518,142.878390346792,0,1
IREpAF,1133,additional_calibration,19,-77.0642461832179,108.028060015462,53.0569661186237,247.292148991446,335.684648744464,244.522780538398,18.7357911459549,1.92700901006174,0,0,0,0,0.0870884685766283,0.580074030579018,0.49298556200239,381.674691791399,111.243047000789,157.74513433982,0,-74.9879959498235,104.83284897102,51.63837461557,227.504216152959,262.835049324927,194.356302181499,19.0123841559252,1.92337749265789,0,0,0,0,0.109405831767174,0.408260864690361,0.298855032923187,322.924739525228,117.67937131699,167.005725491662,0,1
IREpAF,1152,additional_calibration,20,-76.0635259422887,112.888583899956,63.346325467341,278.060961390258,265.522932739012,189.534274719132,34.8786880596599,3.04609126823925,0,0,0,0,0.0981973653196088,0.675565282962412,0.577367917642803,366.544498860429,106.783112423662,143.837483230498,0,-74.445050487391,110.408114322588,63.0444731417872,260.285652452349,214.442703117187,160.246886605139,39.8346210422242,2.96881710523667,0,0,0,0,0.124286618160314,0.483032676685144,0.35874605852483,315.812318539553,116.143964006646,150.924192443219,0,1
IREpAF,1175,additional_calibration,21,-72.2173146178536,87.5192679391737,49.6083847188169,137.43960379676,279.539223750697,216.825111125283,34.0399141946764,3.90663054767356,0,0,0,0,0.122425601082871,0.872882082201496,0.750456481118625,374.135349652082,97.3862307611489,151.656498212689,0,-71.3029947913956,84.7745490300403,49.9843636147703,125.655204146021,230.629266023556,185.063644866888,38.7317884155418,4.02697041077408,0,0,0,0,0.146364435654114,0.535570949965617,0.389206514311503,321.165703221573,108.328433603343,162.032664655945,0,1
IREpAF,1202,additional_calibration,22,-76.103366350408,98.0828920598709,61.3024432563991,190.098581827277,274.730061439033,189.571042218486,40.8657929523615,4.43388098837022,0,0,0,0,0.0910466710685568,0.601211066354085,0.510164395285528,351.448875475711,103.433937918373,136.655615553154,0,-74.5955858647838,95.9131342543632,61.817916712896,178.641732598294,211.7234385878,148.061466373325,45.8691640597717,4.23498407738225,0,0,0,0,0.109216881749589,0.421738854743427,0.312521972993839,308.116676766411,112.017832819529,144.169136962488,0,1
IREpAF,1291,additional_calibration,23,-75.0422390394361,108.915078084697,59.2164170150612,252.332081838884,267.24911775186,194.791981320799,28.7938068073781,2.86642399420089,0,0,0,0,0.101691644003268,0.703145696206946,0.601454052203678,361.484551837049,103.584138625891,144.774888765702,0,-73.5685150178916,106.199467843769,59.5985309899502,234.149499804521,206.891640087058,156.408876182482,33.4097790903252,2.87367625887418,0,0,0,0,0.123115464003395,0.472930895211111,0.349815431207716,315.060615420163,113.489010367935,152.186178140976,0,1
IREpAF,1403,additional_calibration,24,-78.0884373647261,98.5653376221122,56.6228901513665,192.635069971984,270.10665161354,197.10200787666,35.0826996504402,3.25998715667083,0,0,0,0,0.0923102252176564,0.598766419020032,0.506456193802375,353.625874086014,106.546635389968,142.523629990386,0,-76.7675615255019,97.9051941239714,57.9742096283116,188.996773832042,215.302732997916,163.386792683919,39.9443940993187,3.10544130122798,0,0,0,0,0.1056876191992,0.397022137938757,0.291334518739557,314.239950010942,118.034525145857,156.759355180263,0,1
IREpAF,1444,additional_calibration,25,-71.8373980114563,115.047662901209,49.4462490241716,299.979159143922,294.669370839852,208.200259920188,10.8687584303625,1.77673330117977,0,0,0,0,0.103581144516683,0.721926942488284,0.618345797971601,378.759381380311,101.975149121106,153.074357849896,0,-70.3470657566814,108.174812184012,48.7868440388115,251.751999406841,226.623565594102,164.655055463598,13.0238239883947,1.89118875043641,0,0,0,0,0.131846789333972,0.496047921648064,0.364201132314092,318.648105948672,109.007014087201,158.178734245734,0,1
IREpAF,1485,additional_calibration,26,-70.0774051539085,96.8551708531474,42.7926924758316,183.452041091046,251.045067300656,174.179140012769,14.3407742748241,2.3677439250896,0,0,0,0,0.122805588013235,0.891681409703407,0.768875821690172,364.57284597306,92.4768498177509,138.416313856117,0,-69.0264699319825,92.109429416886,43.583555983895,159.268133414862,188.484560512003,136.131195132308,17.5108897686987,2.53260113748911,0,0,0,0,0.14358346007202,0.52834427148055,0.38476081140853,317.285826216943,103.940886765729,153.015524768844,0,1
IREpAF,1522,additional_calibration,27,-79.0225447334029,97.206935972121,58.8159972944025,182.189151107152,285.421157161072,198.814374680616,42.6543803441673,2.91602855943347,0,0,0,0,0.081817386770877,0.550885562986521,0.469068176215644,357.75674951751,107.503386287921,139.469446895325,0,-77.4372887962971,95.7489409629046,58.1176194772883,176.851902012064,231.720852400915,165.541163795133,45.2647310793582,2.70246117002171,0,0,0,0,0.104137630749026,0.415868891855,0.311731261105974,310.001989150413,114.148039920416,149.163922703807,0,1
IREpAF,1590,additional_calibration,28,-77.2609348074178,110.62745047692,63.5239026478584,263.270875538986,254.292485517261,175.717188227783,39.4773879461864,2.55246325489134,0,0,0,0,0.0960612889994419,0.70839620223165,0.612334913232208,357.682552148719,104.15171238115,135.670508649864,0,-75.6589727067007,108.706838599199,62.7286375685641,250.80481582844,206.447058874281,149.768173080629,43.562020057765,2.43597752638379,0,0,0,0,0.128476412117052,0.542428110999924,0.413951698882872,308.091471920321,111.484102447157,139.863765254381,0,1
IREpAF,1603,additional_calibration,29,-77.6195941483695,108.33501538737,51.4078470867949,247.563597151067,258.484843540289,195.694345958684,16.0282511438782,1.92837599175982,0,0,0,0,0.0896996326286307,0.584538361180384,0.494838728551753,391.106910686278,109.660881834636,155.39314117933,0,-76.5323101497724,107.268084626213,50.9070256952359,241.013804852365,208.872860622469,163.342180696996,15.7958083341509,1.88788521175593,0,0,0,0,0.114258319295897,0.408492697565959,0.294234378270062,324.718351293413,115.398997129832,169.344293805607,0,1
IREpAF,1608,additional_calibration,30,-76.144165012796,112.423094286206,67.0098872683731,273.664572316672,244.07090544705,160.554084872732,41.9694334276355,3.2180589367199,0,0,0,0,0.0845650892267172,0.58556396527381,0.500998876047092,360.48451975183,108.090821490929,134.801030576995,0,-74.8085689041486,109.849414796628,65.8651503926797,257.331640060043,194.099737874385,133.467396258719,42.814926617415,3.09331000322709,0,0,0,0,0.11341471041775,0.462723709628427,0.349308999210677,305.509905776154,110.205694128206,138.024518193463,0,1
IREpAF,1752,additional_calibration,31,-74.7929894929221,115.517603189887,51.3701295021098,301.13912492879,283.315400248532,197.364641343142,12.6468571579317,1.70528557188663,0,0,0,0,0.0979031401858897,0.674099660717078,0.576196520531188,361.23620787885,100.17472593514,143.840921388608,0,-73.0129046302655,111.260937636852,51.6125720993676,270.664048938609,221.686622103585,155.701869847293,14.5039030060725,1.76164058362338,0,0,0,0,0.118457356360426,0.454066836100418,0.335609479739992,314.022904690559,109.818443866749,153.677124482656,0,1
IREpAF,1841,additional_calibration,32,-73.6968695236646,100.692278157425,51.2271386748002,202.87498978282,261.917815327113,183.050033093932,21.920800842483,2.75556748939562,0,0,0,0,0.098847162413026,0.64254948019625,0.543702317783224,381.591627237052,103.582793906484,148.473038447005,0,-72.5629710001421,97.6947820858947,51.3698908630182,186.562056459833,196.504275687741,144.318814418064,24.3783578502262,2.80880814704506,0,0,0,0,0.120526362508212,0.425515494109918,0.304989131601706,321.326530657196,110.755098442023,161.034031004384,0,1
IREpAF,1858,additional_calibration,33,-76.9064916100228,122.962321437529,50.259953528396,363.50679704556,245.188255784051,168.138594655655,9.07705441304279,1.44253397418652,0,0,0,0,0.0931673363276898,0.625145872356312,0.531978536028622,360.838045348544,100.961865496771,141.403228937971,0,-75.4982554341424,121.56273866216,51.1417974399872,350.645797686595,187.078944415782,131.106339501304,8.90478344698568,1.44053188952967,0,0,0,0,0.111365786804345,0.419180112522756,0.307814325718411,313.230883536165,109.35210086175,154.658611032505,0,1
IREpAF,1972,additional_calibration,34,-73.4055934747582,95.4223850200678,58.3615536299545,174.238174747513,289.923559392322,209.765248374781,44.508914215221,4.12558820829872,0,0,0,0,0.101750455437347,0.721513506730777,0.61976305129343,372.914901673161,104.087841017114,148.699768486152,0,-71.933645861508,90.8671155565143,57.6236537817029,152.502675895751,232.972442452912,175.877240491311,49.1806286460051,4.29136856630066,0,0,0,0,0.133845226681782,0.525151246499139,0.391306019817357,315.768787715337,111.154791889283,152.126005126904,0,1
IREpAF,2026,additional_calibration,35,-77.6599791349609,111.11077871956,63.1962953307078,269.080939545451,268.80316696447,197.598203621121,41.5028502250934,2.40018185024383,0,0,0,0,0.0970746779379793,0.730438943874021,0.633364265936042,346.293274281707,106.910604632474,135.816024283382,0,-75.970778419391,109.540793948955,62.5617888665985,257.773334858601,229.376986287025,175.055314410045,46.9685256037847,2.27866345694565,0,0,0,0,0.125445022116236,0.547540251432272,0.422095229316035,307.614585747284,117.307180235337,140.750557825451,0,1
IREpAF,2066,additional_calibration,36,-79.8447222874177,107.471026380409,60.226865011737,240.747607467647,243.933063627395,180.746976298549,40.2412971737285,2.19598701297946,0,0,0,0,0.0822915043267794,0.563420665040195,0.481129160713415,371.071784772015,113.801777339409,146.000440324346,0,-78.6266955220146,106.612242648825,59.0660016027731,237.107564598151,203.993569914983,159.173465795397,39.4332981470798,2.09046817307171,0,0,0,0,0.109168416878453,0.430609080467802,0.32144066358935,316.379270539219,119.382000360019,154.210857796632,0,1
IREpAF,2109,additional_calibration,37,-78.2510207924475,107.798688825374,58.5206807557204,240.477764239109,228.898649141753,174.687889517729,30.8654678507737,2.29212419026589,0,0,0,0,0.0904805498957007,0.62557641871832,0.53509586882262,390.108504689641,109.282544092799,152.196561975215,0,-77.4775100360776,106.647689670547,57.8287938373237,234.851929490367,192.770306198123,152.880249225054,30.9320370325077,2.22419203483878,0,0,0,0,0.125301565025076,0.479876617000286,0.35457505197521,319.364444173774,111.917114177941,157.609401747186,0,1
IREpAF,2156,additional_calibration,38,-78.000102436215,106.477689294499,60.7849093757493,238.427605238917,308.261368376378,222.675103368521,36.3977798308842,2.63906869097991,0,0,0,0,0.0885160692201778,0.616100290210477,0.5275842209903,356.491798204755,108.211715822625,143.179999348554,0,-76.0197982596298,104.392474238985,60.2427347112056,225.770812877286,254.813689342776,188.070260730608,39.6227127689162,2.51915597198968,0,0,0,0,0.110879956473188,0.452173520971929,0.34129356449874,312.29299695494,116.524591447793,150.816964290679,0,1
IREpAF,2195,additional_calibration,39,-73.4358570215108,98.2798285577762,56.7706925961962,189.883906088459,313.193989398686,225.855749558825,45.3838628301528,2.69602342948201,0,0,0,0,0.10155103347604,0.768780204237259,0.667229170761218,364.886319878169,104.495782826001,147.743929588256,0,-71.5880500510551,91.8995148143175,54.9789196294651,158.239104700307,260.469608509036,194.427272220779,51.2945628803136,2.8818572097407,0,0,0,0,0.138267718098197,0.582298657048138,0.444030938949941,312.282815975741,111.321042596071,147.364932801896,0,1
IREpAF,2347,additional_calibration,40,-76.8053689553768,125.239208058813,67.011469020746,373.469678010922,271.429770554991,192.145774792632,44.2398750765205,2.19980267397477,0,0,0,0,0.0998261962456596,0.763949502758594,0.664123306512934,364.324920238781,115.70776556799,139.520547048068,0,-74.8730658995958,122.248863545358,64.767908765721,347.383876969863,219.559967342546,163.679041489282,40.3386961642027,2.15884384717356,0,0,0,0,0.135845862840184,0.584872973137661,0.449027110297478,312.505780444255,120.636999963703,138.981464805486,0,1
IREpAF,2382,additional_calibration,41,-75.8457196556426,109.037799798453,60.7001210247769,251.402438782117,252.888715079498,191.303547687654,40.4608288368981,2.52366813681874,0,0,0,0,0.105488378899942,0.792349510072954,0.686861131173011,369.747605210214,105.026302431077,146.612438145394,0,-74.5507330753865,106.674524519538,59.5359186390676,236.812189725373,218.849335857834,172.703374565794,43.3708281532672,2.44724710702212,0,0,0,0,0.145065227645239,0.601815584192858,0.456750356547619,314.051093638875,111.725407040409,149.578634637986,0,1
IREpAF,2384,additional_calibration,42,-76.7342403638464,117.846213862955,59.7894607265266,318.646194547328,320.058234266435,232.111889098771,22.7547267675909,1.84268343140866,0,0,0,0,0.0949150337688631,0.707799779178595,0.612884745409731,355.209657765859,108.740713589301,142.253144931559,0,-74.2475279165486,113.462593484483,57.8673335034005,284.559234221311,270.576009603912,200.346708958088,24.2142889424285,1.85155962655335,0,0,0,0,0.122725674920462,0.524855059889706,0.402129384969244,313.441848247548,119.006696161494,147.344420240446,0,1
IREpAF,2430,additional_calibration,43,-74.2468076078497,101.566097029713,59.2360726650856,208.661106179617,304.519410305293,210.200476510232,37.7207431979332,3.23740891623311,0,0,0,0,0.0911553758842118,0.607553919685387,0.516398543801176,362.493418260354,105.99908914743,141.855348229373,0,-72.4203161482058,96.5370059039069,58.4874138473372,181.442562579232,236.454674931225,165.090827823424,42.6034060242237,3.36617955691327,0,0,0,0,0.112805184411767,0.431535189769937,0.318730005358171,313.024970169859,113.660544546641,148.214382685794,0,1
IREpAF,2466,additional_calibration,44,-75.9106255749502,122.864783764455,53.5225977258067,358.906280239518,241.054824541352,188.504068722359,9.8796817603652,1.57958334927389,0,0,0,0,0.106920324927782,0.779648911122886,0.672728586195105,367.572247637756,102.256697655394,148.994507231384,0,-74.6882030002473,121.123344294446,53.2781500004226,343.858010645155,211.731570425407,171.104846473816,9.3387472297145,1.58556895424772,0,0,0,0,0.138445758230051,0.549482104892426,0.411036346662375,316.827876486335,111.862210479729,158.760707973624,0,1
IREpAF,2488,additional_calibration,45,-77.5350791307034,109.152126659686,63.2646546016315,250.537332192133,223.829351484557,165.033778887475,35.7261895925913,3.23337346378685,0,0,0,0,0.102916937567768,0.753684174873946,0.650767237306177,371.618102572538,102.346676052926,141.789124192316,0,-76.4643001283991,108.072721202333,63.2165490086338,244.153045459596,187.931515802931,146.387012194915,38.2923781518912,3.02485907089795,0,0,0,0,0.139871963260898,0.567823133700284,0.427951170439386,312.268801489641,108.174492536931,147.309206233799,0,1
IREpAF,2503,additional_calibration,46,-78.0871360147859,106.223630817397,60.3295419778028,236.216791386674,266.570828552183,202.253366837977,46.9970286194075,2.22941900871956,0,0,0,0,0.0931164992570736,0.700686114981401,0.607569615724327,358.114437254539,111.14364142892,142.07507098962,0,-76.5984098955258,104.795428504582,59.0105217084542,228.072328341932,231.250132146859,183.223183619484,47.7994071917274,2.11317431102725,0,0,0,0,0.12494065923327,0.53804413013249,0.41310347089922,312.268765818171,119.5680537843,147.477112106809,0,1
IREpAF,2533,additional_calibration,47,-78.1877479384574,103.778642443052,65.4151047075451,221.043594563402,255.543629738495,181.797864461376,44.295703302123,4.57119305418746,0,0,0,0,0.0922887703207873,0.641873446744039,0.549584676423252,344.234867659179,104.756624807989,133.253369943467,0,-76.7709808504034,102.848635003146,66.0769814938414,215.664002451211,209.398924870817,154.629212857977,49.3895504910652,4.09207263138524,0,0,0,0,0.113048343080126,0.465044233267282,0.351995890187156,304.911232695904,113.705683428485,141.453957725235,0,1
IREpAF,2555,additional_calibration,48,-73.526812879552,107.630973526176,50.2022427873463,242.543688714136,270.797525378861,192.723337559808,15.7717803888299,2.11882496104954,0,0,0,0,0.0948598704739998,0.61928329136163,0.524423420887631,388.141460138417,105.77031586571,153.599229610433,0,-72.434966205574,103.954510448785,49.7978824341053,220.720707871396,214.230724423956,156.813797358976,17.4731159047988,2.17889742636908,0,0,0,0,0.120843412821801,0.431861862639175,0.311018449817374,321.9375374558,111.397485233003,162.843063694645,0,1
IREpAF,2568,additional_calibration,49,-77.688607071461,107.896058896185,58.0125612799299,247.371141230178,316.235313854871,226.458881725011,29.815416371137,2.08624173753196,0,0,0,0,0.0864253010958157,0.602359999058887,0.515934697963071,361.545724131953,108.790465839389,145.731030201573,0,-75.6274854956532,105.289635687334,56.9421685808746,231.283451709808,255.600487043219,185.67021343606,31.5539522169711,2.03363559233185,0,0,0,0,0.10992116128113,0.444737926324492,0.334816765043362,313.555752512864,115.874817696222,151.734163710451,0,1
IREpAF,2581,additional_calibration,50,-75.6886664454418,102.015204610272,59.3590382511075,210.328328374599,280.090006207029,197.67403748451,45.7045707648213,2.39580848233163,0,0,0,0,0.0892369787010431,0.662136701363763,0.572899722662719,367.281451524585,108.23613890665,143.475924809447,0,-74.3037733793384,98.8430175228823,57.6098317243153,193.851640529842,231.087572052485,167.448189131879,44.5341363542248,2.35566854790886,0,0,0,0,0.124325594515203,0.524809656630227,0.400484062115024,310.527472099737,111.334003892418,143.480043712316,0,1
IREpAF,2674,additional_calibration,51,-76.7819180838182,120.249560912835,59.3352356146323,332.789436117666,280.99518808625,200.43612905348,18.795693699707,1.80995241944038,0,0,0,0,0.08522981367075,0.584016840999311,0.498787027328561,375.030948196691,113.048826399863,148.954834115822,0,-75.1151930097574,117.541194009092,57.7148030765125,311.434374937875,228.44017806209,166.765501220088,18.0132523680586,1.79553816525731,0,0,0,0,0.112799842389112,0.441344011621383,0.328544169232271,317.311402881773,117.778339458826,154.764443535868,0,1
IREpAF,2721,additional_calibration,52,-75.6334977834584,111.851955200843,58.9545260900217,273.702477036636,267.186806350524,197.47302972513,26.0560292785303,2.4037577687559,0,0,0,0,0.108775862210631,0.803996596108164,0.695220733897532,351.528425117329,100.156409041279,140.459915733559,0,-74.0138334956585,109.469501887245,59.6080160071414,255.687505225516,217.148828693382,166.205727184119,31.9519942125189,2.37657428913735,0,0,0,0,0.133274508065934,0.545457468439745,0.412182960373811,311.193866454003,112.556040464242,148.014815246568,0,1
IREpAF,2804,additional_calibration,53,-72.6872902518373,114.092248598456,47.1385243477782,292.199684964832,272.478685856593,188.692525147264,9.55569204598578,1.68374184813001,0,0,0,0,0.106101683948566,0.748474050739479,0.642372366790913,373.031942015958,98.7576041440989,145.582479543829,0,-71.2589948796423,108.804437540797,47.1463313486743,255.736345773457,210.2918840602,149.660445351234,10.8953861632726,1.75838063475749,0,0,0,0,0.132505272878928,0.498900936660196,0.366395663781268,317.738575666968,107.124070746129,155.591478333402,0,1
IREpAF,2820,additional_calibration,54,-79.4067296812297,106.384257582045,54.6562105427989,237.807210145076,217.764223582773,163.89394204953,23.3169767427244,2.09346486387221,0,0,0,0,0.0917700895846719,0.611122394740107,0.519352305155435,356.567269121457,106.03426584704,141.172840906851,0,-78.4055578306869,106.437279624314,55.9156093159507,237.86346027816,181.244378263233,146.819066827022,26.8722718597492,2.00675540895099,0,0,0,0,0.109689735921908,0.419266446123221,0.309576710201313,313.927820499535,117.178490009439,157.798774479646,0,1
IREpAF,2860,additional_calibration,55,-77.3186050488852,108.284694125611,62.5533308689781,247.754741016695,263.738404429459,187.22135209819,44.5098697943249,2.3542837185305,0,0,0,0,0.0830987370156331,0.589834471375114,0.506735734359481,361.883581336253,111.960790654513,139.3577332974,0,-75.924876376169,106.277560943152,61.0833996957271,236.118549366062,216.087642498878,158.153935691018,43.4578572724131,2.26774184805981,0,0,0,0,0.111527528586755,0.461227605083571,0.349700076496816,310.043363673482,115.468675068852,143.595333437044,0,1
IREpAF,2869,additional_calibration,56,-76.1130983140369,126.035038657535,64.7248564206935,379.041355355021,288.83435430751,203.262697609542,28.2624483491745,1.84569592892512,0,0,0,0,0.0827969556070165,0.600915066971558,0.518118111364541,373.515385180661,125.128320570679,141.206193100888,0,-74.4311915343825,121.971765396622,62.1081949611304,347.172574410702,231.773370767078,166.153783218935,24.6583953606496,1.8686937579223,0,0,0,0,0.112693342360005,0.467745495768283,0.355052153408278,314.460223349528,122.622733959011,142.321348508294,0,1
IREpAF,2966,additional_calibration,57,-76.1949624126473,113.510375068617,55.2582529928935,285.556406319939,280.533446312409,196.43117697366,18.2226546333404,1.84510804791353,0,0,0,0,0.0975721819456258,0.694130056619729,0.596557874674103,361.046721545776,101.628556410069,142.481581972365,0,-74.3837912853201,110.69272975476,55.255516439058,264.768391553032,222.756302976733,159.939278703605,20.3341193392589,1.83814078706928,0,0,0,0,0.122878784894729,0.491077332873353,0.368198547978624,312.20358021553,110.519884801262,150.418567968898,0,1
IREpAF,3001,additional_calibration,58,-78.6287269224295,103.648315783754,57.8346479775498,222.835243525625,265.90579153828,196.281442025342,34.1661990187495,2.40655265127134,0,0,0,0,0.0940334238356289,0.660301731341631,0.566268307506002,339.781117469291,105.081195763851,136.479647917668,0,-77.1540519835574,102.982071121966,58.7141196763279,218.652311530976,226.151954875386,174.283586761503,41.7757204533009,2.26720154330178,0,0,0,0,0.112493072182335,0.469009085770458,0.356516013588123,308.148838088724,118.394908332448,148.093549118522,0,1
IREpAF,3023,additional_calibration,59,-76.214077890527,104.775577462079,56.622525939118,229.726507117194,265.362150300731,192.45890768963,29.6587977846721,2.21538652144955,0,0,0,0,0.1096280397744,0.848590328668789,0.73896228889439,342.327010837624,96.5734177153645,134.086654022988,0,-74.5366118202865,102.566511928271,57.026324485005,215.668389944628,222.197163850407,168.382821505209,38.5666220969833,2.15127385885717,0,0,0,0,0.139495666960561,0.60851921018851,0.469023543227949,305.472731063688,109.183805255703,141.377797050348,0,1
IREpAF,3198,additional_calibration,60,-77.3535756285002,106.743007886362,59.0492984919151,243.562867059383,292.562457298875,216.172511662626,35.7408142416825,2.15313928993419,0,0,0,0,0.105386246684625,0.826239829874273,0.720853583189648,331.780316769094,100.418382078082,132.96430537256,0,-75.3354695026817,104.625989336747,58.9307732890685,229.160382661471,253.306851194888,193.219385199442,45.9893971216552,2.06518593587316,0,0,0,0,0.130920729502139,0.600253976275132,0.469333246772993,303.856121180521,115.333936745516,138.554200692821,0,1
IREpAF,3278,additional_calibration,61,-75.2103034599309,121.473344231313,61.1912834753256,348.508807239384,333.646387644345,236.267232239748,21.3286960108962,2.19222487027582,0,0,0,0,0.0999219400506687,0.730400536646639,0.63047859659597,350.613302863967,102.774935142501,140.838859374761,0,-72.3548393683111,113.694766796523,60.0786384081127,287.213871117368,273.016466682799,194.116593791146,28.2815325211777,2.33500137183,0,0,0,0,0.123038497166999,0.513724367732053,0.390685870565054,310.323403342813,113.509315958963,144.392395389833,0,1
IREpAF,3285,additional_calibration,62,-78.5022591049764,112.012255253025,63.9942478355113,277.943028731046,229.876162913992,163.910458355895,34.0257767147414,2.977811195291,0,0,0,0,0.100558020667826,0.710546801748555,0.609988781080729,331.694951052006,99.749729695679,127.423787645284,0,-77.2315883334885,112.061945909854,65.9905944066479,275.742990886707,187.860669973954,141.633258192614,43.7000400617908,2.80849854875487,0,0,0,0,0.117391172443862,0.487772362287532,0.370381189843669,302.724498330048,113.23825150268,137.287321605927,0,1
IREpAF,3294,additional_calibration,63,-76.5019013774985,104.528901226198,63.8201883864939,224.099242986116,239.435460241461,177.960744161515,45.5796112961398,3.83738702200935,0,0,0,0,0.106168751944788,0.794869300270593,0.688700548325805,361.036801969582,102.496583086242,139.962310960705,0,-75.2327610421622,102.944812399824,63.5854086535987,214.932294231125,204.524340540356,160.522044890477,50.7549205717296,3.50713802255996,0,0,0,0,0.142069248519676,0.595069168595361,0.452999920075686,310.341770741583,110.758030317873,144.765000594688,0,1
IREpAF,3371,additional_calibration,64,-72.867899294961,114.865692630192,61.7579004125977,290.047296271099,311.169293716353,215.684037752064,35.0911810702019,2.39370423056243,0,0,0,0,0.0902527337312922,0.638526872101755,0.548274138370463,373.108513767773,114.120763611216,147.755577662661,0,-70.9484537361237,106.244036894346,59.3164596881775,234.837304201454,251.644141970915,178.112402087867,40.9142838065272,2.5888193068422,0,0,0,0,0.122019956944156,0.49223820132596,0.370218244381804,314.901650562577,116.934435368104,146.535285600466,0,1
IREpAF,3442,additional_calibration,66,-76.982862990852,119.822678010892,63.7767934624624,329.404772966028,219.935974442335,162.380889065753,27.8290782254116,2.72271724127495,0,0,0,0,0.0957633258646672,0.628610420365899,0.532847094501232,368.704770664823,108.762524664802,143.785069476139,0,-75.824380614749,119.086760431355,64.0511176004053,321.177159774594,179.692444337925,141.811563041756,31.0901700469767,2.6463744128996,0,0,0,0,0.118591509539677,0.44201372350685,0.323422213967174,317.131681760406,117.554220436483,153.190867736596,0,1
IREpAF,3521,additional_calibration,67,-75.3576275426811,117.06829331449,64.5491265476521,305.289485892671,273.401485090486,185.790883130096,36.1097214123802,2.49013595872384,0,0,0,0,0.0791655075562213,0.525274487630945,0.446108980074724,368.107520655285,114.448076825509,142.497545815945,0,-73.9001137717607,113.368848528325,62.7639175704453,279.711485098678,215.268082277074,149.012044197596,35.724152306233,2.49027965758796,0,0,0,0,0.104100907270214,0.40707874096304,0.302977833692827,310.852925274939,115.953319095624,144.95955715265,0,1
IREpAF,3558,additional_calibration,68,-73.1644460738692,116.238226014292,43.8701976633696,311.428454712336,250.497742390922,164.179729372867,7.97722444629471,1.67322815195803,0,0,0,0,0.103965306239816,0.687765112034983,0.583799805795168,370.869735599641,98.2201781169861,140.782152880941,0,-71.8344419255952,112.337250966032,44.225451688419,282.142560674643,179.540466503069,120.564763428185,8.75517679028053,1.72585862455162,0,0,0,0,0.120392656355809,0.423957810956096,0.303565154600287,319.774414477888,107.707556737801,158.253401462303,0,1
IREpAF,3587,additional_calibration,69,-73.0552270783019,110.897322032237,59.6079698395027,261.583503754828,268.974896830332,192.402662136432,29.4315916439664,2.59844400465226,0,0,0,0,0.102910244696761,0.743849099311923,0.640938854615162,374.19844342854,104.356380480836,148.321964085244,0,-71.7052300990041,105.642534343247,58.5772365885195,229.581061854726,221.063800551572,165.166813895274,34.5658334344516,2.70126282285128,0,0,0,0,0.139628713536365,0.560154688852442,0.420525975316077,314.237596013267,109.959665677863,149.951407811183,0,1
IREpAF,3651,additional_calibration,70,-77.5604904819787,110.170730563742,59.7624955372766,261.150831473059,230.456759645276,178.754439408047,29.9459392528006,2.45111831428221,0,0,0,0,0.103748765635722,0.758065819639088,0.654317054003366,362.537006221777,103.256227934369,143.153997995737,0,-76.4053410974696,109.526392863289,60.1412845580591,255.999514195731,201.857956892301,164.592283091875,33.8101865978533,2.34284948258937,0,0,0,0,0.134835820594258,0.547425985249126,0.412590164654868,313.712403368496,112.945883826054,152.278519345828,0,1
IREpAF,3718,additional_calibration,71,-74.8497988547797,116.376473850818,58.5955085646097,301.262420676011,290.445182972268,211.848095366098,21.5319158114653,2.00288945233478,0,0,0,0,0.0909632567942762,0.633165824985316,0.54220256819104,378.623675177842,113.028418598529,152.968012026464,0,-73.221332671327,111.736032993165,56.7358613247397,269.615395760168,239.335639225195,179.54811026738,23.0520206940419,2.04203056784536,0,0,0,0,0.121651107618817,0.476097141601436,0.354446033982619,319.506778495343,117.718867106829,156.270062400903,0,1
IREpAF,3802,additional_calibration,72,-75.7759536235666,117.845521313016,63.4804639907779,311.397194407226,256.11346015575,185.292020177716,32.3516008087536,2.43013660344877,0,0,0,0,0.0996217280453227,0.720536890988018,0.620915162942695,372.089124421436,107.996351895708,145.741005320881,0,-74.2819761631578,114.953581788702,62.24375602859,289.965502566037,212.854024916887,161.200980546637,34.5623113942966,2.39626309617961,0,0,0,0,0.135257457472125,0.549659584353058,0.414402126880933,314.290881023735,113.821707273877,148.124872905273,0,1
IREpAF,3810,additional_calibration,73,-75.6888659744533,101.71823578969,58.1636544641835,210.146679297435,294.07927440475,204.708589045462,33.8346168711141,2.77665313317266,0,0,0,0,0.0851139209995953,0.568605296934848,0.483491375935252,357.631871784659,105.373271166405,140.980698654241,0,-74.0475702437453,98.4803247602235,57.7022049140256,192.392281399172,232.231841776862,161.776784691898,36.8199520388407,2.7653645463397,0,0,0,0,0.106318694068832,0.416332731940612,0.31001403787178,308.926140752435,111.598818305072,147.600550309607,0,1
IREpAF,3821,additional_calibration,74,-77.3281286554608,107.922127512253,61.1933244396895,244.792949582029,323.742379351555,233.215688899269,37.7287804911248,2.62775877329113,0,0,0,0,0.0867731703949375,0.596950338469145,0.510177168074207,375.413774096945,112.400078435196,151.899987475411,0,-75.2270520091074,104.776681712764,59.6684197311158,225.991986674171,258.617032791837,190.592064705677,38.131517708789,2.57590959507434,0,0,0,0,0.113392620771751,0.44593403500973,0.33254141423798,318.735657588073,117.995398259805,156.535274839339,0,1
IREpAF,3843,additional_calibration,75,-76.4881659423773,118.225782238196,53.8266402663098,323.022889210557,293.324941099097,205.362575531261,13.4757581097074,1.7138179765825,0,0,0,0,0.0921191367293938,0.624601196971715,0.532482060242321,357.302443103974,102.353373385842,141.889982163449,0,-74.554551916104,115.364737381408,54.0630948696154,299.286614017447,233.487355042591,163.686294528296,14.4970042613422,1.72155702680539,0,0,0,0,0.110701284491571,0.429492909718915,0.318791625227344,313.041046053251,112.305808411045,153.885864720164,0,1
IREpAF,3855,additional_calibration,76,-76.5310872486916,121.864605647238,54.7968517719317,352.242688746725,261.524232949632,190.95607941912,11.9188057079082,1.48987886452232,0,0,0,0,0.102423234463745,0.769797260419362,0.667374025955618,355.872169609938,100.816795915678,142.227415669055,0,-74.8487859734668,119.468734119282,54.4724852733363,332.416524685835,218.608139407061,165.382450543133,11.5943157619076,1.48796875377957,0,0,0,0,0.132802513088043,0.556502512182109,0.423699999094065,311.225966802202,110.973879389709,149.644967578765,0,1
IREpAF,3984,additional_calibration,77,-76.8361357649724,115.427492420824,58.702778602343,297.487476158049,287.58038036104,211.029168637411,22.2706917189644,2.24930345347821,0,0,0,0,0.0913028057562144,0.608937496617959,0.517634690861744,368.539923335586,109.725955339469,149.543427870356,0,-75.189860201772,113.472844474464,58.5496064340476,281.779719362647,225.728524897804,168.959737342746,23.9533325920092,2.22698946936725,0,0,0,0,0.110559241943197,0.417040155282833,0.306480913339635,318.047177744629,118.159955974214,159.328562302559,0,1
IREpAF,4093,additional_calibration,78,-76.625127459704,119.41943940629,64.059945157703,327.031545735908,227.027356416882,168.451643070592,30.9215370887759,2.25884914740891,0,0,0,0,0.102674994998671,0.773575206159976,0.670900211161305,358.558389888123,104.601130068979,138.326208060442,0,-75.3152334605263,117.913249974711,63.4544833433503,313.856576304207,197.095629630479,153.645107257566,33.9762205964907,2.19063037497472,0,0,0,0,0.138733450469794,0.591274969355742,0.452541518885948,309.36251518011,112.655754175863,141.958290665728,0,1
IREpAF,4131,additional_calibration,79,-78.0105687723598,99.3889206158053,64.1449277555487,194.389744579217,242.282586474248,172.944161338717,47.3885029150406,4.97617889158573,0,0,0,0,0.0927621919487239,0.662186699764959,0.569424507816235,359.55463518895,104.939905111969,137.017551396489,0,-76.745153752922,98.2020473666422,63.9727625719685,189.118732412729,203.639732902138,153.29773147899,51.0207468628614,4.23990198288811,0,0,0,0,0.123032062593191,0.507764607690712,0.384732545097521,309.320905918645,111.7479397444,143.797763295346,0,1
IREpAF,4185,additional_calibration,80,-75.1034377369247,105.482020646797,52.9311604071461,233.912335201572,320.369405614176,228.687998452871,20.9589516456399,1.9147552202121,0,0,0,0,0.0945533631922438,0.664593957516392,0.570040594324149,355.224167336528,103.111325702375,143.321793548718,0,-72.9485540320583,100.303158114166,52.2561758399856,202.980172817799,258.735292358469,186.854204722036,25.629079778224,1.98947104714534,0,0,0,0,0.116397917834904,0.466865249182231,0.350467331347327,311.926647742308,112.612971201354,150.995222519703,0,1
IREpAF,4290,additional_calibration,81,-76.9072058540829,120.867282549489,66.0842006100235,332.972824060497,306.631082904976,217.192449020862,37.1430081077851,2.39876177368569,0,0,0,0,0.0758544238970959,0.50462755679885,0.428773132901754,382.475276063473,122.667509138693,150.252902571505,0,-75.1396812432554,117.41277628051,63.6079542197124,307.505050739737,246.666083589018,176.921244284891,33.4306380055023,2.37069206669548,0,0,0,0,0.102830649282857,0.400887421371823,0.298056772088966,318.852563370343,122.05832599074,153.70594021876,0,1
IREpAF,4358,additional_calibration,82,-77.5081179283894,108.612773443065,56.5304490670925,249.171530657066,233.770298873955,174.140602768268,25.1241442383107,2.0048772547234,0,0,0,0,0.0919357991100898,0.646810912748742,0.554875113638652,376.325289965578,106.612911816868,147.247324708013,0,-76.4480313349524,107.352359500001,55.9029745713197,241.88531832291,196.823672274219,153.24958233416,25.8086781625061,1.95525983488187,0,0,0,0,0.124247718525593,0.488464447900368,0.364216729374775,315.821402670892,111.950107302117,154.079497793865,0,1
IREpAF,4469,additional_calibration,83,-72.3810733017677,91.6136325708124,43.4734982664312,157.096853389176,309.293365917838,218.586978845757,17.2112543243493,2.59665365396359,0,0,0,0,0.0994738818061385,0.632737847036615,0.533263965230477,385.242103325261,103.177677386149,149.468611763316,0,-71.0389322989653,87.0556521349777,42.8098950645328,136.26887644471,227.583168462632,162.879835688516,19.5684341920569,2.77971745412651,0,0,0,0,0.11682229084933,0.396009445208139,0.279187154358809,324.642766673067,111.35775773869,166.418620767894,0,1
IREpAF,4583,additional_calibration,84,-74.9344917897604,124.040201274879,61.0235732950241,365.079033587464,306.319229288776,231.375868836789,18.1062939537733,1.85792242183379,0,0,0,0,0.10331649524726,0.806312459346663,0.702995964099402,372.648883645925,113.711403206107,151.953082259612,0,-72.973468867074,118.155671496632,58.5677694770192,318.777127943158,260.287796141994,201.238330034248,19.2245566631245,1.91296949313255,0,0,0,0,0.142814758381324,0.614533916723724,0.4717191583424,316.520132939906,117.863291238944,151.351241570218,0,1
IREpAF,4676,additional_calibration,85,-79.4419999343924,106.571090586819,60.6115002662412,238.053850043633,231.979897274483,163.496242707697,33.6968789658931,2.57878859153425,0,0,0,0,0.0836452530870811,0.548361281306132,0.464716028219051,345.698413423161,105.86721042978,134.899082132529,0,-78.2873619196715,106.18349926774,61.4359048577552,236.049709081421,187.131963455548,138.8112244781,38.8748783350566,2.45093319641455,0,0,0,0,0.100529993755899,0.395083171996339,0.294553178240441,306.715917350659,114.410122636411,146.73720539079,0,1
IREpAF,4773,additional_calibration,86,-78.1018036183245,101.365270761866,61.5239751399224,204.965755253665,252.367336250994,179.881827647907,46.5088259117329,3.10937442775321,0,0,0,0,0.0936663332055108,0.670361170135161,0.57669483692965,369.257884763756,106.559897400235,142.005741172839,0,-76.7493955177933,100.005555082364,60.6710248210778,198.620948395838,208.615719937159,158.224604534968,49.3302296311376,2.86074317285238,0,0,0,0,0.126705279479542,0.513346712741924,0.386641433262382,313.265810748097,112.912644847849,148.068782408827,0,1
IREpAF,4841,additional_calibration,87,-77.2873739408074,108.226640360356,57.3019928650317,247.20640684735,229.794562220406,168.549289789145,27.0932308360425,2.14922539426334,0,0,0,0,0.0913183854511486,0.63226122598645,0.540942840535301,376.910872149441,106.522182113054,146.418519992623,0,-76.2276909575076,106.937095408763,56.8039877193815,239.570677295786,190.870830042248,147.348794236605,28.2971899688891,2.08809895242666,0,0,0,0,0.122342742001829,0.47452297996344,0.352180237961611,315.906143003034,111.869608321835,153.830714332921,0,1
IREpAF,4898,additional_calibration,88,-74.2070504282683,115.289832929564,57.9248205005734,301.539504253266,329.5750879767,232.093364694454,21.1551176310095,1.80346788591851,0,0,0,0,0.102985553401889,0.802822207539437,0.699836654137548,338.806597863702,99.8370816786119,136.060704442894,0,-71.357188928504,105.56888419572,56.2338638328251,235.662477718204,276.539319810894,197.536605456058,32.8291758723863,1.97621319641257,0,0,0,0,0.131062486225236,0.587282992044277,0.456220505819041,304.301850002998,111.026479765711,135.462063736503,0,1
IREpAF,4955,additional_calibration,89,-73.3878566813162,117.007899935163,55.8179889935177,313.773619259088,297.487207236489,207.719086176323,16.4053831662095,1.7633898687418,0,0,0,0,0.100032087706992,0.743879008306511,0.643846920599518,356.422489053519,100.87288536055,143.336129576087,0,-71.3022495274689,109.273934254893,54.8647085593383,259.070052193773,242.761089126514,171.908758791953,21.1072004220259,1.89521937240352,0,0,0,0,0.130528145005161,0.54669175135989,0.416163606354729,308.782070642093,108.833259213916,144.525798874192,0,1
IREpAF,4978,additional_calibration,90,-71.661702483246,92.9638474483321,52.4543419543434,162.192707759225,315.748819544599,228.731056989163,33.8224137404832,3.31027569597063,0,0,0,0,0.0955524828599474,0.629704300590708,0.53415181773076,387.68649083934,107.053873682169,156.689901245045,0,-70.3603442876661,87.0161416330105,51.3183838135175,135.478556343147,251.526331752615,187.317806941381,38.2473743885748,3.67114383757871,0,0,0,0,0.123360227410743,0.446650844500156,0.323290617089413,322.899695675122,112.993513527166,163.207890219723,0,1
IREpAF,5147,additional_calibration,91,-74.4204932993877,112.335312939185,57.1582598711064,272.704353433591,244.425775526928,179.923469819783,22.372054319203,2.3171413828095,0,0,0,0,0.1119779198348,0.823667631025918,0.711689711191118,372.294662813365,99.9319193965857,147.222086240394,0,-73.2762396537255,109.574111325145,56.9559334017369,254.197878857404,206.67721652607,159.446205517193,25.6123440188458,2.31446256375057,0,0,0,0,0.148353120505472,0.590503513302492,0.44215039279702,315.303912532854,107.428938379231,152.077588066186,0,1
IREpAF,5242,additional_calibration,92,-76.8893553122888,117.990824155921,58.1096126058874,318.779203313173,307.617984297416,221.087021711683,18.6760417096157,1.55749393945734,0,0,0,0,0.0892092155276377,0.669833540325792,0.580624324798154,359.991499077019,109.645036661983,143.65409212015,0,-74.7948364594381,114.397890373646,56.176251944972,291.604114452464,253.85073356302,185.193097511008,18.1507911006047,1.56226519612028,0,0,0,0,0.119284351060266,0.512241726143734,0.392957375083468,311.28269007555,115.438992292791,147.228311016577,0,1
IREpAF,5263,additional_calibration,93,-75.2347804908282,120.214051693704,49.794923895301,339.242876149818,259.768029491875,193.334582076619,8.69477525051479,1.47419588278717,0,0,0,0,0.106605034868021,0.779311215738476,0.672706180870454,366.231868151488,99.0968732623223,147.264161338664,0,-73.8197266899332,117.460596753732,49.9244397402855,317.813494215605,214.360862198908,164.112492907701,8.61115127659286,1.49787520029713,0,0,0,0,0.134457309037958,0.529678147522891,0.395220838484933,316.052770378181,108.946791313843,156.817358174259,0,1
IREpAF,5270,additional_calibration,94,-78.3263979474404,102.974279690271,60.5861609782839,216.475682650162,261.562227097769,184.201346062917,37.5441101829128,2.88506610078912,0,0,0,0,0.0833505508736354,0.558372736153232,0.475022185279596,355.153331485279,107.033328967664,139.110965505274,0,-76.9344800354863,101.77808735616,60.5217506056579,210.330151095928,214.554689629833,155.724507385054,40.7846614395676,2.70565183685903,0,0,0,0,0.104825779574459,0.416278254663468,0.311452475089009,309.296178300217,113.873570300126,148.842806260012,0,1
IREpAF,5283,additional_calibration,95,-71.4053153514832,107.100957522334,45.7742436565989,245.275957444972,283.616585010168,199.337495642918,11.3523401751445,1.6590845494502,0,0,0,0,0.11322357568638,0.867697668060807,0.754474092374427,361.738457305255,94.1897117703265,141.682961236834,0,-69.8860017231537,100.054564323828,45.7059324620701,202.539031419263,226.147955694913,163.348955879726,14.1288120153549,1.79274038346921,0,0,0,0,0.146729784599207,0.596282946185669,0.449553161586462,311.263400180844,102.693156468486,149.117638888291,0,1
IREpAF,5382,additional_calibration,96,-77.6203719910089,110.400979299504,67.0549193813677,261.996288285553,256.621647072046,176.254489702696,43.3505455195918,3.47963449545205,0,0,0,0,0.0894980864561855,0.629935743471912,0.540437657015727,352.843060958745,106.549876128513,133.510668934865,0,-76.0634439127813,108.748350402495,66.5276392644296,251.252365215487,209.042002923969,148.849089837568,46.7655686549115,3.23519745133672,0,0,0,0,0.115898454016309,0.479968413404404,0.364069959388096,306.135257572692,112.488867512366,138.765360640924,0,1
IREpAF,5495,additional_calibration,97,-77.3677633159816,110.959401109171,61.1184873850008,264.365332767312,219.962357187134,162.70696502646,31.0465910437561,2.90172823283501,0,0,0,0,0.0898754202048901,0.570658425028846,0.480783004823956,376.657270197888,110.239091699725,147.485626836714,0,-76.3640756765986,110.247686263286,61.3256362638541,259.01706965535,175.920739421239,139.027494658527,33.3050844116406,2.81130780119202,0,0,0,0,0.111003109773766,0.399093630351286,0.288090520577519,319.69816603015,117.14591160752,158.420854928095,0,1
IREpAF,5597,additional_calibration,98,-73.5104419748578,95.368194423352,49.3293926283863,175.578503725194,329.204556845194,240.055364264837,23.825291692061,2.71717586929299,0,0,0,0,0.0980007934396343,0.634021468043002,0.536020674603367,378.054937720372,105.15255943143,154.836596218568,0,-71.7212253296851,90.0429427112527,48.6050736659963,149.553799947449,254.675790393976,189.13675119563,27.8690120329557,2.91874927084427,0,0,0,0,0.115648720835854,0.407276294509812,0.291627573673958,323.27169634309,114.880720420017,166.647090906507,0,1
IREpAF,5598,additional_calibration,99,-76.9874936256183,104.761402843324,61.9656862688932,225.99303897736,207.689019010701,165.529961272608,41.7364803058445,3.57264439244318,0,0,0,0,0.114377960136563,0.856408859606934,0.742030899470372,359.373428966843,99.7399737517699,139.572912374638,0,-76.1161455543537,104.45993233581,62.7859576173061,223.554513905847,185.374707304189,155.642231225007,49.1389628304714,3.28383418500744,0,0,0,0,0.14752957362727,0.602138907960012,0.454609334332742,312.332994087763,110.814156658165,148.705687657567,0,1
IREpAF,5745,additional_calibration,100,-76.7308608015567,100.426193511976,54.6995324279762,203.984109985829,298.132349448482,217.425570941552,31.3371146861391,2.34487467179861,0,0,0,0,0.100736487898496,0.726508250246459,0.625771762347963,352.646439907956,101.842199463936,141.370084921008,0,-74.8719855021705,98.0168754155985,54.6478949267862,190.419183614503,246.165116680175,185.874359224035,38.5726192649345,2.28140387329768,0,0,0,0,0.124953058128544,0.512251744846378,0.387298686717834,312.378743430687,114.100193902152,150.961687473913,0,1
IREpAF,5767,additional_calibration,101,-72.5200488393507,88.6240950200693,52.5703349971818,142.487082541196,313.214577321072,221.934512388165,37.9962214021143,3.83771764554695,0,0,0,0,0.104237545213957,0.743280001382351,0.639042456168394,365.479580553307,99.7844791999014,145.94773157353,0,-70.7915364450093,82.8270379316179,52.1604783335967,118.178302273081,244.110045622747,178.528414029952,44.8472202626363,4.32202236129524,0,0,0,0,0.132475386280159,0.518209841145925,0.385734454865766,313.97674830609,108.717161272325,151.216497794772,0,1
IREpAF,5843,additional_calibration,102,-75.907439605237,106.549514363384,48.0300703011181,237.922003879243,241.052657844804,166.604045593333,13.9293899190016,1.89752538783068,0,0,0,0,0.092642846318861,0.602308137142196,0.509665290823335,382.381531608553,104.297856029385,148.357065423202,0,-74.8607685338662,105.028770977892,48.1299024012455,228.447299854742,181.791125846517,132.119448255547,14.5214418499272,1.88505657389032,0,0,0,0,0.11445603794186,0.406120499576846,0.291664461634986,320.858051300125,110.694161152918,161.416591668102,0,1
IREpAF,5874,additional_calibration,103,-77.0043821246077,111.558138218365,62.5576907134643,268.225543183131,302.111680624286,220.017797144581,38.9167780616408,2.33723952946457,0,0,0,0,0.0882103067371917,0.64144721437877,0.553236907641579,371.854262321649,112.538169104671,147.704376625694,0,-75.1324699121831,108.373999496217,60.7184695492991,248.111786036956,251.742865891665,188.295744073464,38.5820780620779,2.28998184312513,0,0,0,0,0.121240932803027,0.504366453487661,0.383125520684633,314.871539651827,116.49590854772,150.557873260079,0,1
IREpAF,5931,additional_calibration,104,-76.5511561583175,122.157187052338,56.338532420458,356.228645631338,273.598183671827,194.550125245129,13.3571574960879,1.52035168308066,0,0,0,0,0.0964557425843575,0.710020555383802,0.613564812799445,348.092005350773,101.389603224292,138.196637202729,0,-74.6613170774133,119.159339190895,55.8538121212613,331.576988666921,228.556317877305,165.818507411281,13.4387026573568,1.53018254060589,0,0,0,0,0.122802745639112,0.519262736284936,0.396459990645824,308.353259307652,112.108115122734,145.155919789438,0,1
IREpAF,5995,additional_calibration,105,-78.0371049433423,92.3366274903718,55.6303658511225,159.581893920898,238.275151211499,182.594669665363,44.9857724262474,3.73188123419095,0,0,0,0,0.0947710479067264,0.62219555592031,0.527424508013583,373.112998215067,108.254058572442,147.696774135043,0,-77.0443963560982,91.753028998591,56.1949258797343,155.359371001269,197.26878720781,161.730777776178,49.1590453947101,3.54691458640809,0,0,0,0,0.116044279200075,0.426239726739748,0.310195447539672,320.630016811436,117.942618962144,162.620118158485,0,1
IREpAF,6004,additional_calibration,106,-73.1962673371131,117.523871198032,50.5438875721359,322.025845240233,305.479900175247,209.432186561855,11.5707197871016,1.77003910147323,0,0,0,0,0.10213569487362,0.711827904607209,0.609692209733588,360.85981037993,98.2007579788915,144.048446733396,0,-71.061719952331,109.794641711375,50.499284059296,264.682053986204,240.067153826927,163.670545168803,14.6067236619128,1.90361640824995,0,0,0,0,0.123008775611147,0.471403960190168,0.348395184579021,314.892995084825,108.002341149499,152.743553473136,0,1
IREpAF,6043,additional_calibration,107,-78.5465847668054,112.856786067792,61.3921061474674,280.279819826018,235.146001316265,172.89671027397,30.6409031249641,2.36937353940448,0,0,0,0,0.0864862193136318,0.576323147930238,0.489836928616606,355.235222823088,109.472634413483,140.055493931735,0,-77.3343307239268,112.362890057926,61.7607757183719,275.912470297568,193.804212748786,150.066005789315,34.3074538692308,2.27860237722416,0,0,0,0,0.106089099767968,0.414580354389966,0.308491254621998,311.46782054034,118.535943331735,149.943137435592,0,1
IREpAF,6301,additional_calibration,108,-75.701585911303,121.862366768796,58.0243463362073,351.306655092374,255.256325613846,181.151008810135,15.8619647781379,1.63109560386511,0,0,0,0,0.105294754743404,0.820076277739965,0.714781522996561,351.82943517364,98.9396366282526,137.600757659049,0,-73.9800951090295,118.44621847097,57.3604086277323,324.424534091162,216.455002373044,159.230557149571,16.7690124918772,1.64613604047554,0,0,0,0,0.141362212026242,0.617726328567489,0.476364116541247,307.03948599501,107.738154109666,141.753699790231,0,1
IREpAF,6333,additional_calibration,109,-76.5665470475665,106.388408634098,60.8707637471661,235.4482563229,242.555659443926,172.967187894988,46.7947781290204,2.22034931023518,0,0,0,0,0.0990229239046764,0.780475624476472,0.681452700571795,360.848910073895,104.58442976261,136.89655235864,0,-75.3365644575826,104.214795861918,59.2754519305662,223.510434976779,202.806967171287,151.462281018819,45.8158657133063,2.14070652675946,0,0,0,0,0.140335955128081,0.62038471734134,0.48004876221326,306.414095832846,108.461489449724,138.001344100496,0,1
IREpAF,6448,additional_calibration,110,-71.1420822594606,94.3994248254964,44.8242723761612,170.030466578236,285.147880151315,202.210413410459,17.0136956085626,2.41139472451323,0,0,0,0,0.10705619039397,0.727661197148528,0.620605006754559,380.043989881058,99.8514201608778,146.453869833021,0,-70.0228636660314,89.5160495052475,44.6147636023877,146.851305354242,215.385670644173,158.093914942419,20.3723575533149,2.58723502485373,0,0,0,0,0.130446938167804,0.465938679068437,0.335491740900633,321.896930757779,108.505761054246,160.577784143971,0,1
IREpAF,6468,additional_calibration,111,-75.7172356947663,104.204935436321,57.8161196852214,223.628254664753,285.759628917316,208.019383994069,37.0108941372891,2.25129886196373,0,0,0,0,0.100841267038875,0.7702987865625,0.669457519523625,359.855854168265,103.661945261418,143.12354945388,0,-73.9735736863269,100.737990340701,56.5610915129146,203.89595223914,238.267546369931,180.249126384784,41.4470944173881,2.22954933267101,0,0,0,0,0.136481183496849,0.584303710444861,0.447822526948013,310.197469680108,111.538336237878,146.153699099434,0,1
IREpAF,6532,additional_calibration,112,-77.7877046764988,104.864856381504,59.2463339897793,227.877157042789,300.236145674178,210.726600424394,38.0708334342926,2.13532812170888,0,0,0,0,0.0867785434703463,0.634570053782407,0.54779151031206,357.373741023832,106.71081540086,139.232287588275,0,-75.89529539826,102.393754562567,57.7074308131432,214.363043185659,246.159557791245,176.839976191692,39.0018059112554,2.05890552130222,0,0,0,0,0.115869723814718,0.492496898591589,0.376627174776871,308.621904211166,112.548640313442,144.461720926357,0,1
IREpAF,6538,additional_calibration,113,-73.004721643272,113.263969277557,44.0316572131587,286.006614160636,269.754005092291,189.010166791762,8.19283435057878,1.72385694624973,0,0,0,0,0.101898597689734,0.650944838007823,0.549046240318089,378.33052469018,101.884061833109,149.023672980507,0,-71.7165796060289,109.183148497768,43.5774159084536,257.589195001303,198.4116853255,140.742002939016,8.92981128895553,1.7868749629888,0,0,0,0,0.116837145944173,0.398210421916796,0.281373275972622,323.527567029818,111.552964089577,165.346560319797,0,1
IREpAF,6572,additional_calibration,114,-75.418406076951,112.706202429775,54.1400995815533,279.380032546287,283.680477666654,203.962383920261,16.8646528684694,1.82190067978081,0,0,0,0,0.106359116487803,0.796953375950306,0.690594259462503,361.466178050614,98.9151771398392,145.382397765382,0,-73.5747803966153,108.97102692578,53.6547403951321,253.285334334819,235.908429390514,175.456880855112,18.7433086273486,1.84028227852468,0,0,0,0,0.138833695359414,0.572255496559961,0.433421801200547,312.755695269949,108.446381445963,151.148703263793,0,1
IREpAF,6677,additional_calibration,115,-75.7567640170177,115.732043899647,62.1372273368059,297.784324217602,322.099989169124,241.846493389756,39.3906999915416,2.28858746583865,0,0,0,0,0.101963994200003,0.775054455027749,0.673090460827746,370.824671152222,113.369340175806,150.614351907318,0,-73.4752653716962,110.484283801997,59.8269492947742,260.775969912655,271.285844295129,210.590316967468,42.3434426121021,2.31586286933089,0,0,0,0,0.136812235052496,0.575529041435946,0.43871680638345,319.380273610128,121.029915377028,153.912870707893,0,1
IREpAF,6714,additional_calibration,116,-76.0651035071331,121.052302165912,47.2694520103193,351.701630310876,263.988515367811,189.39563545159,7.53272435252438,1.4114914738384,0,0,0,0,0.100895043881932,0.689149213494824,0.588254169612892,353.392961986334,98.8834997436861,141.731298503891,0,-74.6152904345714,119.270244218515,48.3317883025,335.866316245973,200.01883554969,143.954263451127,7.67629888185911,1.4254990158588,0,0,0,0,0.113532057784728,0.426186359830752,0.312654302046024,313.380050945605,110.126495509528,157.269023425071,0,1
IREpAF,6719,additional_calibration,117,-71.1479358926055,105.609729416418,44.1874521359743,235.193260879618,276.84795387082,180.378365473582,11.4099940405868,1.98391709828138,0,0,0,0,0.102060512513473,0.666640094650504,0.564579582137031,368.083946687002,97.7957139632053,141.58348296351,0,-69.5916159327193,98.6638472016955,44.1784134628999,194.312001988402,194.954178036147,128.354111753237,14.2651619930439,2.14691897907323,0,0,0,0,0.117947648568193,0.414125259013086,0.296177610444893,317.507632404351,107.279774455368,155.752729610939,0,1
IREpAF,6733,additional_calibration,118,-74.2938928410771,104.175765115551,55.3228967766185,224.824646404056,315.95517550021,222.910072765175,28.1551997324495,1.95263487761258,0,0,0,0,0.10191650015389,0.803912444468708,0.701995944314818,351.256211723659,99.7454489408046,140.292068246697,0,-72.0977882225548,97.4764978412204,53.6649523029297,187.314804683142,263.405848708906,190.979075271192,35.4082291869709,2.0700391375467,0,0,0,0,0.138004142506883,0.613287402838246,0.475283260331363,305.975463701496,107.592659026108,140.832524571348,0,1
IREpAF,6864,additional_calibration,119,-75.7804021693451,97.9811839071542,57.9755376287744,188.748392634934,252.302011930624,185.559599533161,38.4394185312267,3.68021742493875,0,0,0,0,0.108179007172261,0.776799172864083,0.668620165691822,362.030786696479,100.270716725914,141.761429127011,0,-74.5160628572339,96.3864054983839,58.7832325992655,180.078939133488,204.975517981071,160.393222184546,45.0771785961406,3.48840581163677,0,0,0,0,0.134981597048431,0.531775266384586,0.396793669336155,314.368594352931,110.874294549631,151.175104885521,0,1
IREpAF,6887,additional_calibration,120,-73.0922349578037,98.3815076425353,58.6998805454392,188.999934488935,231.681290071698,165.492255436387,37.9063181723686,4.05124928193982,0,0,0,0,0.100298855106975,0.673063792058197,0.572764936951221,378.319217701042,104.229088824199,146.280965449042,0,-72.2105610532608,95.6647442789976,58.6418235996663,175.300495924458,182.290713509821,140.227328402878,41.6218000881527,4.02989913993952,0,0,0,0,0.128942563318459,0.478414467571962,0.349471904253503,317.998057094333,110.63766484199,152.759106364974,0,1
IREpAF,6948,additional_calibration,121,-75.4220853910089,120.483741367683,64.9162866223116,332.374989615812,322.008848996855,232.080843705073,46.8617228218136,2.12585400319949,0,0,0,0,0.0841492850860513,0.617971039176514,0.533821754090462,371.830149577712,125.024233952085,142.702429034935,0,-73.4158177438748,114.722224064242,62.0939984965014,290.818211396103,263.252782740135,191.12114695644,40.8749948260338,2.18305826657888,0,0,0,0,0.113847485182061,0.479017024034052,0.365169538851991,315.139277202954,123.705483795558,143.793530819867,0,1
IREpAF,6951,additional_calibration,122,-75.6939126448017,121.718362749504,62.6615448878658,348.173565494022,282.846208377887,194.262443690386,23.6149516771256,2.3787612145461,0,0,0,0,0.100698055157648,0.723046804359657,0.622348749202009,352.175031195497,101.695077139848,138.366014166745,0,-73.6181486930476,117.794004778681,62.5409748374199,315.006047424668,223.415436739506,155.80578335984,28.5737262070506,2.39622626733399,0,0,0,0,0.125021554190496,0.511045941660016,0.38602438746952,309.074455218946,111.79230004075,142.496076997698,0,1
IREpAF,6959,additional_calibration,123,-75.2983223725237,93.8616215650969,45.4908941162457,167.285365624659,223.491380788684,162.566722857569,18.6855679369328,2.83297975396272,0,0,0,0,0.106828618444923,0.707196120671814,0.600367502226891,387.829622774902,101.495755197859,146.561580468172,0,-74.6588892731519,93.0803046661766,45.8750350142256,163.436340292568,176.479659285542,134.601889077952,19.7997914432599,2.78564603448831,0,0,0,0,0.127838995557424,0.439853264291022,0.312014268733597,324.349386685728,109.33868372572,163.124384036095,0,1
IREpAF,6962,additional_calibration,124,-76.1302643192893,121.933689314861,61.0907340752289,348.093809675741,321.78862690043,228.944451053168,20.7261316093936,2.15194588859595,0,0,0,0,0.0917307816239238,0.633006422942517,0.541275641318593,367.911006595794,109.387033255683,148.355822908336,0,-73.7665869655727,117.069387747132,59.750969270411,308.656354603157,257.835295533296,184.484431292138,23.2088685023482,2.18910668179888,0,0,0,0,0.115248635361196,0.452601200240984,0.337352564879788,317.825167786155,117.700884933063,154.290103222283,0,1
IREpAF,7083,additional_calibration,125,-76.7107145005133,118.932975088225,62.0919648099502,325.709897886663,233.850618093282,166.41554503479,24.6964899540544,2.28907830452954,0,0,0,0,0.098575051716198,0.702006007791527,0.603430956075329,349.609144193455,101.713156684986,135.167176446531,0,-75.3492237239829,117.790726465873,62.8342275074145,314.006542578857,184.467550501398,138.063952368226,28.308189454332,2.23344784518849,0,0,0,0,0.12187835971296,0.495615769167865,0.373737409454905,307.21842641211,111.071976206127,142.384253742444,0,1
IREpAF,7167,additional_calibration,126,-74.275055999039,88.7971068118833,48.4244942487897,144.163492139035,294.557994577495,217.132672612279,28.7892588008763,3.27212732766202,0,0,0,0,0.105158851717187,0.709848057376721,0.604689205659534,369.769353993892,101.071155449616,147.282767692137,0,-72.8988211964553,86.0506968922587,48.8471763501218,131.906000488863,228.643181873096,174.147750444499,32.722894259794,3.33026384608456,0,0,0,0,0.123349605392817,0.447715074915907,0.32436546952309,320.223129935683,111.760880238937,161.914998690834,0,1
IREpAF,7187,additional_calibration,127,-74.5835672043129,107.579461317399,55.7007168771351,240.397673220087,215.83732359,162.651457746899,23.2381366062109,2.8812687065074,0,0,0,0,0.102421811257563,0.67110169147924,0.568679880221676,388.698951052851,104.71315895029,150.281154242804,0,-73.9834856839467,106.223458582484,56.0601372339072,232.307995087872,178.159372245234,140.221197280011,24.9779937536914,2.85125110856097,0,0,0,0,0.129723371313895,0.462243301199426,0.33251992988553,322.273615830061,110.393651590144,160.561502678498,0,1
IREpAF,7352,additional_calibration,128,-74.4925951005505,117.072090969083,52.004404148964,311.138634917349,261.891958041313,200.785222720755,11.8131262824318,1.77025657230843,0,0,0,0,0.112355960287691,0.817998965397159,0.705643005109468,366.643853454894,99.4693668014879,149.038674935482,0,-73.1658100313565,114.262733634523,52.2172138537179,289.592116906453,219.02906038718,172.533016326302,12.7185794329416,1.79031456374651,0,0,0,0,0.139125277281385,0.539503117485454,0.400377840204069,317.819209725432,110.534761015548,159.522377840454,0,1
IREpAF,7514,additional_calibration,130,-77.1735587161225,111.596723618139,60.0235185532101,272.087471442226,320.847879850357,231.523237708614,36.2323016754963,1.86140805135074,0,0,0,0,0.0885282814825969,0.665469012510826,0.576940731028229,356.181594450602,112.70762620624,140.89783629771,0,-74.9588014899206,108.007470559976,57.8478728414978,248.439468704018,264.351258851933,193.45438647526,35.4220315560815,1.8423520268916,0,0,0,0,0.116734804539297,0.506512331838119,0.389777527298823,311.071135144499,118.095642061482,143.515974632909,0,1
IREpAF,7532,additional_calibration,131,-77.8885498957919,97.6242108260886,58.4815904377653,184.885427748732,241.231584247238,170.934830723258,43.2881134241397,2.80993478735036,0,0,0,0,0.0888007328762889,0.626840445324768,0.538039712448479,369.636433996879,106.094385267657,142.545046189878,0,-76.7492314382632,96.289397419792,57.6022952838134,179.317825159367,197.524635077312,148.288802468731,44.7594412706021,2.62471325895967,0,0,0,0,0.120280280659103,0.483085481548733,0.362805200889629,312.185888041546,111.027605732175,148.111231775723,0,1
IREpAF,7547,additional_calibration,132,-72.920372814257,86.5308594066775,54.5396160150771,134.114022760706,329.406713100514,231.340870751592,44.5439995556007,4.88820365909487,0,0,0,0,0.103704998774681,0.745884971044069,0.642179972269388,355.796865684315,98.7412372877006,139.208910431011,0,-70.8797116509622,80.1405309624636,54.0099738779103,108.398405752382,260.902567896679,187.082656526582,52.7368078809704,5.80928480744842,0,0,0,0,0.130929316672738,0.527799542979301,0.396870226306563,309.700712340811,108.60990227593,144.950843766753,0,1
IREpAF,7616,additional_calibration,133,-74.9160986929334,113.472552064109,51.3089784821884,286.95279473456,312.013472816667,231.432985113221,13.0144022999521,1.68373982270714,0,0,0,0,0.102427580197003,0.739209436996848,0.636781856799845,358.492323708218,101.028400149888,148.702992023434,0,-72.8512473143707,108.368433341613,51.0773229861805,251.408890274653,256.510885458174,193.559080625255,15.2886648174608,1.7482991790057,0,0,0,0,0.124160935178572,0.495276033705035,0.371115098526464,315.84200788505,112.700502179505,158.45197305964,0,1
IREpAF,7729,additional_calibration,135,-76.5508353001437,94.3021901795863,57.1101143664219,167.983081563515,253.372137237136,178.167767952888,37.6162439227264,4.04907867351722,0,0,0,0,0.0972947295350914,0.676163691419873,0.578868961884782,372.886119523027,102.739317797408,144.200856260846,0,-75.3372050030334,92.7176195136114,57.3915680592847,161.008134462277,201.320516141339,150.386837382219,41.1863129266931,3.72158409105759,0,0,0,0,0.126575599714887,0.489699639365122,0.363124039650236,314.538945027016,109.041313839563,151.343563852012,0,1
IREpAF,7802,additional_calibration,136,-76.4193770551979,99.5051247440543,59.9577593341411,197.889308007245,323.430105508669,235.713277411458,44.4041350431144,3.31933250712609,0,0,0,0,0.088940463183278,0.612066987865038,0.52312652468176,357.023418149613,108.663213909807,143.512940912039,0,-74.3891180367852,96.0356369913789,59.1414349785502,179.55330140707,267.212513371927,198.379931124742,47.6166454009981,3.2591325594658,0,0,0,0,0.110558642883763,0.44536490138389,0.334806258500127,313.215220764043,117.245119025491,150.844146870806,0,1
IREpAF,7835,additional_calibration,137,-72.8180466242701,112.938010948908,54.8189056695716,278.459821817198,323.212676383293,229.126954018262,17.9186777702635,2.11043186151073,0,0,0,0,0.0933258500246893,0.627616956071734,0.534291106047045,377.381385388653,107.231321691645,154.679155302724,0,-70.8652963144103,104.756528671197,53.4694588981959,226.346890360776,249.93323372944,179.348131765801,22.697088868721,2.30778324291896,0,0,0,0,0.117872516454982,0.442096419398718,0.324223902943736,319.217318073544,113.988070757638,158.549070969859,0,1
IREpAF,7861,additional_calibration,138,-76.0224808448759,125.261309608365,54.9882212335324,376.992832374928,219.526369465006,164.727420298324,10.265819954875,1.49359951666702,0,0,0,0,0.0967120314430101,0.685197731083468,0.588485699640458,374.209236880888,104.928578289771,147.573282653997,0,-75.0307603068785,123.369547390573,54.4987894391158,362.423493832673,184.586718991013,143.718025769213,9.63658200871942,1.49696859517644,0,0,0,0,0.129728643922465,0.510541150421388,0.380812506498923,314.962393544196,110.385228998846,153.278164488766,0,1
IREpAF,7931,additional_calibration,139,-76.2837875273083,112.759620526683,62.9425260769831,278.292145335053,266.844147560558,185.112703095831,32.517720565651,2.76720851800201,0,0,0,0,0.0949066883771091,0.666813657577246,0.571906969200137,357.958403643534,104.0752048176,138.34522478478,0,-74.5879836039889,110.136968410008,62.6776513046752,259.801821904086,215.424164406013,153.844229945535,36.9997232653805,2.70194343353432,0,0,0,0,0.121420275201233,0.490076904510777,0.368656629309544,310.291755726441,112.279248843923,144.556087547607,0,1
IREpAF,7949,additional_calibration,140,-73.2012866594531,119.070404077597,53.7126125659126,334.0993917322,316.231028510643,225.765032705312,12.7977780487636,1.73408412690333,0,0,0,0,0.106220536605608,0.7946568715862,0.688436334980592,360.857814839394,99.4459663799571,147.690043548252,0,-70.8219471808326,109.903823343947,52.7138556940517,265.059191078812,260.701198947521,189.016738641028,16.6727876353361,1.88048639673798,0,0,0,0,0.136345444359587,0.560303917270511,0.423958472910924,313.096419249916,108.858718711883,151.490539391128,0,1
IREpAF,8009,additional_calibration,141,-73.6245761351332,92.9177363026465,50.3634506727887,163.891955833752,340.607623166463,243.32321475276,29.4303184229284,2.57780330155947,0,0,0,0,0.0945780482597638,0.643687595200487,0.549109546940723,370.104010238952,103.65055604338,150.2554092224,0,-71.6005686629035,86.6944241629866,49.3102234669533,135.259329158477,269.240139209429,195.331971784552,35.4929965827614,2.81407168190708,0,0,0,0,0.118263824680947,0.448608276547716,0.330344451866769,317.482126659743,112.019282575606,157.132759009395,0,1
IREpAF,8016,additional_calibration,142,-75.8648409585513,124.080167177499,57.0121128855703,370.258090219633,264.862825244396,191.247921255184,12.2589937526936,1.50072001483932,0,0,0,0,0.0986662190868061,0.747070276956036,0.64840405786923,362.76142099651,105.627228290548,144.281784916196,0,-74.191726953131,120.459696299108,55.4974516446625,342.046967557491,219.79255813179,164.222817762078,11.7059469293963,1.52399671360763,0,0,0,0,0.133535261570371,0.564314821027149,0.430779559456778,311.62657930929,112.534118823751,147.377612429795,0,1
IREpAF,8017,additional_calibration,143,-74.7287212169655,99.6633720521153,54.2870666288251,197.998965130373,264.566269347786,181.399833853953,28.7192980765612,2.38317438709055,0,0,0,0,0.0932507930847058,0.654045473161321,0.560794680076615,368.19317576757,102.093873162848,142.761702061574,0,-73.3941664756481,96.4646853253446,53.8434554564377,181.394267459016,210.910391110603,149.8095779457,32.4048345602932,2.39267782069874,0,0,0,0,0.123147188469122,0.486523425344827,0.363376236875705,311.79909578466,108.068655795403,148.187706392585,0,1
IREpAF,8034,additional_calibration,144,-72.1002176305136,107.877864341229,46.3252487561416,246.723656264093,251.045332279013,183.713292997454,11.2213234101146,1.81892674110713,0,0,0,0,0.119399729418466,0.900291322713763,0.780891593295297,367.078825090517,94.4728847214283,141.293472362285,0,-71.1595226860419,104.35867665405,46.8422227772963,224.937300720976,205.221049533062,155.694660765403,12.7541093243744,1.86624082653361,0,0,0,0,0.150171762663763,0.584883454072156,0.434711691408392,315.499095963482,104.078779193202,153.705715866451,0,1
IREpAF,8134,additional_calibration,145,-70.694645507062,102.755785452028,42.1173582614153,218.444588986928,338.049794987106,237.473584391759,9.73250233213184,1.79508419233025,0,0,0,0,0.104087466066137,0.70566722077989,0.601579754713753,375.004303066446,99.560266100525,149.170042705563,0,-68.6985861201629,92.3548983482956,40.8786987488157,161.5876031082,258.861289787172,182.388357801203,13.2290139606412,2.07387018841473,0,0,0,0,0.124062035036918,0.443980611972689,0.319918576935771,321.361047199542,108.953034031045,161.305487025895,0,1
IREpAF,8262,additional_calibration,146,-78.9411773969105,111.850522582141,67.4845445467225,271.733770192914,244.200787539106,178.35808162485,45.0206551934025,3.49618987596477,0,0,0,0,0.0919712261569219,0.645180003173274,0.553208777016352,354.674921070196,109.169037840897,137.248616177129,0,-77.5261146138118,111.237430980795,67.3953274858099,267.156858527522,209.140019045652,161.32467572184,50.4143430500553,3.22012826227365,0,0,0,0,0.117499803155861,0.48233544259019,0.364835639434329,310.896979652141,118.974620924422,144.428421895591,0,1
IREpAF,8362,additional_calibration,148,-77.8405671469679,102.775932394096,54.034673348945,215.311444361739,238.345147509637,190.360675227974,27.9786330592106,2.20690616370121,0,0,0,0,0.098457990659718,0.690490303064154,0.592032312404436,367.981007643728,107.058441937821,149.083374269866,0,-76.7520635442396,102.184388321547,53.9365113480315,211.825027744244,209.915899049443,176.586842065248,29.8618638277767,2.11630843051898,0,0,0,0,0.125387464264995,0.487896280959448,0.362508816694453,318.877399006644,118.075637803791,162.645237384404,0,1
IREpAF,8431,additional_calibration,149,-77.2281122249847,111.02359936185,57.3313391017456,269.739819340842,299.589763864802,221.738357611503,25.3252435832837,1.83654137644044,0,0,0,0,0.0943051991657291,0.699481862844413,0.605176663678684,352.939708318838,107.820271003417,143.334112674659,0,-75.2341484461155,108.392281291958,55.9829086931159,251.450561778396,256.356249199758,195.637453440904,26.2731442133772,1.80517954857351,0,0,0,0,0.121558231154746,0.518559015129288,0.397000783974541,312.646207081023,118.963208092388,149.924192860768,0,1
IREpAF,8539,additional_calibration,150,-75.9379574469285,94.7763536660948,57.8624684513513,170.109555999953,239.797635785006,184.963426781978,45.576834168678,4.14468784439669,0,0,0,0,0.103562556607379,0.711057981965215,0.607495425357835,382.169778160831,105.1334089839,150.727208830995,0,-75.0589424847308,93.5543545588415,57.8802372333754,164.499071350031,204.293675241326,165.60125378078,48.9387024361058,3.90158433315082,0,0,0,0,0.134135891717527,0.500343295852275,0.366207404134748,320.336892104406,112.334335380063,159.841402742315,0,1
IREpAF,8555,additional_calibration,151,-75.3448793377103,122.560176747976,55.8995115857183,358.013748182241,301.685004510669,222.476466018423,12.9086924942749,1.66444733645767,0,0,0,0,0.101346921644651,0.748587752459683,0.647240830815032,364.102262727276,103.536606999864,149.39598064321,0,-73.2158370703557,117.346847596973,54.9325616937118,316.352972705784,254.350240630669,191.606144931855,14.0711192798226,1.71801515105108,0,0,0,0,0.131276145269015,0.538478314614829,0.407202169345814,315.692884979908,113.084059267876,155.953576465429,0,1
IREpAF,8670,additional_calibration,152,-77.8497278804625,112.248127713826,66.9092658444568,275.160528936556,241.249280371376,169.461439895633,43.9935913020454,3.00723064423073,0,0,0,0,0.0915514021994394,0.656158559257948,0.564607157058509,347.312208475589,106.797992999163,131.056928139399,0,-76.4407641528468,111.093668003367,66.6497208861292,266.834343604284,196.551611987059,144.65082461165,47.8943173285988,2.81549842748427,0,0,0,0,0.117361900060588,0.494421055244583,0.377059155183995,304.558503427619,113.858371206872,136.058746674383,0,1
IREpAF,8691,additional_calibration,153,-74.3487109647342,117.690748146354,64.7273362160401,309.379791429305,333.567037731453,244.688924009948,44.4613478865431,2.36364904055517,0,0,0,0,0.0981850659235932,0.77314681496333,0.674961749039737,371.85862753004,116.469651545143,149.162883798344,0,-72.0029041645262,109.070137480522,61.7606584887746,251.573054026886,281.116885413216,211.024978709618,47.6326646646776,2.5300740821549,0,0,0,0,0.138942688201406,0.61506006092066,0.476117372719254,313.801470827875,117.71089276929,145.250937010217,0,1
IREpAF,8703,additional_calibration,154,-75.557704290202,105.296701009438,48.9922667980977,232.113093834081,230.4533072923,160.587716896815,16.4331142359224,2.2022571288544,0,0,0,0,0.0996223324642008,0.656398990183491,0.55677665771929,366.792006005817,100.06058282189,142.032010712405,0,-74.4837766084359,104.072065279465,50.3178832752208,223.67013683295,172.572143417659,126.424667980402,18.3667129665155,2.17784426501021,0,0,0,0,0.116220450713428,0.417270165779603,0.301049715066174,317.234296282502,109.016810456033,157.090774573187,0,1
IREpAF,8735,additional_calibration,155,-76.6170099439295,96.2063795334133,54.8774687171815,179.679520681509,313.906254652255,224.039932472078,37.5546450142429,2.68025910189317,0,0,0,0,0.097544138122714,0.694987510220368,0.597443372097654,361.85479990203,103.22895050938,143.568205676511,0,-74.639692060332,93.2570233696088,54.2525221201027,165.271271874884,253.240055179831,186.895900619445,43.2878914716057,2.60217243248189,0,0,0,0,0.124450216735489,0.501079828875764,0.376629612140275,314.205225368078,112.727809454726,152.053834746766,0,1
IREpAF,8754,additional_calibration,156,-76.8580785264285,95.7364482627394,49.869873912458,177.622643030937,237.131822021147,173.878208035909,23.9567958772095,2.44724300364032,0,0,0,0,0.0994386624437902,0.687083154926034,0.587644492482244,364.619897199889,100.497099118358,142.350084068424,0,-75.7950485826677,94.8680496440087,51.0266095642163,173.298517278385,190.916786142574,148.181631011237,27.6312865890104,2.35217603343699,0,0,0,0,0.122352251488429,0.467524804957359,0.34517255346893,314.963040508061,109.826895923328,155.364182229236,0,1
IREpAF,8808,additional_calibration,157,-72.1661844799425,103.688157771987,47.9820149848192,221.320210657604,287.023481521632,199.529514276765,15.3106756569614,1.86019089201727,0,0,0,0,0.107454324749144,0.797384671788636,0.689930347039493,362.997438163795,96.156637206077,140.864570774906,0,-70.5532842026458,97.0766503467249,47.8935803329714,184.603076923431,228.790255128566,163.471466691033,19.4514092005993,2.00869980667994,0,0,0,0,0.138837625009796,0.557237913707948,0.418400288698152,311.402993778076,104.415323557721,149.101687662824,0,1
IREpAF,8917,additional_calibration,158,-74.7459757911355,104.533789773711,51.8217136850382,227.600168646638,322.044338159591,232.185931488573,19.9052719172032,2.33096160761488,0,0,0,0,0.0960006461430075,0.637343315457597,0.54134266931459,363.623825240124,102.878671698134,147.552867919418,0,-72.77673050034,99.7617855773919,51.8742842915963,199.226078853328,253.122189592719,182.797758078203,23.7392170365674,2.44174701470547,0,0,0,0,0.112292952534732,0.416665012182239,0.304372059647507,317.276844303837,113.260055419916,160.0246410078,0,1
IREpAF,8942,additional_calibration,159,-73.1720692869138,95.811662166357,53.9529857439144,176.387127692589,312.59245190832,236.351640966786,39.7420820219049,2.84654932981357,0,0,0,0,0.109848542643858,0.825385480867286,0.715536938223428,372.583636255658,101.532705403057,154.247224780502,0,-71.5759303143197,90.2338704876008,52.6321149341298,149.771608769462,266.886217480293,208.792807287922,47.2465488786074,3.0128483144581,0,0,0,0,0.14796540940101,0.600372143781456,0.452406734380447,316.338073305065,108.977867494224,156.974336652111,0,1
IREpAF,8987,additional_calibration,160,-76.5223740699906,123.337927399954,59.8686786443288,362.747083357056,297.937914995739,213.512937880376,18.089409332264,2.16007647544757,0,0,0,0,0.0932742360350092,0.635607263816914,0.542333027781904,361.484129414028,105.631277406275,146.687506295102,0,-74.4840301218482,120.246832636127,59.7176721266781,334.466802330178,242.887585275195,174.878621625885,19.8806225228764,2.16866158113771,0,0,0,0,0.113442120352064,0.44097811358836,0.327535993236297,315.669155089225,115.296210722925,155.884909287627,0,1
IREpAF,8997,additional_calibration,161,-75.4445458517649,118.56196690001,57.4472466036364,326.998407825045,300.103342397524,216.070549195065,17.1064542900058,1.73513619775622,0,0,0,0,0.109169643386272,0.856695243596259,0.747525600209987,341.230328488673,98.8396591608907,137.404044953799,0,-73.0546263774435,113.141488773891,56.5644384577913,285.409446962266,255.302049864695,188.237961865379,20.5581092356842,1.79065276532128,0,0,0,0,0.13859374999788,0.613928458180791,0.475334708182911,307.522827824643,112.791272369228,141.882907555449,0,1
IREpAF,9089,additional_calibration,162,-78.1550471253368,110.395768892743,61.2928271601171,260.721467475584,254.786727541068,183.76569852078,32.7777376730301,2.46153349605447,0,0,0,0,0.0894376349264256,0.619522052610066,0.53008441768364,371.900160834186,108.418676791378,146.099909295879,0,-76.7466847775028,109.076491376849,60.7051562555681,252.561408330922,212.049139780876,160.216233442028,34.7012060274465,2.34967941833384,0,0,0,0,0.118848471679073,0.469643684953323,0.35079521327425,315.359870765653,114.351982956196,152.851239877267,0,1
IREpAF,9167,additional_calibration,163,-76.2546373823532,116.711989968787,55.4332027266368,307.89870870559,254.15595489298,203.994591114599,15.0131550975639,1.74773902201559,0,0,0,0,0.110665476113114,0.853082138682853,0.74241666256974,361.351735976641,102.374434856945,148.898444789699,0,-74.9182091926807,115.120223239973,54.6704329021461,294.250488290389,227.789500343759,189.366695212895,14.4111538502257,1.72016769937545,0,0,0,0,0.146213245272852,0.61224200326179,0.466028757988938,314.961648966386,113.407275823054,156.874131128922,0,1
IREpAF,9213,additional_calibration,164,-76.9857179039321,118.817372383792,60.2449273037969,328.655234248567,265.315351572834,190.566562096566,21.7325711010926,2.51590003302408,0,0,0,0,0.0979937926912111,0.663330360271007,0.565336567579796,342.659441753283,102.070034568402,136.454228499175,0,-75.3935214160103,117.812203941038,61.9092089652652,316.013474720684,212.543761803936,154.997958903212,26.2011766164542,2.48545246615686,0,0,0,0,0.11103407411788,0.432810784497664,0.321776710379784,308.951981155435,114.977556916951,148.533693660668,0,1
IREpAF,9264,additional_calibration,165,-76.8556577367173,121.102627576002,59.0142378736552,345.281191815102,256.950159108943,186.920088681996,17.6588860610937,1.70936179975979,0,0,0,0,0.103242772353564,0.790021420036934,0.68677864768337,351.906000711992,101.400112856558,138.416579026033,0,-75.1362765336761,119.10570056105,58.3650964782093,327.079315969881,219.645225406886,166.171059461925,17.7728690171825,1.67949508722086,0,0,0,0,0.136094337841182,0.587351920849148,0.451257583007965,309.233561711342,112.272632687913,144.175637134796,0,1
IREpAF,9360,additional_calibration,166,-75.7221718577781,117.160564526706,58.8528332370516,308.090548041165,311.037436659259,227.501336906134,21.1471906289735,1.85664135459956,0,0,0,0,0.0846606780272472,0.586167529025718,0.501506850998471,375.352963541976,115.23616289573,152.263426608287,0,-73.8527970721454,112.682753095532,56.9472780289701,276.473384822023,252.206881869708,186.554862477198,21.9962728906903,1.89793570691108,0,0,0,0,0.111694085495031,0.441587122853282,0.329893037358252,318.47517305279,119.331893496903,156.714704139908,0,1
IREpAF,9385,additional_calibration,167,-76.1718196380385,110.828286469423,56.8907661457376,263.32385855661,277.495068884804,197.121024882457,23.3370719202576,2.09492197905638,0,0,0,0,0.0884820422804349,0.598202637972167,0.509720595691732,380.911181877098,108.706377289025,151.42663134973,0,-74.6980980800543,108.107960863496,55.9691458972485,246.040431226253,219.817643196478,161.713789646528,24.5137151118943,2.08758367092742,0,0,0,0,0.116736632915493,0.444254710167776,0.327518077252283,318.1698191377,113.850890215552,157.517551242612,0,1
IREpAF,9393,additional_calibration,168,-75.5475782754643,116.796959248993,55.9851898932629,304.973207871896,226.336986357586,169.368326062104,16.6832519565287,1.74012494981434,0,0,0,0,0.103532848212781,0.78036527209683,0.676832423884049,367.559047917865,100.480797424825,143.537403702938,0,-74.5086337756956,114.714367323454,55.6501703338452,290.152603956934,192.696448930194,149.703305260478,17.419630548713,1.72844329884174,0,0,0,0,0.142216793644765,0.590047777929757,0.447830984284992,310.534022857966,106.330520571668,147.898485331417,0,1
IREpAF,9411,additional_calibration,169,-78.8733990482844,110.488037174857,60.2513906536601,261.527201680505,252.798039288122,188.705606983029,36.4248072483897,2.05248659820063,0,0,0,0,0.0959464810407071,0.717104696404147,0.62115821536344,368.854429538616,107.950233563664,145.02833860332,0,-77.4601545024877,109.37499168242,58.8841424955048,255.065851526579,215.673810902503,169.204613051199,35.5874944533462,1.95950870266097,0,0,0,0,0.132062608710868,0.55307106180769,0.421008453096822,313.909377824744,114.191871860046,149.789216732718,0,1
IREpAF,9491,additional_calibration,170,-78.5901161379527,105.044139942617,59.1998057802274,228.059003537747,269.204730141879,201.607635600951,36.6811010014644,2.61895968340104,0,0,0,0,0.0903057827295345,0.616810058891376,0.526504276161841,367.459575707748,110.308272991395,148.218054123869,0,-77.1242118958047,104.079849169137,58.9719141048494,222.632560256061,227.627176600836,178.931287511543,40.0854320243961,2.4797603253428,0,0,0,0,0.114684205202372,0.448513427461398,0.333829222259026,317.791500052936,120.029808464722,159.420265748359,0,1
IREpAF,9504,additional_calibration,171,-76.839123900353,98.6492594783697,58.3994894867323,193.350827731264,304.804935823406,215.802179493672,38.5310762005756,3.08550296080648,0,0,0,0,0.088591666103932,0.595220809368622,0.50662914326469,351.209968159252,104.643445329122,138.649202225753,0,-75.0078791484834,96.1371142078517,58.335819996295,180.261345711193,244.239168986209,173.855666508956,43.3060890285924,2.98058327672697,0,0,0,0,0.107474458152022,0.425487050811372,0.31801259265935,309.411097291839,113.83566935725,147.859537493316,0,1
IREpAF,9695,additional_calibration,172,-79.1918177930006,110.995319918802,64.0086276642079,263.083190160746,237.578106521767,165.37548173235,41.4934502938049,2.35538206664933,0,0,0,0,0.0832010178408363,0.58353022378577,0.500329205944934,372.340682923845,110.825722358444,140.822923333872,0,-77.9354777698239,109.763331041923,62.6534411061706,256.615606213735,192.656837712144,141.845262137082,40.4470056073442,2.24499638345515,0,0,0,0,0.114420683908451,0.461699163829153,0.347278479920702,312.821605840883,113.396565352075,146.494186610613,0,1
IREpAF,9739,additional_calibration,173,-80.4140594042894,110.852792546844,61.8117503532846,260.4828796552,223.51800652565,166.39527794483,41.5970183794416,2.10899187361065,0,0,0,0,0.0824660070600255,0.56917183057783,0.486705823517805,379.302536563002,114.126672842896,146.047667598507,0,-79.3562265540073,110.003149326061,60.4177605711554,257.052948748237,186.64486260452,146.694342494538,38.6023356127407,2.02883474667397,0,0,0,0,0.112496141145635,0.441828636803283,0.329332495657648,316.977993370092,117.377920045536,152.743815363729,0,1
IREpAF,9785,additional_calibration,174,-75.4899420943938,98.802270984863,60.4676478624239,192.146031354958,264.235285982788,192.232685256153,45.607361806251,3.83986302796256,0,0,0,0,0.106059483761527,0.78871261647723,0.682653132715704,365.179359184098,101.789708868891,143.696056482762,0,-74.0790509204215,96.2180062690232,59.9879340845526,178.928035843802,222.699780579926,170.215273535305,50.9845456929543,3.60817866612342,0,0,0,0,0.141940590932605,0.585963057298796,0.444022466366191,312.551006642563,109.935476642531,147.266681253579,0,1
IREpAF,9807,additional_calibration,175,-76.1069720467693,100.180575433906,59.8061366809282,198.951109179104,235.201706552565,178.584015731074,41.408811668698,3.73918308417342,0,0,0,0,0.112842265779786,0.837068178402932,0.724225912623146,369.336952261932,99.5303201990246,143.729605592072,0,-75.0947943859928,98.9450841759682,60.0308205626864,192.347313510351,201.016177344489,160.884396511905,46.6781920537578,3.48838155652993,0,0,0,0,0.148687075251963,0.595452836310387,0.446765761058424,314.55496694793,108.133521974669,151.325418780074,0,1
IREpAF,9836,additional_calibration,176,-74.2973554368064,116.724326816416,50.7174613792497,310.142496543828,241.164024745434,166.8367642351,11.0716366821871,1.65838039088703,0,0,0,0,0.102125326999955,0.716762188996182,0.614636861996227,363.945341856917,98.9213424790796,141.180028676561,0,-72.9499113151791,113.477689473179,51.192533658476,286.480112127234,187.240925737351,135.882910576558,12.0272608227315,1.68775423647458,0,0,0,0,0.126905745259909,0.48788047671916,0.360974731459251,314.256916578481,108.214812171766,151.630379132128,0,1
IREpAF,9984,additional_calibration,177,-75.1356625270753,122.751172787748,56.3411884875933,352.637252467176,254.121045061074,194.645992090722,12.77431648317,1.75508904811431,0,0,0,0,0.111418621586068,0.824647208180462,0.713228586594394,374.091549907243,102.231837334955,151.55251181413,0,-73.9511055666675,120.037837591503,55.5854731279574,331.442033065607,218.94898094848,172.61187718467,12.6749687462761,1.76715409749886,0,0,0,0,0.150001641538682,0.605440304735953,0.455438663197271,315.629299104668,108.765989425941,155.558142039688,0,1
