population,profile_id,source_batch,source_simulation_id,GCaL,GK1,GKr,GKs,GKur,Gto,GKACh,GNa,GNaK,GNCX,GSK,GK2P,GSAC
pAF,11,distributed_node_runs,1,1.2335281249036,1.11752903761439,1.76849463770823,0.962733238297171,1.8411825881119,1.79330707879853,1.51705142045063,0.987188393102252,1.8081650112838,0.604476526074695,0.950360472199151,0.543843772840971,1.58390941776326
pAF,19,distributed_node_runs,2,1.40564915520941,1.88970974455683,0.510647624842776,0.562051135664791,1.56930977600335,1.86059615990364,0.534903945620171,1.40870481695019,1.37321293079188,1.68975290516243,1.52177968616509,1.22695171199192,1.99441345040585
pAF,23,distributed_node_runs,3,0.592617525264955,0.976364251163074,0.888000072129496,1.68288470881571,0.809128967421601,0.543837221040957,1.86598834434875,0.864790634733932,1.16292691738796,0.747747974451667,1.75008655736628,1.48946130051542,1.77616779882437
pAF,37,distributed_node_runs,4,0.658230475989099,1.10621803655342,0.757072455597616,0.859504235030501,1.90499147253479,0.767268387128473,1.07061034920342,1.87198460161425,0.632543448502156,0.882137918598388,1.38142147072418,1.14053809476651,0.546637967274014
pAF,49,distributed_node_runs,5,1.20024368385172,1.28368285507492,1.46100266831623,1.67998104573715,1.3288799082287,0.835280547756876,1.93742637861686,1.39796959487084,0.891128445733999,1.7003539672108,1.51675173160785,1.41731945711606,1.8163750650396
pAF,73,distributed_node_runs,6,0.785814672587723,1.33805906654792,0.772004764197632,0.681009523769664,1.5420269380607,0.669591017049053,1.33338944791997,1.42869908421649,1.22700213577301,0.816087997754528,0.703697266115356,0.82419573644926,0.868094196789491
pAF,85,distributed_node_runs,7,1.23246714916949,1.23490323171708,0.932214843155311,1.44329708998911,1.21914108320272,1.27279166210913,1.70385775956111,1.74614232597555,0.914254692060539,0.949952587391985,1.3570346425732,1.9874188237109,0.807086507077664
pAF,99,distributed_node_runs,8,1.07653073309064,1.00371184580962,0.597151945312511,1.23841763269636,1.03341459121989,1.45249596456085,1.78653372678266,1.49031146137507,1.4728632326403,0.873966860029586,1.24449551872059,1.61356534964271,1.89960145975178
pAF,117,distributed_node_runs,9,0.996672915173628,0.928569687714086,0.913387468524398,1.76832490689121,0.554806973142224,0.996578973302902,1.93906650955049,1.87871546988784,1.25658032829345,1.15717433668907,0.985624672971654,1.52957164198475,1.16911204439008
pAF,119,distributed_node_runs,10,0.630336731947767,0.709912061639353,0.544514498774332,0.950366802663488,1.99233572049538,0.657889969250501,1.19054508360627,1.79124627598856,1.0957532812834,0.720023865234943,0.807702090196789,0.702560827992457,0.60413450138713
pAF,127,distributed_node_runs,11,0.874730613289801,1.61063375867296,1.79955813210065,1.10169876445966,1.56061650963381,1.87667780638298,1.28123175634178,0.6798736073494,0.516078362282124,0.910766502759707,0.789911505329809,0.783602769467671,1.80542942201107
pAF,137,distributed_node_runs,12,1.30129261577386,1.86801153380223,1.95359488362314,0.510552563061311,1.93797395069802,1.55749828614195,0.932838652579912,1.05263152958801,1.20723060954274,1.78078609384339,0.737959058020798,1.27999666898452,1.49081900709667
pAF,151,distributed_node_runs,13,1.11269809756659,0.992760316680197,1.93284215794652,1.53521052290369,1.51101827937562,1.55301547767079,1.11536899645141,0.785631122996533,1.67952031088016,0.668864193794864,1.03574156372311,0.870674788013092,1.02640855319667
pAF,184,distributed_node_runs,14,0.766955028159951,1.46529073103508,1.18639911327293,0.605815011484497,1.13622521470528,0.515903106201276,1.27476537463787,1.50078568960202,0.552178816608652,1.13501196750799,0.760799962706153,0.87807447662627,1.47581701629824
pAF,205,distributed_node_runs,15,0.678595558495735,1.0064401793659,1.76798832761223,1.03252947476617,1.57991100635025,0.929453524954791,0.669911110964168,0.936041269977875,0.77930504791995,0.849922312247669,0.738404767352175,1.65914739075728,0.56104123898299
pAF,209,distributed_node_runs,16,1.23837540669197,1.55823569785366,0.931415192873006,0.657780361437296,1.74778314197998,1.35082658504114,0.575812669474171,1.20954471942691,1.98490147407344,0.899742180065225,0.99756382698538,1.3359290836485,1.54122769786273
pAF,212,distributed_node_runs,17,0.767439751144265,1.33311824223192,1.30802846831061,0.551287384951849,1.15995073508315,0.586548199018363,1.67176472535412,1.38483763961078,0.971623845509709,0.938451392430122,0.718852110042148,0.698625001532066,1.01326954817141
pAF,229,distributed_node_runs,18,1.90426331661624,1.51060393041542,0.886601742097207,1.94035549935804,1.88148733102664,1.76538419608125,1.78329323569399,1.81627889425622,1.95526986102011,1.63272387754541,1.70816829422391,1.53151471776533,1.72161971323992
pAF,232,distributed_node_runs,19,1.32320828258998,1.73806933640324,1.23781927747494,1.17073606008788,1.16848308991056,1.76355779060971,1.97442493577902,1.00299099134723,1.32845356880362,1.74864870929995,1.67338291870324,1.47104239373009,1.54091515851558
pAF,236,distributed_node_runs,20,0.815940780025469,1.24295987906076,0.744564315220652,0.584631066853515,1.41488009957617,1.87900236186773,1.73177174370715,0.996610230076778,0.726937992595028,0.8078369337034,1.68240406472144,1.01125612596284,1.61954578691001
pAF,241,distributed_node_runs,21,1.36980990157882,1.93937890489832,1.04010234313543,1.9126943105426,1.56878589650701,1.65952218238637,1.22622521257084,1.1278464407218,1.12495763493563,1.49963875325218,0.526155723130623,1.30915940130674,1.85726768850276
pAF,250,distributed_node_runs,22,0.953252517357574,0.881697124619216,0.765104126837352,1.3058906010526,1.54939170808282,0.743707111093516,1.76703966721074,1.38372673666064,0.84195562375255,1.31844934071706,1.37821304385598,1.59503367758332,0.55415317057132
pAF,258,distributed_node_runs,23,1.12442879414282,1.16264962066863,1.92263063554316,1.11269741717369,0.777435103772472,1.03417704645566,1.67461804248301,1.50572241179255,0.712355997074057,1.91172044588624,1.54499616282568,1.38296365880803,0.986342325127795
pAF,267,distributed_node_runs,24,1.19166909435208,1.1160338310622,1.75558330908326,1.82487635969242,1.59276520547387,1.877119135801,0.523798957118226,1.76798223258025,1.0261875824649,1.34531965650549,0.788706754703517,1.67913094220726,0.504541435663463
pAF,277,distributed_node_runs,25,1.06693672136723,1.44242768221872,1.6763701045149,1.53471422557212,0.622238707013977,1.34725715238783,1.57992506953409,1.83360467080094,0.769433169175013,1.41422000918521,0.797584369083582,1.67689221270166,1.71888606961206
pAF,280,distributed_node_runs,26,0.955208440602221,0.956363263838511,1.86476344665021,1.51341788505837,0.763007608120357,1.202146006389,0.619763000958802,1.28603405800633,1.16865220003233,0.983380105411198,1.26620349291627,0.871013413028519,0.89745935535411
pAF,289,distributed_node_runs,27,1.03455979605634,0.906352680940157,1.75808928010861,0.614598469882074,0.903473201953131,1.48863682434549,0.828067932986823,1.95031229860489,1.29626209994821,0.81779201967983,1.61539307338445,0.989593200374004,0.704957626798453
pAF,299,distributed_node_runs,28,1.46344258057363,1.00087255495509,1.28496493962896,1.84970711024498,1.7651573353869,1.61417138336035,1.51461285626164,1.05100396493963,1.45939955653216,1.07438093358725,1.13583495018166,1.66678655904694,1.71865365077668
pAF,309,distributed_node_runs,29,1.30817872650555,1.98451415300338,1.97704679803095,1.69081090565331,1.7131414664307,1.13255064822349,1.67277348519495,0.984612169543617,0.790833413840741,1.56401822279566,0.965276337794611,1.60733907321424,1.30250769133734
pAF,312,distributed_node_runs,30,1.72731150864709,1.41627956548076,0.821515086383463,1.22325227751335,1.97257083308833,1.9532021902696,1.59247744055085,1.50130099726849,1.8480029034763,1.01205618991486,1.75115872933187,0.936369625911586,0.821348710146148
pAF,333,distributed_node_runs,31,1.06974717450625,1.24233377938322,0.951888640226088,1.2397889145524,0.876870990002494,1.54948083245059,1.30546710638084,1.61883328516671,1.47833527932313,1.44906208942463,0.502648917731783,1.61574589617384,1.58312046712102
pAF,367,distributed_node_runs,33,1.39860180807274,1.62656745052682,1.06787739250452,1.29944334869688,1.95157129993567,0.605813841009574,0.879249427019329,1.55133070781431,1.37600526610679,1.67854441219223,1.25525869176524,1.87353842342804,1.46696006737137
pAF,377,distributed_node_runs,34,1.0913415841038,1.35786149823433,0.843674578802649,1.15269048508988,0.660215194626467,1.26525631118019,1.9229494760685,1.8576881744951,1.48694768116807,0.75329777267261,0.698953849565302,1.7117909948278,1.66875428684217
pAF,380,distributed_node_runs,35,1.04210765975795,1.36399159343333,1.01562876276687,1.16897070756724,1.32399436732978,1.00984649085779,1.10187784263475,1.43313043538737,0.577338455886491,1.36359268154164,1.70078844528195,1.57095619498989,1.22130801829286
pAF,383,distributed_node_runs,36,0.615496254855997,1.07251170100012,1.6069130703302,0.641092755880927,0.78229053732242,1.88075158663925,0.731264222246798,1.61077318657251,0.839298525808186,0.775547986891894,1.67362863610242,1.74483062134335,1.64680392422117
pAF,384,distributed_node_runs,37,0.74096449891302,1.06974418354337,0.631940764983262,0.941626016751817,0.534021144988842,1.30272255431072,1.41857262784064,0.93435170747156,1.08755588314622,0.783403264915688,1.90968022380363,0.967457917699106,1.86921210745556
pAF,387,distributed_node_runs,38,1.05320164129354,1.09675106939938,1.67525743770383,1.24756647512,1.78557798534359,0.989559610878983,1.07981027629018,0.863328523376513,1.09702483270264,0.761938951378368,1.0874177578988,1.25963204277362,1.5813578486408
pAF,464,distributed_node_runs,39,0.828170945580353,1.36624966122198,1.1226462810192,1.56670436501295,1.02152652144056,1.28719779735446,1.33035739724728,1.73508024263577,1.38648268907494,0.627347103278333,0.642490502042806,0.652909279998057,1.68986810990781
pAF,469,distributed_node_runs,40,1.2848126396024,0.862823369135327,1.36276987342054,1.37723157494139,1.61253271898848,0.964192015086005,1.50770442849665,1.96868089375337,1.48033409475437,1.19455727419346,0.926826117018739,1.22578259827698,0.938555398864733
pAF,475,distributed_node_runs,41,1.28364284558982,0.669214815417222,0.851602552858206,1.56496786550274,1.6728919026444,1.70731742568598,1.96865161297468,0.774739009604817,1.49031666558359,0.937388826696002,1.69729349566293,1.10674959682143,0.709781377487199
pAF,476,distributed_node_runs,42,0.991070005262305,0.798407892854906,1.73676824426764,0.980053887234161,0.66338820389545,1.33954189202337,0.554980496832727,1.47398670604802,1.89789305739217,0.816982209919834,0.798030063015515,1.55626705880017,0.738320734967332
pAF,508,distributed_node_runs,43,0.564334798765686,1.13257911904895,0.620881413035616,1.29649323055626,0.623236569006259,1.17500770678852,0.836279657862873,1.60092226385518,0.752127747900213,0.53592118610696,1.82841411355474,1.0906015465333,1.48874847866111
pAF,509,distributed_node_runs,44,0.998269725690993,1.41843828521987,0.992176152817586,0.818461356140201,1.08534249398343,1.6652781932592,1.25759002278032,0.688914476241925,1.0551313732583,0.641569310247277,1.2637077592423,0.753164665678218,1.41286494437261
pAF,516,distributed_node_runs,45,1.07771734224618,0.922333382735433,1.95673635293275,0.868859956856898,1.97492551399495,1.68711965817448,1.27581727519839,1.27340493345599,1.65802007885299,1.32521450121554,1.20687083384511,1.55543957535231,1.89947119684915
pAF,522,distributed_node_runs,46,1.37090066989418,1.14358711777192,1.24853145404738,0.937524327052108,1.50411880115029,1.34462209689086,1.76970451412543,1.55334077913919,1.6813115378161,0.808436039025243,0.550299460362313,1.83164093366118,1.00408281222523
pAF,526,distributed_node_runs,47,1.31455228578045,0.99010999210702,1.52397891111234,1.29543621884947,1.66281779666149,1.5016647562792,1.29025304007634,1.39381621347132,1.6299721756874,1.83459602073532,0.698116652940212,1.94536481234232,0.593385032998559
pAF,527,distributed_node_runs,48,1.21835233216989,1.70131404010349,1.36523454746314,0.950495991807609,0.882948308688781,1.64049708435301,0.959993162944957,1.64644097464222,1.04096343357258,1.34374034072673,0.987921957275747,1.42803654631749,0.954409216197397
pAF,531,distributed_node_runs,49,1.70680330457121,1.50899094507831,1.53232961374194,1.60930885430881,1.57211694056743,1.75814784457143,1.60123439220299,1.72077119846474,1.36322749915039,1.70780346617849,1.04514292414878,1.51229352320529,1.26627366679354
pAF,542,distributed_node_runs,50,1.1315199652294,1.32059222019416,1.42533336849292,1.59516656000645,1.0428347626554,0.544098530764379,1.08020749027998,1.8191560655617,1.42023922549673,1.80123902327066,0.697782518964224,1.77255512465034,1.5550087523383
pAF,575,distributed_node_runs,51,1.04283308509705,1.46802128021851,1.76371455982081,0.518881614113122,0.864662056289453,1.2892966917115,1.42810533455406,0.953552488736487,1.57767085847496,1.4366628747823,0.931593168074386,1.13896189305905,1.96140958573306
pAF,581,distributed_node_runs,53,0.940104668268316,1.42107026210314,0.885260610480676,1.89678854122482,0.734858321002085,0.750092079070459,0.840507955294315,1.85800066929626,1.02893767975744,1.94990437422505,1.8660048028863,1.68279869980431,1.34687689570478
pAF,599,distributed_node_runs,55,1.29723690952229,1.87453545453077,1.82697576404162,1.85287749859951,0.904049845909861,1.9307875644978,0.719049039285031,1.13200135435391,1.25141685891863,1.86397894974217,1.30864860355547,0.890767099882074,1.7839186825792
pAF,609,distributed_node_runs,56,1.17937165923399,1.57370320643931,1.22231240432158,0.829952555956455,1.60291237753385,0.953435175614914,1.13785556666327,1.36426976667442,1.6824018894236,1.57001111011157,1.45433101294831,1.49324243541011,1.42622373657293
pAF,613,distributed_node_runs,57,1.65306277576471,1.58275211239754,1.36930291252344,0.838646465521925,1.38075776746537,1.64227774790036,1.44831772646864,1.88582049140742,1.32342662043561,1.89021802521545,0.759141725636026,1.61481775626323,0.987597672424786
pAF,631,distributed_node_runs,59,1.07456877043023,0.628409922703542,1.05313007425772,1.73215076891259,1.3138872426122,1.8637076030929,0.914918260482407,1.02160255182748,1.93772441938691,1.14984390331882,0.886325099620082,1.33365283945826,0.867036752404848
pAF,633,distributed_node_runs,60,1.05552983397768,0.881131281681604,0.562305342514514,1.3739684693132,1.69716684273944,0.820527734693888,1.6414111119847,1.31892634436766,1.56108175865659,0.94552135294509,1.61662594788802,0.96414468195296,1.28355930313689
pAF,666,distributed_node_runs,61,0.840994311179721,1.31793358316827,1.08876049655247,1.00301349103697,0.820009734145795,1.85337753971362,0.943446976828522,1.34222826771254,0.514767767528695,1.05741821798863,0.577017601119855,1.48675506907015,0.709561931175816
pAF,682,distributed_node_runs,62,0.782826250737253,0.838959680881752,0.968738458525105,0.871569559726156,1.23208704003691,1.14676000583962,0.906104533190199,1.68771006951891,1.18528828271348,0.653535413207983,1.38681106245717,0.733914793572712,0.900731715886004
pAF,683,distributed_node_runs,63,1.27029443870239,1.05903033890317,1.73670490736516,1.34892978260211,1.33081736222583,1.61545049896929,1.96106308407057,0.81394161112808,1.09715564154384,0.595187558572266,1.06830227705689,1.06556560698255,0.706594830359509
pAF,702,distributed_node_runs,64,0.894442588424552,1.27584573858787,1.45320251459728,0.832774791637576,1.6100238086296,0.637672264123779,1.22993504381701,0.85231222054638,1.48333385466908,1.06997184006434,1.73399260783586,1.96875840165827,1.83550414508646
pAF,726,distributed_node_runs,65,0.971674911219276,1.05419150096961,1.29675461002457,1.01130005738599,1.39181032479884,1.16038545519944,1.95413080594678,0.741736226220374,1.14674334400535,1.08112090074721,0.786493164809129,1.46431203616322,1.54982424263776
pAF,738,distributed_node_runs,66,1.02167963184973,1.70060149837551,0.575976052062767,0.757209745777297,1.50137916593719,0.679954289734241,1.67640183796465,1.9965353689587,1.43752334532566,1.79503191203949,1.15059786730763,1.2830278544847,1.23203489052654
pAF,747,distributed_node_runs,67,1.29487336671884,1.23164199831291,1.85564667903751,1.66336624822877,0.908287814977452,1.61389488563648,0.586993628545033,1.45939854970618,1.2434141515945,1.31546404445941,1.49932027549151,0.899105076271656,0.873454070196905
pAF,752,distributed_node_runs,68,0.922769550851959,1.10054774405127,0.984286185245828,1.53184881045003,0.600134174982577,1.47650191104624,1.48918276839428,1.8997336655134,0.912288139807206,1.30728808924972,0.951037916940055,1.94197452164628,0.55238218438787
pAF,754,distributed_node_runs,69,0.962827452274654,1.11084223811866,1.80299658812512,1.53638833086358,0.781602824193266,0.990386549116587,1.9287665476483,1.78222480547149,1.19741466642725,1.77112654585963,0.669680310218973,1.12964917349042,1.39417070926493
pAF,760,distributed_node_runs,70,0.852056049270452,1.4341895319354,1.70290269378838,0.710972968889694,0.979616571580919,1.05533570779345,1.40768540655168,1.29535412705095,0.85901540005786,1.41592937263535,1.8595211153362,0.925905590729198,1.27018097302221
pAF,779,distributed_node_runs,71,0.931980119240017,1.46254070224875,0.568805462757315,1.76350467096073,0.512014901025455,1.13274669569914,1.38858248885234,1.54087090899339,0.97234566202479,1.22410057534873,1.51469742104236,1.22093215553861,1.47970733164813
pAF,786,distributed_node_runs,72,0.964216910759818,1.60597815743105,1.9656776511725,0.93677971455441,1.64238728993565,0.965159555672698,0.930974008363174,1.90993707016543,0.863598011026251,1.50255315210328,1.74962325513908,1.0993314107404,1.75451217305177
pAF,789,distributed_node_runs,73,1.4616193544679,1.76216559274864,1.77110394810512,1.40580065693359,1.81914843475518,0.780593468991692,1.77856881052229,1.69084114613881,0.987669911301976,1.92752660266175,1.9721856069303,0.893877209486382,1.77295218704864
pAF,796,distributed_node_runs,74,1.37052295044817,1.59679928292831,0.891687431166257,1.29049827310194,1.84195457613277,1.85118870655573,0.955107657193569,1.82712931900338,1.10924750271854,1.29462397904108,1.83899427982165,1.17238615970101,1.20745607347019
pAF,807,distributed_node_runs,75,1.12015357424633,1.578158291417,1.98009494986491,1.91936300094365,0.967072079005202,0.900546974268759,0.574546715658392,1.29423377670416,0.904622593597134,1.53822720432143,1.14053838218478,1.68932035535093,1.29453782964799
pAF,814,distributed_node_runs,76,1.21176086572332,1.59786152954016,1.53552085638119,1.09251608126218,1.56611623248834,0.643240305957737,1.39764940418913,1.92779681695915,1.57188919371497,1.73929920180089,1.20020100044917,0.682769697533444,1.46872146488032
pAF,820,distributed_node_runs,77,1.23079873627254,1.27081548989685,1.10523761798507,0.516740317494224,1.73694178473811,0.53688843136982,1.97483576985096,1.91390681279357,1.30844357992448,1.39681096397115,0.659257023490724,0.740588098907164,1.12478029382897
pAF,821,distributed_node_runs,78,0.82883031996514,1.00852263555887,0.647408467418731,1.88846387170036,1.29615338568577,1.35478758803483,1.23165466002019,0.626952197856823,1.77093442119782,0.545861692787809,1.70858772575546,0.659416647853115,1.63905257909304
pAF,826,distributed_node_runs,79,1.38334530674391,1.14056353063448,1.76163202699529,1.83874142075048,1.73243377643233,1.82192388618094,1.34323527776023,1.12589956892002,1.47968192914179,0.999243441613424,1.81614969605012,1.09546713182486,0.99816876942219
pAF,829,distributed_node_runs,80,1.08149618238782,1.30192518469164,0.656097213648269,1.07117888782868,1.95630094444644,1.54689277861357,1.13947416969596,1.85003024224776,0.609804704674643,0.866560743269798,1.16573694874877,1.71538648973938,1.17256276208569
pAF,841,distributed_node_runs,81,1.42180371427723,1.74020551777494,0.651898314800247,1.12101063614387,1.85115063481624,1.74429328697874,1.3935824295625,1.52777282081229,1.21657771172353,1.85135435758223,0.830867679655372,1.99965916555432,1.73340255478421
pAF,848,distributed_node_runs,82,1.22344842156482,0.615257021440458,1.78611423735579,1.62680736587884,1.23597427089531,1.8945630978331,1.65596052168911,1.7019805447046,1.79662580735857,0.857478640852971,0.748642191924368,1.14786939059365,1.03564303743325
pAF,850,distributed_node_runs,83,1.19762723520715,0.841259066723663,1.64022398981685,0.669426157669785,0.858741910621827,1.89704190827585,0.719867351136454,1.17216327768743,1.91224545569777,0.660758266379887,1.46323464745719,1.33299230268313,1.65548677719948
pAF,856,distributed_node_runs,84,1.10063986486116,1.70408052006567,1.40125323492058,1.83571225874454,0.761414044101719,1.80636556953843,1.26220130223305,0.913175283861087,0.573858321944744,1.60914829611407,1.84039867224021,0.586906177611101,0.69619748918875
pAF,865,distributed_node_runs,85,1.16174428865562,0.796402303282081,1.70719744239402,1.99727589515579,1.972775011033,0.829626191036022,1.81142518482151,1.42821607804813,1.07819918126659,1.05504556467977,1.3887747018622,1.92136045386831,0.931332924113604
pAF,874,distributed_node_runs,86,0.831519480768193,1.79272252700517,0.51206856184289,0.791418752533272,1.50790152012271,1.08213743156511,0.644098004533286,1.51741730591889,0.519237983337315,0.695236345627548,0.797035770825371,0.783857277165077,0.690108331927833
pAF,875,distributed_node_runs,87,0.66091377367904,1.15030779005731,0.755574640994433,1.33503905443896,1.67889825010864,1.10551160899883,0.761712968923986,0.716286140788247,1.29054187045881,0.576520196448776,1.31377781058619,1.66739928400023,1.58665776513683
pAF,877,distributed_node_runs,88,0.715406660239179,1.6133537974747,0.520346136854456,1.88634419854943,0.979797976467078,0.537338309023811,1.098698198954,1.96903196859613,1.01991137375776,1.50585544681125,0.948906741206685,1.52242224569015,1.59150224817837
pAF,884,distributed_node_runs,89,1.19281510077688,1.91949007501064,0.887878619993694,1.17931420673229,1.28257652584041,1.67023695807537,1.878410657416,1.47882498062339,0.763112944322512,1.41312533228185,0.628758397828321,0.50031514152594,0.599808095076825
pAF,889,distributed_node_runs,90,1.18583049430263,0.882137963820878,1.4919733979632,1.16124857037586,1.89777658115253,1.61249823710501,1.01752924975384,1.79488658021471,1.19437433490276,0.637470819836113,1.41277508879382,1.72870754328228,1.49410163341071
pAF,907,distributed_node_runs,91,1.22516872565332,1.53601629939859,1.26097074415299,0.89395743926125,1.39724811277517,1.18974623325014,0.618940158498065,1.9402915740618,1.24837048104479,1.53395362714138,0.953532659383667,1.5716994116439,1.35034851551834
pAF,923,distributed_node_runs,92,0.833635714975078,0.94879798814706,0.721649272321337,0.961393757118155,0.773807129896261,1.69992663578312,1.76140073250911,0.670715454997705,0.519077932861492,0.692246716419585,1.42166792807109,1.93518471958855,1.13866332942233
pAF,937,distributed_node_runs,93,1.01474917322711,1.08915025665382,1.04669455368584,1.4086125764126,1.61060003158788,1.80031750415298,1.14526588436457,0.735085826075217,1.42943583851438,1.01611157889111,1.16799524302159,1.01328326011701,1.17996255789315
pAF,972,distributed_node_runs,94,1.15384264058955,1.01705702018697,0.806635720316885,0.800348206146259,1.76939971830854,1.22051703773184,1.7356789322124,0.905215993363878,1.27912308139524,0.924977833781922,1.98068780421203,0.772197100083036,0.685819689343523
pAF,974,distributed_node_runs,95,1.18451944520321,1.74634374830757,1.4322034093539,0.644401190176906,1.39315786794329,1.17402806807857,0.546459529578524,1.68754484054102,0.898793774346717,1.03549788249192,1.02638804657839,1.34916911515489,1.10266947604381
pAF,975,distributed_node_runs,96,1.39838886767883,1.17854875223815,0.537514059459483,0.985709983222726,1.75814067290951,1.5996409533325,1.11803975739473,1.22467715236676,1.45180434974415,1.27274357993036,1.78283660125443,1.48963403507374,1.47149705879246
pAF,988,distributed_node_runs,97,0.978806714657818,1.89454255666742,1.0739800287062,0.824390370185107,0.818783717582795,1.8467713874804,1.5183641677885,1.53487342783957,0.657252103460814,1.02127238712198,1.39088802213681,0.660849987084059,1.68891171072913
pAF,1003,distributed_node_runs,98,0.828429096997935,0.912245272410039,1.48474051406837,1.39249993250854,0.818520177536502,1.60412281563191,0.598019875180896,1.84848833364269,0.958049703997352,0.892758695835842,1.0036281201003,1.61763255995379,0.561420795240199
pAF,1017,distributed_node_runs,99,0.876372395970565,1.70385860789955,1.17420652505256,0.916099285783291,1.19449285455484,0.963416377103902,0.572356516870551,1.52401121710832,1.15323392834602,0.7919259222627,0.91360121364942,0.680980054868653,1.43425810216989
pAF,1037,distributed_node_runs,100,1.3334475737473,1.32338000022078,0.76682349390527,0.885024775472101,1.80497562723015,1.63729520229982,1.83011387143441,0.860292762481192,1.11260410115565,1.87422469819638,1.85139143027422,1.99616100879754,1.34389346137581
pAF,1038,distributed_node_runs,101,1.43276292023106,1.37944091938575,1.63185238532894,0.527139523035352,1.95294579299747,1.72826719226475,1.46953596143825,1.68466594635019,1.17104694356065,1.56380465045953,1.3271612899037,1.81548396123592,1.0883340968185
pAF,1040,distributed_node_runs,102,0.791533370959758,0.953240733912722,1.82574642951952,1.70683106673921,1.55808580177589,0.699110255534835,0.842594307835193,1.96739950466509,1.18741876056222,1.33710528743132,1.5594040043505,0.652537520652026,1.50146280414535
pAF,1059,distributed_node_runs,103,1.11909551647701,1.37773131541947,1.16782277547963,1.48042525841395,1.50470871582854,1.06186131031165,1.28169039848543,1.68679341404785,1.43271830269749,1.94009071591191,1.11212509988797,0.517021587296457,1.00175893543999
pAF,1089,distributed_node_runs,104,1.06815111181757,1.02783399375969,0.809259716008095,0.616875361197471,1.25214234627026,1.32676009063992,1.88845338808979,1.93897873127974,0.745769096725255,0.964643892587739,1.62569999975928,1.47142383730972,1.26901918105585
pAF,1109,distributed_node_runs,105,0.663850392354335,1.37733612880378,1.64931383885918,1.93511228272482,0.964040034468434,0.698514774520123,0.995741047406089,1.72044439243175,0.741249207783854,0.80634474083924,0.900494331538741,1.62232232575577,1.87470275627883
pAF,1110,distributed_node_runs,106,1.4581282409444,1.0619764794336,1.92084495787153,1.53948420275453,1.74575959477556,1.45647342062262,1.96298871369514,1.24221018107527,1.78961780257691,1.62462976428997,1.69613987380102,1.83992991665738,1.84328981701455
pAF,1125,distributed_node_runs,107,0.798483909667372,1.02421949876416,0.615327532592809,1.27277162932293,0.96106959664121,0.687138529001245,1.99811010966618,1.31964783188474,1.23662378882458,0.630649734543099,0.907697466343006,1.79855482830799,1.84152138356158
pAF,1135,distributed_node_runs,108,1.37209036826003,1.99074584838247,1.30956051745627,0.750484991158235,1.57231334260688,1.35313880070619,1.4816600371948,1.33331499698106,1.58388844272422,1.34076037396505,0.660803591973231,1.01362688480416,1.94308969603306
pAF,1137,distributed_node_runs,109,0.846013589177803,1.44389134816274,1.14787400712855,1.48267960565702,1.52918839636996,1.56738756327057,1.69877458562542,1.24097777993841,0.765930726464111,1.17097223333477,1.6016555294502,1.07328514637928,1.76230312688101
pAF,1140,distributed_node_runs,110,1.09399654737338,1.25376191620521,1.86664650883455,1.80046249413867,1.48280750007731,1.40778106291197,1.69050393954783,1.06101785353156,0.848189696278093,0.878855472192939,1.90752525926503,1.70924435176473,1.69017747908322
pAF,1141,distributed_node_runs,111,0.711771625529854,1.42770594250726,1.56964148097774,0.951362437529464,0.566447013920529,0.976500145599362,0.973740393008294,1.06804245305869,0.888405769601625,1.16960339477561,1.83026019097569,0.811697404120935,1.3232037256546
pAF,1147,distributed_node_runs,112,1.20065372602174,0.990269395958344,1.93638463120642,1.31662508620528,1.71493055972052,1.07301304736852,1.40602854537603,1.40009821895032,1.29967809793523,1.34939422170256,1.79186755864448,1.3370867726487,0.931558327316299
pAF,1173,distributed_node_runs,113,0.981661323949315,0.882219658823415,0.841571620213656,1.90829355613541,0.568668516501085,1.07936765757131,1.44211110999581,1.39918619905336,1.22301712407278,0.842175367339189,1.95926440518723,1.38395324748312,1.14195768597088
pAF,1176,distributed_node_runs,114,0.959948661695992,1.36846340498932,1.81021234428744,0.56431481850648,1.59181307016246,0.840558854082177,1.77805616952834,1.52786221496285,1.15178155757996,1.38653214833161,1.68582274494691,1.47903501612339,1.62191046636598
pAF,1182,distributed_node_runs,115,1.00191376394215,0.717461227694308,1.97106581197386,1.26482726135327,0.8930962115418,1.99340729913219,1.52966506217844,1.99293592059694,1.36774734478735,1.21030544298754,0.747078830561357,1.01265582226949,1.13805128312973
pAF,1184,distributed_node_runs,116,1.31214050931383,1.28344767520292,1.16673283372377,0.758816740700762,1.3914425144119,1.57892538502329,1.99222436302619,1.26072522083309,0.659646472999392,1.15783338902459,1.0341063723701,1.02119930411396,0.64242453501636
pAF,1198,distributed_node_runs,117,1.1782083902141,1.51018787933712,0.998058431067736,1.67299023561952,1.31680759279023,1.94537867015703,1.44580002942488,0.777374811950067,0.580567730961789,0.557472582940294,0.826274186690922,1.44210131699743,1.09821668150143
pAF,1210,distributed_node_runs,118,0.766404834658899,1.17763568950727,1.67187866118977,0.994632111476921,1.72332900197879,0.748554439811691,1.94952850899818,0.61765352052413,0.786391542145982,0.822802770543913,0.890376207319107,1.08480391441698,0.61945751662467
pAF,1213,distributed_node_runs,119,1.03819354507836,1.28767842494815,1.28561712442917,1.62017432615451,0.654342761719996,0.980700553063715,0.867403672534943,1.79213201965707,1.17139774368734,1.80088868583655,1.46674391131618,1.70251858836492,0.789715885330761
pAF,1226,distributed_node_runs,120,0.847358453993412,0.715962870664239,1.56255108532091,0.872140602025508,0.557861282148472,1.47126045728929,1.29391796467673,1.99195801800616,0.668555496204746,1.66995569655805,1.88587008789641,1.68415847246039,0.523748974204458
pAF,1241,distributed_node_runs,121,1.21753044882901,1.69551284462321,1.2237091660683,1.47750560355677,1.84003674406091,1.00437387550361,0.750026032747591,1.64195779059223,1.01297157110378,1.17147496807747,0.805228718255627,1.13433766636074,1.71411361822338
pAF,1246,distributed_node_runs,122,1.35613216076472,1.93249501320059,1.85377187870457,1.42932893112613,1.49439375747428,0.765509623786028,0.666681594975418,1.97212412626414,0.876733236218513,1.373892340685,1.39997585480603,1.60117254441091,1.54899940884582
pAF,1255,distributed_node_runs,123,1.3137798591222,1.37016260114655,1.94140232709801,1.57875121217251,1.03401642629432,1.80179767009246,1.07035128711552,0.751088066455036,0.862341494117349,1.98009942011497,1.91927345464155,1.89037961333205,1.44200102326993
pAF,1260,distributed_node_runs,124,1.06538923312037,1.54856485714251,1.66488758291007,1.84483317259702,1.97147494816507,0.628620157886779,1.11187798797239,1.43784950451192,1.21314968990421,1.60718330586417,1.82119894573482,0.922120901126353,1.68953116888264
pAF,1273,distributed_node_runs,125,1.2861129254031,1.14653172427253,1.12747000634805,1.95345070792378,1.33771015323917,0.811504366609695,0.563086080595116,1.94875266210417,1.82754064537578,1.4874616360027,0.857889474270193,1.40062938388233,1.4350541621731
pAF,1278,distributed_node_runs,126,0.516087935618181,1.11556982793145,1.28950563027642,1.46723705852903,1.46042494346486,0.724925213463079,0.782555914947445,1.61945007318023,0.517348187103343,1.21927589373755,1.03234875572736,1.67065022816144,1.33203727038488
pAF,1282,distributed_node_runs,128,1.56505170513922,1.74267064204325,1.38643236178615,1.97723242220925,1.5193894379744,1.32162639515467,1.83001400636857,1.64146933451244,0.847484016392759,1.78751974239147,1.86165331953184,1.78282690388851,1.26541007780233
pAF,1324,distributed_node_runs,129,1.10839596698011,1.5482313329771,1.21164519966698,1.64739181976788,1.75428303714917,1.70254044875324,0.997575956523159,1.4304793438407,0.853120785479526,1.49902488676136,1.92619214392675,0.522396477504076,1.0777701820837
pAF,1325,distributed_node_runs,130,1.34759980264434,0.980714646827344,1.7628077324897,1.45365692856469,1.76866724570718,1.97859195028055,0.984757792338777,0.766262642710924,1.59284587799991,1.06441871351077,1.59027884150923,0.708061767211457,1.3304440918652
pAF,1336,distributed_node_runs,131,0.77741023163206,0.936697094673193,1.43770152199534,0.95010642834704,1.78741168780776,0.855690717035527,1.81976620666756,0.943311782768273,1.06322943055264,1.14074893274092,1.19969097312472,1.91544226322808,1.29144035834336
pAF,1342,distributed_node_runs,132,0.547984964424761,1.03046438467436,1.2091135519468,1.6858305750054,1.62772992658219,0.639929369692031,0.849449769641978,1.22634412121136,1.24522346865328,0.805927189120575,1.55438352267596,1.13409013801515,1.43695091270082
pAF,1345,distributed_node_runs,133,1.16393881775639,0.883804893423223,1.25430516014203,1.25352633329558,1.99584786092734,0.551663840652443,1.05122920627489,1.39215006557694,1.38816035536053,0.897176475507579,0.938373676156414,1.52546750321819,1.13609282988989
pAF,1346,distributed_node_runs,134,1.25380885840086,1.38366941531225,1.65907225327443,0.565619896902395,0.543170953310633,1.41313888532409,1.21316429086605,1.49832756056078,0.967083890124216,1.27738048438339,1.0802128963288,1.86550277003361,1.25815760634824
pAF,1350,distributed_node_runs,135,1.39576635230878,1.53518868055068,0.663818786888852,0.787909212160978,1.31837198747244,1.75747120332396,1.79751702933102,1.16098663610407,0.947869265456509,1.59783351114621,1.87604332505053,1.90240226111154,1.31612087946505
pAF,1356,distributed_node_runs,136,0.749751669553641,0.84593828650308,1.8961182713864,1.19711221694575,1.80563954958455,1.37677906205211,0.996072758150428,1.79524276235057,0.520489237980041,0.961350227802685,1.24830922623307,1.7845928605013,0.508356683706255
pAF,1450,distributed_node_runs,137,1.22029501206907,0.952272233212649,1.75111448768992,1.53842955382321,1.20459707787621,1.72325993927396,1.81774332371529,1.6822346285076,1.70741760858464,1.33365946806291,1.58108761131517,0.566525633204504,1.46092957529672
pAF,1461,distributed_node_runs,138,1.26609105478289,1.28390380177129,0.705773640469718,1.10093658633217,1.11050031668461,1.79428393879292,0.954985979044148,1.10633488109029,1.42399237829362,1.10438480384174,0.584264321240114,1.57368490205631,1.00772411134587
pAF,1466,distributed_node_runs,139,1.09281117418227,1.37434511661279,1.95924250644199,1.30389646733319,0.808819778580672,1.8043661602231,1.17997038470781,1.67569855523702,0.771149610403092,1.89187517216366,1.23167136549382,1.33848900628633,1.45960733475865
pAF,1476,distributed_node_runs,140,0.850409178826164,1.35391263439125,1.09849263528848,0.541550629847492,1.59505924007929,0.519222240835987,0.878291029336533,1.40999540396393,1.40254571012494,0.820044814738182,0.852239745226019,1.00896108703843,0.825753480956602
pAF,1510,distributed_node_runs,141,0.845717766718432,1.62971930574234,0.968017731763283,1.58636119489785,1.6363289306001,0.83558385866385,1.26887028142143,1.58064941946919,1.24079285089185,1.37345161031696,1.44158101850045,0.836476114295386,1.6797003567085
pAF,1523,distributed_node_runs,142,1.01025718046302,0.862543163394364,1.58735814760308,1.46606594447585,1.89101080924903,0.98584321446805,0.872224308060136,1.99362164925412,1.56959564178366,1.87528859794802,1.26434477267056,1.01352706901806,0.958792952795921
pAF,1527,distributed_node_runs,143,1.09191974236241,1.40183771901821,0.662285573877533,1.95989145454768,1.77771135868463,1.77246568144281,0.862609837746996,1.35371651196566,0.705988490619446,0.951965910727982,1.48647195831578,0.522588617059288,0.972605097978756
pAF,1532,distributed_node_runs,144,1.04549740646093,0.783636325203529,0.84882643098278,1.6005143180552,0.90750292938963,1.13670318937104,1.79258268339778,1.9213853691269,1.58695043879795,0.988928069940003,1.6151253515928,1.40297027807137,1.60201469508373
pAF,1544,distributed_node_runs,145,0.892837127754971,1.87108997772551,0.525934334396574,1.8306618597711,1.34911313392373,1.05164836567657,0.511647583464255,1.48474502011825,0.71670410719923,0.665995902280425,0.999115166574698,0.855933104936103,1.05131071175929
pAF,1551,distributed_node_runs,146,1.23689359590932,1.37397842689295,1.1124848921608,0.69373848863029,0.784467783733239,1.15442957781004,1.78180142167139,1.12275647374543,1.37378627577732,0.895127182896005,1.46429071472463,1.92116384916306,1.62580666062105
pAF,1557,distributed_node_runs,147,1.26786863817508,1.06857338015743,1.27893885543431,0.672616912734782,1.89207892615342,1.66600436581538,0.514624245330577,1.82753222881732,1.08734765073031,0.867053690933035,1.38927313137258,1.46871932458872,1.47856408256643
pAF,1561,distributed_node_runs,148,0.904318133536263,1.68430011677323,0.661354245451841,1.95466526503557,0.53993789121395,1.59342280930535,1.48457743270017,1.42956512445436,1.74747276777644,0.965668808280371,0.60021925822261,0.510051537502632,0.866606943044196
pAF,1604,distributed_node_runs,149,1.49024661106426,1.31270482336031,1.71709843999364,1.63204151369384,1.93887073739881,1.15342674346768,1.79771134762036,1.9523790031865,1.99223530373761,1.54607567858246,1.39890828955881,0.620568339938394,1.35281228887979
pAF,1609,distributed_node_runs,150,0.807279955006609,0.972934869030392,1.30941158935966,0.792254440342353,1.07728943656948,0.871128847839441,1.66856509368006,0.897852632768379,1.47033860930866,0.688998468503087,1.36314840325565,1.13404868090542,1.45429144956204
pAF,1612,distributed_node_runs,151,1.23111354590712,1.06148638808428,0.647594846509103,1.66093104477684,0.758641681487686,1.73177956284183,1.32489199536083,1.66309902360287,1.15357563161186,1.55000754891894,1.78310905903076,1.62388667342376,1.24480902885258
pAF,1628,distributed_node_runs,152,1.18378233637002,1.0543890872028,0.80093072004584,1.32033959852475,0.973447547109253,1.17089765663074,1.65135775429595,1.43620394042878,1.56118817005413,1.51682701673424,1.9939971392694,1.39097275007457,1.41466065116205
pAF,1643,distributed_node_runs,153,1.70544911658434,1.86332834276196,1.76073847367361,1.65181204666335,1.69211696227171,1.81709489185278,1.45701040597594,1.30248012958856,0.78729066100476,1.90540833764634,1.30247087272875,1.46448132462962,1.60578768231025
pAF,1655,distributed_node_runs,154,1.47391088644273,1.8091399774407,1.49015895400857,1.13364909681155,1.79145495901092,1.24205682497153,1.17089788519368,1.44615001926054,1.27278778896987,1.2114752376786,1.53293919059456,1.64679512331969,1.62934669621915
pAF,1660,distributed_node_runs,155,0.89853861452752,1.06673936292134,0.886801698945003,0.947600925153932,0.96231195119627,1.48012979859853,0.53282373960981,1.59309299588199,1.66209416506227,0.917440983118904,0.992129479763298,1.61222593246139,1.58529643464872
pAF,1672,distributed_node_runs,156,1.08410598281625,1.02330209093286,1.75046784477441,0.61681076782145,0.705805381206022,1.18494666843753,1.90545466956276,1.52367588993632,0.572720736967964,1.78149884625275,1.47438269596892,1.35038553836212,0.557896301689737
pAF,1674,distributed_node_runs,157,1.40443865664183,0.871202959927734,0.794692635099322,1.03605849912536,1.09788174237032,1.98549360496086,0.757172570963231,1.38155623343132,1.61459414734599,0.898885774285928,1.00308096275147,1.9301414321052,0.900393616484106
pAF,1696,distributed_node_runs,158,1.41802311924585,1.09469363345611,0.513077612867178,1.43215706994342,1.53447699156304,1.9932066067547,1.4922804585956,1.57243676831493,1.21328105396019,1.82441757721147,1.28789986940542,1.95189635407332,0.862950970476815
pAF,1708,distributed_node_runs,159,0.838998449913066,1.3719652813169,0.685380068966523,1.68116209818137,0.65294007314385,0.987379456567601,1.10277193736249,1.88368627998652,0.58524436852935,1.11761420233922,0.776071277313638,1.42104584972599,1.2094672336048
pAF,1709,distributed_node_runs,160,1.32734951659897,1.30707136172244,1.69184194652161,0.714821748212137,0.536191856069258,1.81969538469121,1.45144452582811,1.83884291902357,1.03121341585873,1.57044630608418,1.85909291223276,1.74144329035853,1.74359937376741
pAF,1710,distributed_node_runs,161,1.12753767316455,0.725422057065494,1.36502028488026,1.20172551135492,1.60754059049658,1.64063219589993,1.85930520304876,1.13649330045427,1.51085788500389,1.0037849258215,1.20801679881841,1.65333822539723,0.950588561588041
pAF,1713,distributed_node_runs,162,1.00918079509747,1.53010598911531,1.87783329842711,1.57803530214907,1.08633933123609,1.49023746564462,1.79338227680587,1.08800092197877,0.63532292422431,1.43641733684388,1.03161942571391,1.5516055217299,1.55843394199769
pAF,1715,distributed_node_runs,163,0.736115147704538,1.50583005206496,0.582211076050634,0.664186279085222,1.64802519186547,1.38389567452979,0.687727026494522,1.78782489008851,0.928991282127265,1.02884028622851,1.73342510262052,0.556322725109701,1.66156741827048
pAF,1721,distributed_node_runs,164,1.05791909193037,1.61264436417768,1.31470889694514,0.740111977396441,1.91667286160004,1.5988464130563,0.619557008577191,1.77086526440491,0.640124810377509,1.21860604170307,1.543421692734,1.09500170291145,1.94093866195003
pAF,1722,distributed_node_runs,165,1.82699557524558,1.00913335981737,1.37375482355237,0.570676139594132,1.90483133405908,1.71494099216341,1.69131049971837,1.37994599749298,1.80598487252727,1.25059694581744,1.66392456380002,1.63235720852974,1.09803230518399
pAF,1733,distributed_node_runs,166,1.43930966943712,1.35015066897024,1.03276396501163,0.554263500290663,1.58569169558384,1.66236469450072,1.15970122559808,1.79756806802555,1.8761843296652,1.29504771240003,0.723675562828988,1.15236296831687,0.790441264087451
pAF,1747,distributed_node_runs,167,1.16329042942259,1.80305300900913,0.859351951376985,0.611436299361935,1.10683714670139,1.76458255116028,1.19950729837242,1.53036907985604,1.90953718248468,1.00003097180445,1.08425419250566,0.517875992580405,1.05838731783784
pAF,1760,distributed_node_runs,168,0.910925991951387,1.2869106581328,0.542522231451963,0.969372585753949,0.592988840927051,1.10407700438911,1.46746182327712,1.7780418402655,1.28747295814933,0.868335022104714,1.0416619101019,0.964417854230996,1.55364689365943
pAF,1766,distributed_node_runs,169,1.12127424834482,1.46016570281379,1.44975532583696,0.698181954578269,1.82739881969262,1.08875285318428,1.81188225206347,1.26993287157806,0.920544566429659,1.15894513542133,1.21065283553872,0.829028431355632,0.850115692938358
pAF,1774,distributed_node_runs,170,1.01104666634917,1.38297141571215,1.40759262037006,0.520386710570204,1.76224844838125,0.757426825152028,1.98201681000844,1.61260744339739,0.879510356879975,1.17506114865106,1.14522398639046,1.32485527497127,1.23646245561863
pAF,1783,distributed_node_runs,171,1.15833996491983,0.571379436144465,1.3074816291556,1.46317987055438,1.8200294798702,1.75003914845737,1.41408586631269,1.75776852259113,1.48719897230398,0.817533485794457,0.721653396193282,1.17642084071918,0.939038466588875
pAF,1789,distributed_node_runs,172,1.34159035839213,1.56819154765282,0.546680617468846,1.15446120278269,1.55443514551828,1.68507176795595,1.20069736864298,1.92045956832159,0.935828972549053,1.35318902038325,1.85018794364575,1.91101697654586,1.8262682190998
pAF,1795,distributed_node_runs,173,1.16644325690196,1.84528680782728,1.9397540619116,1.34458174423853,1.48178193529876,0.749875087413139,1.3149189295991,1.69692734232137,1.13125735565226,1.60206170244435,1.00521327729194,0.774821706863927,1.98397821665831
pAF,1800,distributed_node_runs,174,0.921062988062086,1.62616598018774,1.73126801250796,1.75259933090291,1.72346561850834,0.616189151107061,1.59293976243431,0.895267200883221,0.513187036330576,1.02503635479382,1.32052714047251,0.794879208326276,0.856599842939551
pAF,1810,distributed_node_runs,175,1.16011586648924,1.33239891463967,1.34498792891719,0.986564675008517,0.745029666954297,1.86290230176501,0.56334267108864,1.67130679209524,1.74442628652374,1.11136289804263,1.9895517775575,1.34818545918954,1.91516617420786
pAF,1811,distributed_node_runs,176,1.24064218542987,1.21248924808641,1.97419058883911,1.78021969701845,1.93094243424341,0.915515113474905,1.88984564263724,1.2054845494636,1.53407098799149,1.26450992859433,0.911004522649871,1.98879062483055,1.83048853561416
pAF,1824,distributed_node_runs,177,1.08973126008459,1.92603048399996,0.930945266406332,0.588088219254888,1.6794498661439,0.988356856549333,0.902089048058745,1.4940572404444,0.808069855206501,1.70295012417261,0.664599207130047,1.0311414419809,0.773187321177482
pAF,1831,distributed_node_runs,178,1.22057596161493,0.71109293529025,1.71583165788839,1.71854240241344,1.88086230901857,1.61459638945699,0.711663919615212,1.30350295275658,0.736796906756773,0.835090377226044,1.78535468853503,1.90601794818176,0.805309358097845
pAF,1840,distributed_node_runs,179,0.888345415815846,1.75594277368027,1.46625977756687,1.86620305279016,0.694862752094083,1.44158382835064,1.04085484621447,0.78659086281941,0.680180781755418,1.44591693766163,1.98199559782289,1.10920885641415,1.56009547663247
pAF,1862,distributed_node_runs,180,0.628352437316258,0.908017851819594,0.537920388824242,1.5897000253939,0.824877347375031,1.78931285522123,1.54702919574175,1.53684952509539,1.01154321682078,0.68117017100176,1.16611475584125,0.574608432618412,0.743796625827019
pAF,1870,distributed_node_runs,181,0.615343722078177,1.22761728453876,0.681477577677977,1.15648467221185,1.31652912038489,0.831709648059704,0.951975025474313,1.15394976544525,1.35246540609939,0.972321482059354,1.10201821567158,1.04774234732894,1.86824862645024
pAF,1872,distributed_node_runs,182,1.43396488354613,1.15560926806842,1.77168262499568,0.960899380120249,1.95399190315303,1.95358676561436,1.47022843765533,1.55935127423258,1.20875234744394,1.56237965904364,1.36390678973431,1.84168017497058,0.880101296770271
pAF,1873,distributed_node_runs,183,0.916191260383556,0.722520408866462,0.990808036043006,1.14354945839749,0.950945683391211,1.32417250123466,1.71553883653488,0.620439897294303,1.5743020016645,1.08054058756315,1.70331808808696,1.18438508531948,0.830456056372195
pAF,1881,distributed_node_runs,184,0.909663156861603,1.36183866808303,1.70549274522943,1.37038664841438,1.3099123689961,1.13136314433813,1.47737253018107,0.691364739351738,0.707201956446455,1.08710862550189,1.84807070857129,0.884545482172708,0.619291912467125
pAF,1886,distributed_node_runs,185,1.00058070177289,1.06831921291997,1.33904528085145,1.84319475212248,0.734103210136412,1.77146654053871,0.588218848135427,1.59581427640101,1.7992028072949,1.12121282257742,1.45728657227526,0.683119315460366,1.08891911443201
pAF,1892,distributed_node_runs,186,0.763002254014373,1.48158925756399,1.31633762221358,1.66435527358821,1.31017346584535,0.576946302694496,1.13270248439114,1.52267874561671,0.70220059391286,1.83450592021244,1.7084004391726,1.47561549514353,1.54803993926667
pAF,1919,distributed_node_runs,187,1.10424888973582,1.31685570906409,0.590049856390163,0.971181982623628,1.57440806451336,0.604771250783018,1.63273434304896,1.83990601430598,1.58603151697346,1.93390803734709,1.21344347639968,0.965854065227314,1.08136398524984
pAF,1937,distributed_node_runs,189,1.12483463043426,1.3897142230779,0.618099797464262,0.643283252157888,1.97033609199023,0.818696909041801,1.97980977546711,1.28041893332917,1.86391550886724,1.60618215291458,0.939952608835909,0.830487262296121,1.49788238007276
pAF,1957,distributed_node_runs,190,1.3818719987013,1.42939413806002,1.92155038493909,1.24428349140458,1.88997745956046,0.713041742501829,1.8837549506181,1.07229629513109,1.17060866999416,1.19807996463694,1.48114290643122,1.75350371550725,1.37939583408366
pAF,1960,distributed_node_runs,191,1.15394543467903,1.54118747503488,0.728752062645495,0.532294798961266,1.94384856440323,1.06323578591452,0.651812421996594,0.965764199889557,0.896722856436733,0.936922691892194,1.38533820113221,1.63875545496751,0.694300260495083
pAF,1982,distributed_node_runs,193,0.913953632594219,1.43899520495047,1.61467227950348,1.98591511924356,1.87856403899856,0.545838297970199,0.895694407631865,1.55232627101577,1.45807150098615,1.57708893844706,0.727944898688829,1.40563778506404,1.56704060428968
pAF,1986,distributed_node_runs,194,1.09748076504987,1.41184597355145,1.9357815828222,0.763127886932035,0.90558537415375,1.38627675715876,1.02146590244702,1.90653922203145,0.77473498761563,1.61444629492701,1.92299911702177,1.44916603741587,1.15252286995419
pAF,1988,distributed_node_runs,195,0.593443865322023,0.854396333524589,1.53414180034241,0.77689558045156,1.41318786211017,1.15239216288587,1.39036153009081,0.997573613544886,1.25812847865932,0.591470399631461,1.43507193825451,1.06612713815276,1.54288661590184
pAF,1992,distributed_node_runs,196,1.21315107212492,1.09411808722691,1.28799856607991,1.08776868417153,1.31218675419123,1.53745337892964,0.668588832993842,1.68411137882413,1.30615055087165,1.81251557058723,1.37834170777162,1.9696202457627,0.951849534290452
pAF,2036,distributed_node_runs,197,0.570358631248793,1.94598533738771,0.634923875843937,0.622192668129059,1.61292874381539,0.867257634474472,0.720544522728347,1.05869568283354,0.5631622545192,0.574053866322432,0.649430542361428,0.624891793713854,1.43174953058592
pAF,2054,distributed_node_runs,198,1.06569206879311,1.77431406357438,0.704852776476162,1.46837581912896,0.993418998808442,1.61017130275177,1.98740792636618,1.7399380061671,0.695528590037812,1.73643604481224,0.711219685324451,1.11826353931611,1.50805924566295
pAF,2062,distributed_node_runs,199,1.14541243157769,1.05825200769058,1.76460708002504,1.51798125635886,1.75060643727356,0.725939490993587,0.916319764893049,1.31288479840982,1.99261125940445,1.49032824929386,1.16025048525018,1.08666026232845,1.39652863095694
pAF,2070,distributed_node_runs,200,0.96347585591625,1.13007417220697,1.27241662023061,1.80573082117883,1.46282604690643,1.32728745772952,0.900199761756468,0.517582813860966,0.878505985711479,0.604735599906029,1.87941069049676,1.87193124613998,1.16492484374777
pAF,2079,distributed_node_runs,201,1.13578159670247,0.980182498647438,1.33776648545637,0.528739314461374,1.66901240876189,1.68293143542401,1.73750213609404,0.612791405380134,0.764343152272927,1.02850352677875,1.16932116920554,1.60546268164395,0.506307814946518
pAF,2080,distributed_node_runs,202,1.26815052650063,1.43706794255803,1.92646270912957,0.836266178116774,1.20739858169519,1.53655061250513,1.1000957151934,1.91827096469284,1.16909011842512,1.20402127361587,1.3712945885858,1.65674162261862,1.82847210996152
pAF,2110,distributed_node_runs,203,1.32583656546093,1.85778004332732,1.0849561955216,1.14901185739577,1.08963729110927,1.82948672821797,1.96014112306489,1.21526923403151,0.560179173025386,1.1830540698933,1.93919057752443,1.21697749651589,1.52076350863215
pAF,2116,distributed_node_runs,204,0.781440026935685,1.39269889724226,1.64036192182252,0.659449213977659,1.12038117983917,0.928349482247345,0.69885597873323,1.36470637991482,1.62143799505064,1.08848080685805,1.55063551625033,0.594410157771301,1.53280201319036
pAF,2125,distributed_node_runs,205,0.518802757467202,1.12497139953291,0.529661294680378,1.36706252113618,1.3380194671808,0.743350650498391,1.86278756093422,0.862914045283378,0.801544659883392,0.64352388804274,0.849301496364458,1.28449823554733,1.60109026702538
pAF,2128,distributed_node_runs,206,1.42073201753108,1.66124398638874,1.63285734425127,1.32219455323136,1.74680523118815,1.99726533267365,0.793130290221197,1.40103384452037,0.871139599269031,1.25772111801188,1.61431338491822,0.751763710375123,0.902282837560456
pAF,2155,distributed_node_runs,207,0.817933717471385,0.823806493181272,1.39190267234368,1.96352605553524,1.52819763905867,1.58717365895509,1.58755785493352,0.707341575980033,0.847185313025624,0.65790203897187,0.896151216744493,1.15737152656949,0.987107302130964
pAF,2163,distributed_node_runs,208,0.974040006555042,0.886815695813082,1.64862945521466,0.82708243538658,1.11499207133838,1.03692574762284,1.2209577573118,1.46273992490202,1.44988665834674,1.00492101126449,1.3413619079473,1.26255821969492,1.21403443532135
pAF,2178,distributed_node_runs,210,1.21514563286319,1.87771429113978,1.15811553049758,0.535094110510275,1.05813294074022,1.9183073175539,1.86100889348976,1.65764937770954,0.517574953675605,0.808612629543558,0.539201094157181,0.989053308412246,1.51074506700687
pAF,2184,distributed_node_runs,211,0.863627874156184,0.713349967079398,0.978680494225,1.63790388377865,1.49468188656749,0.884814090363475,1.42105968443406,1.50002066889643,1.07113141326043,1.08957525666721,1.78641115171971,1.58352675313342,0.589048431733717
pAF,2198,distributed_node_runs,212,0.980020744333747,1.64852866650949,1.65167452610055,1.13427809159961,1.03606826221937,1.06784762407371,1.38384780250976,1.2755090713546,1.10109155424288,1.40404848538929,1.13595375494924,1.64125756437541,1.93297422773052
pAF,2200,distributed_node_runs,213,0.95893881701501,0.749793023573561,0.634755685501572,0.623159615804036,0.863426705207999,1.00256717713792,1.33849274925029,0.888678948204966,0.974961760744321,0.888674698887089,1.81773451291265,1.70619089827058,0.860777930034003
pAF,2274,distributed_node_runs,214,1.01087300616918,1.09581741638717,1.91796390068142,0.650750555842521,0.815055143218763,0.612958945541193,1.51675913144187,1.9969098907283,0.981301858942887,1.28582191540053,1.76717047033137,1.78616671711297,1.84844745275972
pAF,2275,distributed_node_runs,215,1.21623110869256,1.22948102198786,1.01316312802602,1.96812553055145,0.9626188701773,1.91326062493289,1.69860772061504,1.74065568397252,1.46508290086578,1.40485029302437,1.20094610366608,0.853965882126881,1.77801563505497
pAF,2280,distributed_node_runs,216,0.715024673082107,1.55658645533657,1.06941445728531,0.576090523442083,0.688755504488094,1.11854362220113,0.93832382571528,0.503897958021613,1.03846889128967,0.844346974043808,0.975951987451406,1.65037172635652,1.74017519643122
pAF,2288,distributed_node_runs,217,0.930228727187822,1.69488838296241,0.705304847182388,1.65188853885803,1.37061083395318,0.865707664422997,1.78718606067052,1.84451306869826,1.00674329573819,1.38638864169938,1.85683485793047,0.694929869250399,1.71087490256722
pAF,2305,distributed_node_runs,218,1.10132704342299,1.2545939248048,0.817389641376596,1.60588358699645,1.18637130851844,1.65620973520047,1.1552902644356,0.868109337534817,1.68336456348056,0.920751376528134,0.518935876069463,1.40774871348623,1.94782275257759
pAF,2306,distributed_node_runs,219,1.28640530002627,1.33787604439894,0.526940102854247,1.82985411249451,1.29716597344124,1.42844849585517,1.8373856045703,1.50779354201486,0.794050272642996,1.16192857175096,1.74595487337727,1.1637353482242,0.7672426595426
pAF,2313,distributed_node_runs,220,1.27379769040782,1.56520172591131,1.08370388704964,1.08351240368627,1.54354759461428,1.32212558963288,1.93316152356746,1.20715359235446,1.1585364636803,1.38160856157533,1.21091224250281,1.33811203653747,1.00730509834718
pAF,2321,distributed_node_runs,221,0.936932522393535,0.511617239080117,1.99052627633652,0.956518691486403,1.98964661494413,1.48373233061397,0.706687584945451,1.6249163373174,1.67563245972067,0.715152711883402,1.25993304171963,0.812973939321628,0.852094976799856
pAF,2327,distributed_node_runs,222,1.24760685698563,1.24356377315318,1.28012919953524,1.61241651207564,0.844104691101665,1.59891907386242,1.67112649899179,1.66112554107947,1.74184074279047,1.31492224841953,1.99777429807659,1.2650132933426,1.79357240010073
pAF,2329,distributed_node_runs,223,1.17920804575333,1.47606868210215,1.5839467360657,0.594982010034491,1.10585858261955,1.94757109874281,0.64920607713034,1.61766364819686,0.506294049947741,0.821406804081285,1.47825424691316,0.514013859656938,0.90498216052365
pAF,2360,distributed_node_runs,224,1.10282260502625,1.40404740419781,0.697194406450439,0.983930350757079,0.958188647146325,1.221367726541,0.889000719653334,1.70439412952738,1.3216155382512,0.759171917677808,1.51805926036719,1.55948101588651,1.47987810182427
pAF,2385,distributed_node_runs,225,1.20890403284721,1.66141575326618,1.21013824553099,0.950693944437359,1.80797857601103,1.42299140069698,0.765398345996124,1.77599390535247,0.987506251698735,1.89809930620198,1.5836044304032,0.729020073302313,1.08284034754139
pAF,2396,distributed_node_runs,226,0.795435609878041,1.00417484893985,0.529232413352815,1.98274338637997,1.18936340984425,1.70644482241461,1.25940045547289,0.56575124883944,0.633898251519527,0.963051322316042,1.38715244742858,1.91265789023527,1.25418921091274
pAF,2400,distributed_node_runs,227,1.18722368890204,1.47796932057154,0.795222325085405,0.768421379651241,1.16398722893427,1.36480944634514,1.66130970525166,1.05257093522797,0.703987113366531,1.1981801811685,1.30523191032199,1.48623610298718,1.26710997401566
pAF,2421,distributed_node_runs,228,0.594448267105197,0.858324497397699,1.47315848729437,0.553524988287861,1.94935820249258,0.828210955330605,1.07575884627424,1.56556885477196,0.725166434374141,0.575477731692762,1.34071491694308,1.02672224533556,0.589422877951285
pAF,2433,distributed_node_runs,229,1.09262537572411,1.33564588192534,1.47487551410032,1.8167017845801,1.75024689427296,1.21403009817545,0.680003730640883,1.00149185602207,0.557277957630446,1.18609674645713,0.965067297564232,1.44522989666206,0.984894829403793
pAF,2450,distributed_node_runs,230,1.06146231175831,1.22572757640202,1.82716108265132,1.73869490373998,0.668973468186873,1.4503653538072,1.30637683900756,0.862238675905981,1.32949168150742,1.3296895430489,1.99251814976535,1.35655874008332,1.91704979247694
pAF,2481,distributed_node_runs,231,1.07643193045198,1.30515971684927,1.32166730341332,1.22458699331342,1.50287618711519,0.781193076494445,0.852826602472202,1.39827221133495,1.60162037436446,1.63043101850548,1.71195936997942,1.31328728774327,1.03696158715656
pAF,2487,distributed_node_runs,232,1.05894835295947,0.993102846895958,1.85231125593562,1.9363321235014,0.620200781404511,1.67680778904154,1.79451969594925,0.983317010183131,1.89847339151345,1.06178941722242,1.1867826211305,1.34204395722956,1.29716942246871
pAF,2497,distributed_node_runs,233,0.746593224240645,0.981623827843285,1.29642971314008,1.27399975824335,0.665861755089512,1.7059074009129,1.52615140753164,1.79379361790445,0.658151718412947,1.16908987974583,1.79269477669822,0.570935806809906,0.964429891417147
pAF,2512,distributed_node_runs,234,1.29257243566348,1.16293888038961,0.691544270221773,1.37112707092927,1.81897424890376,1.89099369323857,1.26074645369932,0.625404403963773,1.16972649306892,0.625416499755358,1.12921340796118,1.91428944462998,1.25088293600646
pAF,2515,distributed_node_runs,235,0.765577995762848,0.92536547698328,1.76108658496244,1.53002464433198,1.88841067862895,0.712261898386675,0.623993072819207,1.78486967214552,1.15347956384662,1.35119432019493,1.67503446763686,1.41697621162354,1.43928627333631
pAF,2536,distributed_node_runs,236,0.879106096485426,0.749283774049812,1.04260059996461,0.733915756768828,1.55963583781506,1.84690156558295,1.45153308281079,1.1297812835894,1.44581916458882,0.789230822525289,1.28172587989162,0.601170583038933,0.899349318115563
pAF,2552,distributed_node_runs,237,1.17202653495123,1.22643033696279,1.81486621965776,1.53770210949951,1.66233610320113,1.9374050583957,1.92245091599401,1.89016973282292,0.641801803065188,0.703090216562813,1.91015301214791,0.767953254158563,1.47291994149781
pAF,2582,distributed_node_runs,238,1.12946815602554,1.71079486668334,1.58302675892171,1.8521912016309,1.4540938894302,1.1581787231588,1.58627771686523,1.11298184893309,1.03493398032002,1.02571775068233,1.11719699378251,0.917197544232745,1.72315564893765
pAF,2599,distributed_node_runs,239,0.986499581513621,1.2285463695208,1.925197102035,1.59283995465224,1.38846848009983,1.97633704405609,1.460597945672,1.96169584801048,0.506586947992371,0.928072754891471,0.872165047263373,1.4127124058585,1.76032462084035
pAF,2603,distributed_node_runs,240,1.31156445671934,1.60565165395919,1.64080304128852,1.86035124422229,0.734445732443873,1.84003372700207,1.1193095025255,1.51578137365717,1.08118694551287,1.47570438608467,1.53944137013943,1.11541262121883,1.8709846329314
pAF,2605,distributed_node_runs,241,0.980944984106272,1.97220745991967,1.20106037639983,0.79414734834874,1.25917888158083,0.628120993794628,1.72330293403745,0.861687339072945,1.25531148682435,1.43374477386024,0.980734399167392,1.85269553437593,1.96388672054149
pAF,2634,distributed_node_runs,242,0.706770945641702,0.770234974398393,1.96196073515697,0.991380838073413,1.75256138823543,0.873069016281419,1.476009393772,1.36020441156932,0.709928671972707,1.05247022711245,1.17287670655154,0.88186036041865,0.650916679473343
pAF,2642,distributed_node_runs,243,1.09541773793522,1.80096433934107,1.07608660718616,1.64017966364282,1.76384276076127,1.17640866284518,0.654618611311147,1.7873094508889,0.898128579149644,1.17722110778813,0.80675437366798,0.507378483787119,1.20343144657636
pAF,2643,distributed_node_runs,244,0.988728810284235,0.899362105123857,1.66665850079438,0.767701233951848,1.9342327424525,0.950521109422082,1.29215926842902,1.94769067942457,1.54417640676295,1.87058492905156,0.791045731253304,1.19540800780964,1.15282066852317
pAF,2672,distributed_node_runs,245,1.09080802994129,1.87403642769665,0.865485924205846,0.726426283424015,1.03828125128397,1.71801198099334,0.698051315228936,1.95795196877004,0.80020452833336,1.47663294204164,1.35491248603918,0.764814108716,1.78590077407835
pAF,2697,distributed_node_runs,246,1.16921377957311,0.882417066755884,1.56142514295194,1.29115181229752,0.873431206275097,1.86220161537456,1.5242478277596,1.06893355842839,1.10742142187528,1.42698676433508,1.59332868460164,1.65649014802931,0.562316858338114
pAF,2699,distributed_node_runs,247,0.985001812159251,1.2665858902589,0.593817779479589,1.73908642085822,1.29794720143801,0.831434087150903,1.85763854223137,1.65744264349443,1.19115150057827,1.97714657443643,1.48941306480551,1.6507955332021,1.0847089007249
pAF,2726,distributed_node_runs,248,1.09609906715579,1.79940263486006,0.841422301873942,1.63473567124611,1.36921134268529,1.19116240937107,1.33082268850998,1.77606181255404,1.95911522752799,1.42430695664369,1.6926490447136,0.518173543918621,1.9489048063607
pAF,2727,distributed_node_runs,249,1.18138958429042,1.06519721668761,1.99167772304549,0.985165533525765,1.67778962262968,1.58328070813188,1.78861558304927,1.66246520066302,1.29960319853285,1.21347406185083,1.69537456327527,1.26726725663959,1.0547184178824
pAF,2742,distributed_node_runs,250,1.10590789664819,1.50104668544167,1.04423628091252,1.74849373774389,1.4302688601012,1.42522527992203,0.958995653445927,1.73771226530729,1.29363361626382,1.40713036547537,1.16433081070889,1.35328262320806,1.10155830239364
pAF,2758,distributed_node_runs,252,0.795295413711453,0.958117444753651,0.705082519835769,1.67703087099155,0.69611772132844,0.743457581168407,1.57153118038297,1.07485366121676,1.27999414104425,0.621635231236071,1.99756000427869,0.802907446995815,0.656183700135485
pAF,2763,distributed_node_runs,253,1.17073506278448,0.973788570519421,0.900505363548053,1.79527357517412,1.76525175034542,0.997780973817683,1.24785623891519,0.928871967088629,1.62882288808762,1.00633932556502,1.27291181637611,1.43297215767963,1.85704641416555
pAF,2765,distributed_node_runs,254,0.946389297266445,1.71080101024826,0.981960087562581,1.09668274302986,1.62820133764304,1.20617366982748,1.35985896585205,1.6258122143675,0.678223233325676,0.982142083466209,0.921036659604546,1.33416417160521,1.38334836413696
pAF,2766,distributed_node_runs,255,1.27246468387457,1.35150035764262,1.27054841076329,1.0560484750928,1.91891709640176,1.88959527699502,1.10438646165542,1.19201135844047,1.9604372107806,1.47268305966505,0.601151091827911,0.718227409185283,1.63569222125068
pAF,2775,distributed_node_runs,256,1.31646197482009,1.80679210150042,0.884045873431932,1.41348741289454,1.25321868357212,1.8261096572568,0.607799285528189,0.948500854419493,0.75196334168493,1.95955612082833,1.87785221953461,1.07710447614895,0.86255321607042
pAF,2792,distributed_node_runs,257,0.860937129873379,1.05263737683731,1.85956848898206,1.68647599711357,1.99816240357038,1.87313321301383,0.542561259593426,1.90885892502301,0.660896863763416,1.23041005677581,1.32099465158781,1.96742267147297,1.4741382220062
pAF,2803,distributed_node_runs,258,1.27220303168722,1.96146120521743,1.07649902185836,1.35124575397618,0.771130857727707,1.88524852487889,1.94420414571797,0.973147922180184,0.748716912778026,1.45004217336502,1.03009958527048,1.47060388229254,1.52919233070118
pAF,2805,distributed_node_runs,259,0.980166399592987,1.28857757854301,1.79871207661333,1.20486633964043,0.91418462132733,1.35906116328827,1.1780929658359,1.66328710731178,0.995441312474795,1.46268728897867,1.8992672788092,1.03826798979847,1.99999421867211
pAF,2824,distributed_node_runs,260,0.841715734960263,1.09302956314496,0.644648986378947,1.58719606410467,0.920260386048402,1.27336866171956,1.34633946039797,0.709943958071208,1.91131701843387,1.08609450616311,0.896966624279739,1.06859803432581,1.93021584753902
pAF,2825,distributed_node_runs,261,1.06922151581817,1.32266387870695,1.79788229981366,0.959000117232718,1.72623578806421,1.28441134827471,1.66764006949489,0.682824661803469,0.51114031950661,0.90156891643763,1.43581543121297,0.751480406155052,0.845640664337807
pAF,2866,distributed_node_runs,262,1.61496380798659,0.99939563466008,1.88189103679155,0.621987484266183,0.868431838185698,1.93655357215408,1.46812273992471,1.41086475908704,1.91950489625465,1.70202515013433,1.22957392802823,1.64855956349452,0.542333148914265
pAF,2872,distributed_node_runs,263,0.979496163992201,0.698175375404593,1.2639658888298,0.779881621288896,1.46639854959437,1.74760902657291,1.39985586299589,0.63052078803274,1.56446774430272,0.5876662325933,0.563566407578341,1.76086592387789,0.923101503438731
pAF,2910,distributed_node_runs,264,1.2923599096394,1.62933533899073,1.41416314121806,1.73097074985258,1.66163827014456,1.38461804301449,0.707256809030936,1.61742169848043,0.689902290100089,1.34288962116161,1.74557421552589,0.867605459677735,0.757727128611305
pAF,2911,distributed_node_runs,265,0.830900962785498,1.06780704657482,0.612061365199908,1.08057461266826,0.663773876025898,1.19913548855667,1.68838836699121,1.48371587423675,1.82508300690482,1.51806919996872,1.26746178068496,0.806117072763646,1.57795003662725
pAF,2923,distributed_node_runs,266,1.1822846109859,1.70991771859634,1.32545232321724,0.781094082952244,0.76777469576005,1.77286483826162,0.6195167336886,1.09557419586325,0.865188028576897,1.75471160268714,0.902586601752572,1.94944056899116,1.86486199357713
pAF,2933,distributed_node_runs,267,1.48568463934488,1.13553643360909,1.8649726826347,0.52552167653994,0.917982094097044,1.88318744991494,0.7489116341638,1.98499854802034,1.60903449671543,1.34811834818402,1.71254826934031,1.39463399770238,1.20154187377679
pAF,2939,distributed_node_runs,268,1.03236985921204,1.9144233189085,0.734812216565569,0.871232826911084,1.42581057646413,1.30635937983213,0.57702962781805,0.818910815849957,0.823166883098484,1.4478175023353,1.7807262057701,1.03686942954553,1.5001123705451
pAF,2947,distributed_node_runs,269,0.727689651037342,1.75340865005693,0.932770535849476,0.944901739678287,0.561082783149235,1.1277377316642,0.775614470105101,1.75801316538524,0.729678259354934,0.867937807041065,0.757019304764727,1.16754521483523,1.45442627927165
pAF,2979,distributed_node_runs,270,0.966502318014282,1.55671859709214,1.05187170839652,1.59419449213059,1.8930560529595,0.899684116076788,0.84764967405784,0.89248098788873,1.17805980590613,1.73203929156889,0.641898247610815,1.12739941016253,1.34178666950592
pAF,2992,distributed_node_runs,271,0.765698202765602,1.20769515118478,0.572729798875509,1.19393411434946,1.31725783957535,1.06197815144913,0.773817079608029,1.43486831190712,0.972152582909572,1.4546417803336,1.93605774072346,1.15772351836264,1.44085981145983
pAF,3007,distributed_node_runs,272,1.37229731108523,1.88276307191774,0.680095976807212,1.19422086970035,0.717151795521965,1.822760495942,0.70471428877607,1.85144886907473,1.10639597508029,1.59514104246328,0.76391639826445,1.93859439039255,1.65908355456733
pAF,3015,distributed_node_runs,273,1.06735832585816,1.46433514504113,0.943471383755411,1.06547456722179,1.9796841241984,0.54187151833329,1.09424520139318,1.73013858963321,1.97892220856509,1.29942114532836,1.23028853768445,1.1292745275392,1.99855164111358
pAF,3016,distributed_node_runs,274,1.33724127141011,1.09736740530244,1.37570782392594,1.94726054861114,1.93267981608694,1.42606262881235,0.583792977339962,1.47098787865032,1.70406028141471,1.43279982300798,1.94765365772907,1.01501371221571,1.93372241672878
pAF,3018,distributed_node_runs,275,1.22205491937913,1.7050005196913,0.55555699571706,0.705869377091566,1.66159247402458,1.69101696477726,1.51750299070256,1.4969973793436,0.922946557727463,1.49355568176401,1.57410015204695,1.09906950875602,1.12600524227461
pAF,3038,distributed_node_runs,276,0.7270811697747,1.15702633374005,0.799802697904938,0.83446085316361,0.516891032990838,0.638017119719046,1.30365926576952,1.55396370449841,1.13916839181387,0.702200811331497,1.99890242314051,0.738069704696789,0.717591912530119
pAF,3055,distributed_node_runs,277,0.703103901421301,1.17070266537869,1.51656839520488,1.58543691451244,1.49964187485447,1.16401051856281,1.69569090054552,0.825058587295376,0.618902938526878,0.956066713608171,1.89402864085401,0.506636901204121,1.50702963784433
pAF,3064,distributed_node_runs,278,1.01808550632815,1.04203265822912,0.837892514060443,0.618126197428452,1.19506910807611,1.16812782083799,1.15559686275219,1.61119656406387,1.49826272551731,0.96935525475402,1.9933692682713,1.35798637162409,1.42910859146098
pAF,3082,distributed_node_runs,279,1.05115742017796,1.93566687240127,1.50944455023441,1.31944574916795,0.711719444646466,1.62005103819152,0.662703468652863,1.26362682622174,1.90574026525969,1.36706960639899,0.530858910398923,0.963429963263597,1.79291041918554
pAF,3090,distributed_node_runs,280,1.22722936846628,1.81146193568253,0.769006931462533,0.851881730279151,0.893972719860852,1.69212755834442,1.17770011737836,1.64301546561109,0.832364766572978,0.978400881622491,0.615477285743494,1.3995212322999,1.15470069384916
pAF,3094,distributed_node_runs,281,1.04088417778743,1.36028108725099,1.170805470605,1.2317009977481,1.36552427426472,0.576320394617637,1.10057520934735,1.87222652480286,1.50607486094816,1.63292482683742,0.583538305314282,1.18606623523964,1.01713026262844
pAF,3104,distributed_node_runs,282,0.92669838167743,1.2021182296118,1.27523190776092,1.73119115956094,1.07910572072573,1.84496838262089,1.50421571354941,1.60358837815702,0.529173089357228,0.960660020468535,0.583632752545739,1.74067377683863,0.882177907313386
pAF,3108,distributed_node_runs,283,0.920560658383169,1.62773794342326,0.752692533315324,0.964202972922996,1.71101093828635,1.12025426907924,1.96380759230372,1.33522517223549,1.58542917368901,1.15465025438402,0.940821457122086,0.907130702721361,1.98440782566277
pAF,3130,distributed_node_runs,284,1.52752272812417,0.765339109790981,1.66451479182936,1.0392687033094,1.550782725109,1.9108974269301,1.24871473597198,1.05770381850941,1.01800063886342,1.17083768774608,1.9954851116341,1.6489011956573,0.637981946063858
pAF,3135,distributed_node_runs,285,1.29774856781724,1.02141424226402,0.711407246173138,1.02688959369208,1.21703430670327,1.38529517985074,1.00869763464735,1.99250738973226,1.65041132415529,0.869802866218086,1.77693292660976,1.4359778854029,0.657838786646938
pAF,3136,distributed_node_runs,286,0.750276284294633,1.02787640792197,1.33239414595191,0.984911546615413,0.993167160077834,1.06004338330754,1.51121262918207,0.788180180776631,1.41693045587546,0.625349909876425,0.839371773546508,0.679344415171055,1.30430939501714
pAF,3151,distributed_node_runs,287,1.14736281048065,1.32595071296977,0.549651553756826,1.77669911370994,1.89222175504028,1.16827628518508,1.59060899871103,1.89243589639184,1.88261647215066,1.0014309879609,1.91683700073685,0.779520801085051,1.89901912794161
pAF,3153,distributed_node_runs,288,1.1627135672113,1.01958111598458,1.39701827971622,1.32577121294814,1.9674289540668,1.18635118160491,1.21115072498666,1.9260896199698,1.10646164765879,1.32926288990972,1.07489726512816,1.2107124075169,0.985141992025912
pAF,3155,distributed_node_runs,289,0.983845684278758,0.807471194701937,1.96436755529686,1.07186238950648,1.34997847216177,1.80334872763684,0.788656887971418,0.897370513187634,1.24298758293889,0.515092043155284,1.14310863402184,1.31840798629415,0.93686821952236
pAF,3170,distributed_node_runs,290,0.618917669526458,0.873378454432846,0.552542285534501,1.6710601505501,1.69050249828246,1.28947562473922,1.19525273205683,1.15886642050895,1.12841658551577,0.735215531916924,0.601393123832753,1.25847952610824,0.990329258923123
pAF,3175,distributed_node_runs,291,1.44040539246607,1.98088482060419,1.34374518437335,1.36732590356035,1.93213355418957,1.19209376383946,1.61202313129155,1.29488964390446,0.515274492612369,1.75231654632277,1.21584545648209,0.64163768433814,1.04674637118312
pAF,3183,distributed_node_runs,292,0.516654737946667,0.998596165090855,1.54811688239778,1.79520919692213,0.570778197270728,0.579445347097115,0.838190776662299,1.20314841582423,1.33612265401723,0.946834387009558,0.9734276109281,0.767360882279913,1.31425641438223
pAF,3189,distributed_node_runs,293,0.760698333898618,1.34251585517924,1.15640816858431,1.15115979080627,0.576317011287267,0.842870961732953,1.08773093027994,1.20282760893071,1.17114848875796,1.13052810213822,1.6783065464677,1.84321344852481,1.47458646664254
pAF,3192,distributed_node_runs,294,1.05404539693161,1.0638307278232,1.56182104829051,1.22411232388325,1.49243129928739,0.797850939998139,1.30744973278124,1.60279963055688,1.98585158864384,1.16276772653666,1.18074951840576,0.57229144486515,1.72989230454382
pAF,3199,distributed_node_runs,295,1.16489424250861,1.47479291939347,1.4663352970068,1.07629614339424,0.872545372872995,1.52014669136496,0.928071579374946,1.26905032817497,1.57218399470862,1.54943839700303,1.24154546736452,1.57211077359238,1.93561125439117
pAF,3211,distributed_node_runs,296,0.826364616685979,0.894606871313556,1.56637066794196,1.84404169473444,1.7030208415212,0.59290263456883,1.18679982288065,1.47208418041062,1.65961853483632,1.00937676796603,1.58564244159244,0.576244769531219,0.854876550159274
pAF,3212,distributed_node_runs,297,0.963566855942892,1.36074947219341,1.7842062752354,1.87762595613381,0.710872848786855,1.39187174666231,0.640571043604277,1.96972942534201,0.566597243023137,1.29808494668311,1.33060774372689,0.719810129854412,1.07229464324126
pAF,3239,distributed_node_runs,299,0.874648380871671,1.41185016262949,0.710198337724342,0.51724564704711,1.88708649801061,0.718129939120651,1.40949974037842,1.8616461492593,0.761986775251861,1.27298037378902,0.888420985219033,1.87242903457932,0.569599054396321
pAF,3245,distributed_node_runs,300,0.960353070699933,1.07294218209287,1.72589448832479,1.01680521814018,1.66702248455435,0.873858612609227,1.17889696607265,0.608838573639366,0.739418005230732,0.64263491098856,1.34982197908853,1.24873349537745,1.17280414161815
pAF,3246,distributed_node_runs,301,1.14042867667908,1.5198628385136,1.97777348809424,1.05015879479902,1.69828873140838,1.64122347048471,1.29208372988845,0.731434077081553,0.518229102618313,1.79990526356183,1.38903051391207,0.66856937752458,0.939884128371285
pAF,3250,distributed_node_runs,302,1.2655592930662,0.974626829323757,1.72253048162683,1.89490155341215,1.2291420552139,1.33873568080826,1.05004351143851,1.18113882801549,1.67867645552461,1.41796828254293,1.59257950779291,1.46387187431046,1.41177918704601
pAF,3258,distributed_node_runs,303,0.970810313563853,1.22734418635735,1.82070028866458,0.663430983972507,0.798882862723715,1.39560314862688,1.13576148512883,1.58034248837439,0.949280994882017,1.0121334707443,0.56681390721369,1.0461808755213,1.58900964151534
pAF,3307,distributed_node_runs,304,1.29889375847728,1.18239230115071,1.44696133224439,1.4044917664977,1.97350964730102,1.72395672478175,0.927475087166008,0.500626404633899,1.63812405819358,0.787005789332516,1.77112873674081,1.26451352720959,1.03658841174988
pAF,3320,distributed_node_runs,305,1.15918942267827,1.32916242332893,1.69946888623272,0.864214687388919,0.959370866286181,1.89715670112797,0.614862150146806,1.76331301097559,1.29874895647937,1.74230537899366,1.25859772251396,0.57921444503554,0.750224760674785
pAF,3329,distributed_node_runs,306,0.920736232131551,1.27662079003073,1.81040832187553,1.53093611081273,0.623675345141711,1.71921512001204,1.04914126025254,1.17850956432208,1.24267015673323,1.2642534788731,1.61138887117126,1.13385742052805,1.9460320861791
pAF,3336,distributed_node_runs,307,1.13793729571951,1.54240164104526,1.79617200355045,1.48263834161879,1.46619555287815,0.531406429655228,1.60896428322115,1.38994131633763,0.796387172604251,1.57262241491974,0.926084759889984,1.77477536477298,0.581421522913968
pAF,3341,distributed_node_runs,308,1.37940813611974,0.839551664612337,1.4360925376549,0.710052370895487,1.38419836859088,1.11482748025196,1.3407205793417,1.76359190008238,1.65892013514598,1.35720511486525,0.654118765420117,1.85747919720138,1.06750205836837
pAF,3346,distributed_node_runs,309,0.761276601472438,1.13484559873621,0.811346549862366,1.86057066028502,1.20318499850551,1.29731287600166,1.92667276000873,1.61213192374536,0.504599891183355,0.860823433616347,1.12583498378075,1.23703190643742,0.659760581352776
pAF,3367,distributed_node_runs,310,1.32815035803142,1.30120803152951,1.62397450967489,0.92184901622246,1.69711805299462,1.58246884843444,0.635740716432479,1.23777660812867,1.85033444655705,0.68411431845504,0.736247239405029,1.29900648767898,1.34297085117027
pAF,3382,distributed_node_runs,311,1.08269237775485,1.90576580576235,1.30913234247824,1.38070177302413,1.92296277404535,1.25954696282062,0.98753273600109,1.69443116963522,0.669288896320549,1.6602333392904,0.796022734585722,0.893547521548981,0.781645035923787
pAF,3395,distributed_node_runs,312,0.822867532756698,0.984160618725786,1.4633849848318,0.869890450159755,1.67337413750537,0.57581939927125,0.683885888710733,1.73344085760641,1.72576942128828,1.17363224304651,1.90410363049028,1.20762551822058,1.75873017603044
pAF,3396,distributed_node_runs,313,1.24221687653575,1.25088118585209,1.50469773057062,0.599974881068148,1.37783327412378,1.27914433041001,0.550569311450125,1.6876646289572,1.76324596277435,1.92710318293357,1.53957238791949,1.42696108713235,1.6733245888973
pAF,3413,distributed_node_runs,314,1.58616044438881,1.2496775686254,1.97306146391043,1.66583511837835,1.95561284412318,1.79690312746706,1.83380069820627,1.10502710860246,0.547720837771681,1.03966774103146,1.2978666959415,1.48783649656482,0.813025202531713
pAF,3414,distributed_node_runs,315,0.926422405477804,1.41046756643208,1.5498974416615,0.654711763077891,1.21137868659528,0.694751496287053,0.588657523650259,1.14699783785412,0.884776048945463,0.887314349979893,1.68257067902441,0.857922543309371,1.54757613478009
pAF,3424,distributed_node_runs,316,1.37383490975917,1.40811937739324,0.503305360274754,0.801447334612652,1.96582717077319,1.64114445136278,1.02648688138931,1.53574396963513,1.7047080276271,1.00512073994025,1.07653556816781,1.50715348736425,1.48827488308146
pAF,3426,distributed_node_runs,317,0.869231489937259,0.836440136432318,1.66516917731804,1.93484326993454,0.808557910775735,1.94645264669653,1.35290720719509,1.94178510325251,1.32868982311545,1.08045427380352,0.894798071750674,0.677990675698932,1.29942393202367
pAF,3435,distributed_node_runs,318,0.816114437764909,1.63138261246333,0.919674627371987,1.58596339782874,0.666371179830699,0.639078669520422,1.82846939906476,1.79910170185391,1.56693797029655,1.56588766160444,1.56979120022003,0.749789334047135,1.6897409136731
pAF,3444,distributed_node_runs,319,0.965059448149169,1.24594202914835,1.82999628532762,1.285113158321,1.51912127152464,1.64543130476806,1.16075906486763,0.671540222960682,1.76963591609513,0.807566131319632,0.960882736757929,1.04083642999845,1.95292699369668
pAF,3451,distributed_node_runs,320,0.972966721253291,1.68552440471416,0.865742323307736,1.05868738067446,0.835300375834171,0.588067994816373,1.52319064389456,1.71109384857453,0.539440041736657,1.67547817805823,1.10971590822425,1.56477647319733,1.75786151445183
pAF,3456,distributed_node_runs,321,1.38048720984864,1.74310317255521,1.57862580039762,1.60009549365258,1.82913591158226,1.35285579061838,0.528498161445724,1.60802407703467,1.23685151777894,1.59465107962109,1.29754782879295,1.52764960373361,1.59093485208795
pAF,3470,distributed_node_runs,323,1.27684447738966,1.22929312807193,1.12499996300024,1.68592736960455,1.40871980889997,1.9119329277522,1.75881869735042,1.23715595379498,0.781685695249831,0.922653244985636,1.55817452338442,0.850649354276566,0.712604916728324
pAF,3471,distributed_node_runs,324,1.27809559482707,0.729269195729662,1.09774622268578,1.34662765015354,1.45717107077135,0.933791447787904,1.51234872287457,1.4277248120846,1.38854295370363,0.964980847797213,1.58378005249317,1.96936414103357,0.557962427823629
pAF,3482,distributed_node_runs,326,1.21529008701814,1.1560393920991,1.11429526161792,1.55659072148839,1.17182535984227,0.581140136137965,0.932412958092275,1.98337993971926,1.41596067931506,1.26852296855166,1.57443951252145,1.7547558822591,1.30653393257384
pAF,3491,distributed_node_runs,327,1.49524284189687,1.89827326555467,1.34389871454879,0.703292664850921,1.94013800397189,1.02909548055387,0.793594417192829,1.87126970242745,0.816675195457064,1.69088698491738,1.76124165988051,0.90854051669778,0.529706293011823
pAF,3492,distributed_node_runs,328,0.782053864694757,1.39527818715555,0.5716156376779,1.71148133730969,1.30445988220917,1.75484101787535,1.31988017535455,1.56065742880738,0.62600768659203,0.781432855805197,0.622814889644918,1.22227707178431,1.5589738930276
pAF,3494,distributed_node_runs,329,0.778713632432749,0.668973619183713,1.86271865182419,1.74622054413424,1.12449508036809,1.29093880745391,1.65758075079888,0.529772096987566,0.94682244102806,1.03978855617766,1.93851526877997,0.831677311022568,0.623566686092785
pAF,3502,distributed_node_runs,330,1.35517252318892,0.833438043116627,1.28154608215627,1.94186583876928,1.35258007070885,1.22687988137111,1.89221018674627,1.9749864456724,1.346907906846,1.3774532448695,1.94700386619891,1.21897317946011,0.851530375416417
pAF,3515,distributed_node_runs,331,1.27883536819724,1.0828950117151,1.26471611416011,0.594178204970653,1.33487157531649,1.89390398182667,1.5250206785811,0.813465218248567,1.82959001097392,0.583571442472659,1.30163972966693,0.993190464942331,1.68570734568131
pAF,3525,distributed_node_runs,332,1.14413138811108,1.02286298265674,1.35122590857425,1.6348480028943,1.72404125269599,1.25997820571777,0.735055183951337,1.69938492426426,1.69754076043364,1.323264390821,1.18611518251201,1.59097590008782,1.29065583448831
pAF,3528,distributed_node_runs,333,0.864439787507338,1.38901024162637,1.36436517187025,1.54986993093116,1.56625554462974,0.904088976938806,1.61150145958484,1.56183335932147,0.622896205705631,0.988278928380332,1.72872749354295,0.547751051961864,1.93853846873234
pAF,3534,distributed_node_runs,334,1.16871713109173,1.97193102331325,1.50187952684273,0.612314894491699,1.46021786278403,1.00417287251864,1.75333346533049,1.94957279154827,0.569853269031286,1.581209978497,1.83642964468808,0.645608785520974,1.40216086287584
pAF,3562,distributed_node_runs,335,0.828551332295685,1.71571076926035,1.03174766011422,0.610736193588576,0.967222150364529,1.46239474053445,1.3317902344101,0.547539970777145,0.633955328234026,1.48740685202837,1.29767835621581,1.05142037183581,1.84566915649143
pAF,3566,distributed_node_runs,336,0.91821709939134,1.50691485909746,1.90344730954714,1.30086455269592,1.71470765490324,1.33491973299731,1.75351021442894,1.1154291961966,0.928522465470998,1.26733126062967,0.879078122286501,0.952059963822987,1.51430204297663
pAF,3575,distributed_node_runs,337,1.20303210723209,1.33464478638456,1.74285469095207,0.690920906842529,1.38890588805114,0.720177688878309,1.31349834289722,1.89254932657421,1.94773488119997,1.92852998896617,1.45017127710705,0.718937177529574,1.57699223070606
pAF,3576,distributed_node_runs,338,1.29808586779901,1.71522023931295,0.684598922532459,0.57585702943226,1.86161315826348,1.78140167863172,1.28519026303894,0.921334470329032,0.991266638620353,1.52587868533033,1.40906657726642,1.24783347191263,1.88853706658019
pAF,3583,distributed_node_runs,339,1.15183494421454,1.6296093461372,1.48412717482701,1.87393128385885,1.6189747417296,1.17872090296007,1.18438132403967,1.02582222262457,1.03078991244128,1.82149091444727,1.33871130821756,0.932126078075511,1.37838674812237
pAF,3588,distributed_node_runs,340,1.72910426864192,1.16831686475422,1.94417931479474,0.986653001192509,1.52406254195265,1.67467219276611,1.41973958835696,1.67324359525234,1.26614548635642,1.65836649296057,1.50535125356822,1.81050388811658,0.842917393166803
pAF,3601,distributed_node_runs,341,1.07221198201143,1.24313562222548,1.76342645485349,1.87275785815525,0.55505817512131,0.85460126822707,0.547403037847901,1.72292991206587,1.36009288593761,1.12229381209901,1.22448104759043,1.76800635642083,1.86647614656311
pAF,3645,distributed_node_runs,342,0.789237371869981,1.94286859552721,0.812990456825003,0.628309006764049,0.894125671041208,1.0186116048836,0.737568500734832,0.889268157526083,0.564844610489665,1.12885904330641,1.59430152204506,1.57468083809366,1.35812904487232
pAF,3677,distributed_node_runs,343,1.37079376041471,1.11813500982465,1.80132602835488,1.89949312949981,0.791090997818815,1.3157726404403,0.725168858833188,1.99307914494006,0.984724843011764,1.86575388338742,1.94585178214905,1.95891294685127,1.12493160735581
pAF,3692,distributed_node_runs,344,1.11101523270845,1.3009683762849,1.46889018401273,0.659276494086942,1.21676327373412,1.07444046448521,1.33158497276262,1.76605118361109,0.694133141588135,1.27134436781145,0.865722195274761,1.4528180078511,1.1436544255161
pAF,3708,distributed_node_runs,346,1.38205797403743,1.16976241169537,1.60743195986789,0.65902062433082,0.889329616905302,1.64291363665571,1.40421453154198,1.75749230267356,1.65155676433537,0.908542290893739,1.17213196821942,1.51534178510649,1.69500749358036
pAF,3717,distributed_node_runs,347,1.04034240563583,0.561122240452393,1.62725300602848,1.50848611393369,1.34633286413292,1.46781101001291,0.531116389665579,1.49678560747405,1.92960586408878,0.927759838373361,1.26804357239293,1.72250753720416,0.954800291626438
pAF,3730,distributed_node_runs,348,1.39277724390238,1.8008129075412,1.74830087340507,1.38171939649703,1.99216698941492,1.08411253779126,0.988934059268014,1.73028434418942,0.695709759961958,1.609937031594,1.39383900259991,0.6380294755371,1.00678774364866
pAF,3747,distributed_node_runs,349,1.45162834906375,1.71597575096176,1.94432448264323,0.930021786871067,0.921076642918276,1.50650596665798,1.46596369704302,1.94357076454174,1.15371074937953,1.73821719846787,1.99287531744915,0.840204990241973,1.31814510541438
pAF,3759,distributed_node_runs,350,1.20182126845477,1.39762692839789,0.939912355842317,1.0707256838259,0.683580781320771,1.74704832450822,0.832292676933258,1.43885257869245,1.76137305163235,1.7995825434676,0.854149531741002,1.60442064915784,1.56524074226671
pAF,3768,distributed_node_runs,351,1.00907082142795,0.929822212400932,1.26603714010515,1.16242868517865,1.86721813122286,1.4972214572785,0.639016923494915,1.10709469263235,1.39228896364121,0.734295689809177,1.13447803853592,1.69718477335272,0.95338911813607
pAF,3780,distributed_node_runs,352,0.907995809623051,0.98895523098407,1.87032315615654,0.528940251111885,1.75670833922284,0.986848539398966,1.80469124160917,1.28973540287347,1.1692058662221,1.12922076824532,0.859217683237498,0.651612565038768,0.798189319624755
pAF,3811,distributed_node_runs,354,0.665893337107087,0.80267708675222,1.02758884385638,1.44950706437496,1.66834106481767,1.68098404885086,1.97972238410645,1.26252292584274,0.926226109018846,0.589981592516958,1.12243461203355,0.94470585028227,1.0799690157699
pAF,3818,distributed_node_runs,355,1.02732390038263,1.01649146300407,1.83639574489915,1.67916630774611,1.29784167522415,0.974910383187022,1.10337981067542,1.2245313278203,1.18643736895368,1.54503331110434,0.853653929422807,1.25645834708417,0.552671853552862
pAF,3864,distributed_node_runs,356,0.920790854318472,1.3825515870216,1.76287620217822,0.88285080118411,0.63888484390722,1.33558995067787,0.760142726843892,0.807241655532418,0.961159277497436,1.12536353860402,1.96769610128888,1.35128892655978,1.01673003521044
pAF,3876,distributed_node_runs,357,0.945380674499259,1.70659785521379,1.87191632713811,1.23887066261771,1.35172409007197,0.650478379865111,1.51503459234533,1.95106365248978,0.667624794615905,1.3800908949631,1.40067369339254,0.687400894111793,1.53359241424899
pAF,3899,distributed_node_runs,358,0.586840885282917,0.985523479939002,1.42989902497541,1.53311121273253,1.408205471381,0.764625405250153,0.823637836144931,1.32619062647807,1.15062222012922,0.760177249842134,0.556838816076782,0.766270637774885,1.4324622551657
pAF,3926,distributed_node_runs,359,1.21934603569104,1.2473212856398,1.8513855486974,1.63433699284987,1.63555957228644,1.72839803695535,0.907519240237635,1.51052521236044,1.02713200216853,0.674862150775004,1.10705330517738,0.554116600561035,0.839021172879409
pAF,3929,distributed_node_runs,360,1.47868934847405,0.624652371947112,1.90807131678107,1.54871863819025,1.05253093613748,1.62643093928751,1.60651357754842,1.65824042922121,1.36016703761313,1.33489965759261,1.60028031137855,1.55313144562576,0.53372168096716
pAF,3932,distributed_node_runs,361,0.638228932563727,1.24895757006818,1.00542838951578,0.934537742158764,1.77681339624645,1.25645374326456,1.9501958493542,0.893702269601481,0.783765786145503,0.606910776778503,0.688158051936283,0.743079954402992,1.07307609043439
pAF,3935,distributed_node_runs,362,0.869625062618216,1.00481777586193,0.938546661561621,1.93942114375354,1.6305889668382,0.698085657029726,1.32816095461689,1.47230919338392,1.59922630570008,0.900816258452616,1.15724098017179,1.60762516260649,1.59954357455733
pAF,3937,distributed_node_runs,363,1.43023402449339,1.63657456679268,1.74143797559033,0.931570398667473,1.52084656030279,1.12619015768403,1.53303907953214,1.46914424351659,1.78332967583026,1.64044147359827,1.71710781168021,1.5700039419927,1.61735069334032
pAF,3938,distributed_node_runs,364,0.783004339945181,1.54455541434085,1.77912830653415,0.850629991909062,0.674387537539207,1.13251618576843,0.708767854375228,1.03226563811286,0.958329976974272,1.33582484103909,0.686230696600238,0.525108288072894,1.64661203578867
pAF,3953,distributed_node_runs,365,1.43268253512046,1.73096029984004,1.63584467318925,1.2044626237655,1.84524959397209,1.62500132497299,0.593139695777568,0.777727615169696,1.61313161161932,1.60346655177801,1.92938219903377,1.68742101481386,1.64097122626228
pAF,3958,distributed_node_runs,366,1.33219105121084,1.79605046848993,1.09594893832543,1.93716652425265,0.928874105643843,1.05245480039074,0.705289007303144,1.96632973157569,1.37434024951377,1.58872517138295,1.32524844539372,1.77673747605242,1.92764628988014
pAF,3961,distributed_node_runs,367,1.55395332389064,1.0594723274282,0.824154640115161,1.03594497663398,1.52574895657091,1.96558437120841,1.86651972678627,1.61999469558709,0.816338218967799,1.47305830558591,1.72146693562407,1.91084368956226,1.00502523295275
pAF,3964,distributed_node_runs,368,1.17390504992747,1.04621649325484,1.03230661592269,1.87159927326629,1.42223549500558,1.66967574914793,0.856950836320561,1.32299103122618,1.20388749496231,0.961172921053288,1.09237653613162,1.51595572685138,1.18802168126624
pAF,3980,distributed_node_runs,369,0.698017802028898,1.73343518220391,0.798880967447318,1.0675994946562,1.31258838354704,0.666348353257876,1.41371997741914,1.29118596094625,1.04333802000676,1.12897090008422,1.07308209805075,0.891776467514829,1.94154940960129
pAF,3981,distributed_node_runs,370,1.10763366438791,1.2253145586359,1.1546653285507,1.17902832103699,1.31867563130816,1.29400037044708,1.32924171705161,1.24716461628785,1.41724090816059,0.786124577205521,1.24753663623317,0.565244140442794,0.889508786818853
pAF,3993,distributed_node_runs,371,0.97914099948837,1.41813623227299,1.89233565870649,1.19663525138433,0.764903356050281,0.837148115436479,1.08468876125115,1.93893544774194,0.863397298967536,1.20923313328022,1.31871118449914,0.567024237170699,0.708273037949641
pAF,3998,distributed_node_runs,372,1.16028641095719,0.813781804814769,0.582760829181081,1.75870546567661,1.63759583362325,1.2873654169074,1.56274003235894,1.89062168271294,1.81518965080106,0.694068310580834,0.526774471388694,1.20860662060383,0.578967620211526
pAF,4005,distributed_node_runs,373,1.27743941222729,1.7603381850134,1.28221512125084,1.92554882365489,1.19628149522809,1.80234907787003,1.01694716124115,1.73448508975475,1.7182409966702,1.05845282068623,0.70431328335261,0.888772690812804,1.92785054659141
pAF,4022,distributed_node_runs,374,1.05881402249418,1.66561228787619,1.11651125491478,1.88200488488597,1.06885638180539,1.61564364999385,1.31062211940953,0.587376265093222,0.825444778531672,1.0408508039311,1.09679666863091,1.98576044387086,1.69008966195884
pAF,4037,distributed_node_runs,375,1.00005371262115,1.31401593441284,1.38904964017286,1.66209427924875,1.31154934700023,0.641967032963808,0.758260923515534,1.33570721839628,1.0520058621819,1.11914887730967,0.707842313309892,1.71970104937233,1.73516136868453
pAF,4047,distributed_node_runs,376,0.885179248035772,1.01332637284528,1.46403811499487,1.35694890942489,1.75488177238213,1.42182391169225,1.2525046054037,1.90119619404121,0.805210329277728,1.3111211133351,1.60019328039304,1.76944374391256,1.19144016246724
pAF,4052,distributed_node_runs,377,0.927564021124726,1.09700434393835,1.17825111943216,1.55112527820495,0.647720615290363,1.52824963907376,0.654478566574449,1.86950041317042,0.602031856962365,0.839141595684515,1.75229412552746,1.61651505224699,1.23491787653933
pAF,4053,distributed_node_runs,378,1.1621848673244,1.21587998944255,0.774822850052585,0.92045175479535,0.666092593727995,1.67424325216144,0.507802488772178,1.6426339285363,0.737783922398006,1.80432713630354,1.92346837800814,1.89025212790763,0.731643028104022
pAF,4063,distributed_node_runs,379,1.23566422788062,1.235094297343,1.3663759079151,0.59719618517172,1.84445980058996,1.66916364994698,0.917428350596775,1.73252005668766,0.7717921271087,1.3231947504563,1.55540720123153,1.76287285933559,0.608108212952758
pAF,4066,distributed_node_runs,380,0.501193234926869,0.847021209322871,0.719680415725151,1.39341011596377,0.556358376944707,1.09659934394813,1.38818713114363,1.99983068183921,0.651317204439467,0.868688577266352,1.32982213971148,0.854229279261039,0.95787594914835
pAF,4074,distributed_node_runs,381,1.02394703930668,1.49835906873454,1.34657592843946,1.22168087129043,1.35362194284794,1.20332059919541,1.81288652372265,0.890913832106621,0.909565671298458,1.65184398784043,1.3599860333429,1.01554009077975,1.10476162179064
pAF,4085,distributed_node_runs,382,1.4718875252901,1.52385089419056,0.508050544108429,0.766101345348126,1.63109541545067,1.34867562423979,1.31167703096891,1.87804701836954,1.39506019082121,1.69890021555564,1.49543762187912,1.90098524052995,1.8037089501034
pAF,4086,distributed_node_runs,383,1.39097331497324,1.32147019052364,1.58816613981826,0.838394769585541,1.39656913425855,1.26426916740245,1.11880597477494,1.17355618425203,1.04119863635995,1.7184940825041,1.54041908441379,1.817225262473,1.23622801431916
pAF,4100,distributed_node_runs,384,1.09525928898261,1.76004461697851,1.8596282793716,1.00626037282095,1.35342857209642,0.601831409887255,1.92411834232782,1.88100138857361,1.01530445369463,1.68179710994766,1.82442347748727,0.755961580722033,1.97446531291577
pAF,4106,distributed_node_runs,385,0.741634801863317,0.663257635658249,1.27855193624113,0.584597038426588,0.758124526724089,1.1938946526252,1.64127563597425,1.24016530300653,1.52462079761479,0.679226141461718,1.20102714739535,0.950009641593197,1.06863193327701
pAF,4119,distributed_node_runs,386,1.57383830790159,0.78030974957428,1.89304546123782,1.4963736008586,1.72853683325857,1.06518328528059,1.09277039960266,1.82868893609257,1.77599460639328,1.70807839603636,1.77402772586998,1.42885766932318,1.31806393868523
pAF,4166,distributed_node_runs,387,1.28198369861853,1.48162157205794,1.68253995497577,0.515998418632697,0.74424442453403,1.32878874432373,0.949876836326911,1.50858201334119,1.94477081073619,1.3743276391205,1.59599050136349,1.86180965261823,1.90729545411751
pAF,4174,distributed_node_runs,388,1.25704474233539,1.39097014747988,1.87813481468226,1.92432902900026,1.88198420303659,0.924754381312928,1.57264799204158,1.83656846449561,1.11227576481821,1.15477416587482,0.852755100179862,0.925037760228116,1.19264896810598
pAF,4181,distributed_node_runs,389,1.08086087437714,1.51914494737032,0.62709790572507,1.92749476263879,1.9273332283342,1.22701137597277,0.828814852183689,1.24481028733525,1.64694546835506,1.54615222952472,0.858829765392943,0.678880852687272,1.43797932287882
pAF,4231,distributed_node_runs,390,1.24828078612302,0.936160888913328,1.15790152367332,1.852402788627,1.87643763226888,1.44778715483241,0.932640901014946,1.99149559125823,1.73944962216498,1.53343437326112,1.82050094018645,0.956281872721791,0.672060157082212
pAF,4238,distributed_node_runs,391,1.04962194793283,1.6452244005771,0.696980813642161,1.29980734517889,0.977210108799833,1.40934873617245,1.87127465588346,1.27205843644432,1.89323392374549,1.70529760950469,0.908000948641123,0.547506433601541,1.84324981964062
pAF,4243,distributed_node_runs,392,0.879347878329456,0.624126192635786,1.24815795881408,1.59151467031852,1.71603929763369,1.65756176579425,1.5953918551054,1.63461298360288,0.921851577816388,0.646892472885142,1.55619912224153,1.47682987392745,0.884557351561576
pAF,4246,distributed_node_runs,393,0.791904534867479,1.17512539065735,0.889929381485519,0.589405269404189,1.49156529614661,0.713849920274196,1.98031159757327,1.56607959786548,1.45615174549646,0.966920237002609,1.51633627614279,1.00349061504293,1.39746150641382
pAF,4257,distributed_node_runs,394,0.636758358520372,0.591840206844795,0.922604420657979,1.56165929229183,1.0071226178996,0.517747961629949,1.13450055712862,1.62768569156026,1.88783866816162,1.46170466607457,0.765608886000904,1.1744742316457,1.06645293890099
pAF,4273,distributed_node_runs,395,1.41253284026225,1.66666724284374,1.61334038274781,0.5519021088714,1.56365007451619,1.96499906732687,1.45104712099869,1.23304796196697,0.869065084870276,1.73784114726179,1.14859714191762,1.92809021655009,1.62520493359531
pAF,4312,distributed_node_runs,396,1.1802185681431,1.52326814233026,1.97962602962642,1.40039866842959,1.70880511407684,1.66641315815398,1.22114336052723,1.78924208445208,0.682431257908932,1.18708925958321,0.69011365530437,0.918902381637663,1.90752791157945
pAF,4334,distributed_node_runs,397,1.03483748811978,1.81302801619017,0.556890159822727,1.46269138600041,1.33665662670205,1.26843200130674,1.06772688827056,1.4429018537281,0.505617002790805,0.923059850992676,1.17956175136959,1.51632161759437,1.90375564232332
pAF,4342,distributed_node_runs,398,1.08544495398221,0.774213655908518,1.49364711979747,1.08114694220533,1.67004817719616,1.25814619926708,1.8155571663445,1.90368310104604,1.5862142176443,1.0241327313381,0.731719478813041,0.534187358066272,1.31284187259862
pAF,4360,distributed_node_runs,399,1.2408724429246,1.85350565388497,0.897366489721788,0.897467860018247,1.68409753976898,1.53193725695837,0.953063558458511,1.03851895556011,0.805253593341668,1.23387824007967,1.84478909408946,0.870536615338595,1.10660464905678
pAF,4387,distributed_node_runs,400,0.771456430342134,0.731584898737758,0.542248071398661,1.76932010802127,1.47753941103222,0.639630830679864,0.883724990606312,1.56289295816924,1.3913034337376,1.11480933589858,0.913421042222335,1.60496737580551,0.569349230259468
pAF,4403,distributed_node_runs,402,1.32055531271958,1.63981273541321,1.5056221081102,1.38524354577842,1.7278753908207,0.560931576537377,1.26705330243381,1.74865502182044,1.0948212241028,1.70303979643811,1.39517231479487,1.32742143360226,0.95933688149468
pAF,4431,distributed_node_runs,403,1.31557095055909,1.05526612450541,1.08710016100832,0.677431280776484,1.9997404139936,1.31319114896923,0.576173198199821,0.597644544980146,1.53541490497022,0.549586176075181,1.26477971998461,1.78190005673072,0.617462800276713
pAF,4452,distributed_node_runs,404,0.710321865064319,1.22882043093377,0.836921195364105,0.937346930940336,1.16635271788827,0.852898211378037,0.968018786964138,0.999218557422515,0.637886270851326,0.798066650896596,1.1882613309067,1.49875430372474,0.541174760022835
pAF,4471,distributed_node_runs,405,1.37442374134778,1.35181869149644,1.4002113368498,1.8182607157004,0.911164181848094,1.70926572708966,0.683431915257833,1.68526457712854,0.911887397094484,1.71178498473746,1.22890114427186,1.5420773531819,0.826532445662197
pAF,4482,distributed_node_runs,406,0.967633180906585,1.05148413158432,1.53651488575615,1.82425240891963,1.52204331177507,0.958088201411236,0.563159739169189,1.37401217451948,1.56059389317998,1.69598514195509,1.11522975975428,1.62562918663798,1.69506155217793
pAF,4484,distributed_node_runs,407,1.44987214087875,1.11320029737591,1.59534459486196,1.06297806814721,1.83194178624152,0.745449151844988,1.79208671807511,1.63212607906155,1.64681564131748,1.54665805640485,0.528282742395288,1.49333881696479,1.67326772905897
pAF,4488,distributed_node_runs,408,1.03933801474561,1.8084058597314,1.52424965987475,1.97936215894144,1.21298248957015,0.655607965101624,0.542066541631921,1.60575516453965,0.725665035800317,1.38789412354404,1.5036185102739,1.27843749472692,1.37480196325801
pAF,4519,distributed_node_runs,409,1.13509294081609,1.7231207044063,0.934114051755259,0.813199831496747,1.83082434572325,1.90063025366762,0.821866996629592,1.08427157207891,0.837807660140281,0.924500518499514,1.26133269617069,1.4746817436271,1.98246087958536
pAF,4548,distributed_node_runs,410,1.29352631288987,1.30162995002485,0.554460752433922,1.53961329464829,1.53492954707755,1.639258465556,1.55363655328753,1.64130846144226,1.4972343477092,0.789723129968466,1.07603577827116,0.695136016657962,0.853558017676543
pAF,4562,distributed_node_runs,411,1.20437809221861,1.76148212496053,0.677240792300386,0.763349103104053,1.92643638939596,1.61817604142407,0.646538818820409,0.839740134373508,1.50457025940204,1.06628472147874,1.67461580476927,0.541106176558252,1.26035709931698
pAF,4564,distributed_node_runs,412,1.3990851684475,1.54003045822189,1.87863392854807,1.94864556652298,1.61271404657383,1.22275822746421,1.70041165063651,1.47136425102036,0.994761340528401,1.76245707151375,1.33211508603619,1.80576882232653,0.985800169368788
pAF,4575,distributed_node_runs,413,1.30000447021617,0.873593054092604,1.64901719010355,1.97506478332971,1.83019039599976,1.51773343888402,1.13891104636936,1.83213775244235,1.65593114860482,0.847446089034438,1.73251251923265,0.530164337319844,1.01700127124141
pAF,4576,distributed_node_runs,414,1.06408082154856,1.8216087507599,1.81567256542346,1.89073531507165,0.551424926862563,1.45402936300278,1.11029583017756,1.68331424796654,0.793310019839781,1.64649167475022,0.812731536794429,0.657650887302774,1.1044473046957
pAF,4581,distributed_node_runs,415,0.946879463674408,1.0811612422283,1.11623244828347,0.5750806407765,1.81395526263301,1.30478767726509,1.92266356502905,1.48511198209437,1.66532044410026,0.868440182294519,0.682888610270259,0.529194335813543,0.567285123984533
pAF,4582,distributed_node_runs,416,0.935814024727282,1.04000954149743,0.798619211938966,1.87008360627384,1.41701428418023,0.932926293860944,1.82147352517888,1.61372224335289,1.8118737105461,1.66623427776438,1.3178361507524,1.09807849751902,1.44559202000236
pAF,4634,distributed_node_runs,417,0.879369599315349,1.15632143948177,1.14978182536715,0.683207627949279,1.12306544598656,1.05150608675245,1.64602843079629,1.86401081145828,1.22278140513745,1.14950222878958,1.39803983157536,1.09738564125738,1.80521767344503
pAF,4653,distributed_node_runs,419,1.06125034862758,0.825538958581164,1.43508007478383,0.572596937710453,1.69017392180045,0.616844679719702,1.46572037974712,1.25968177618687,1.39798305376553,0.905873758265157,1.54131088650061,1.19664139711831,0.859646026283452
pAF,4657,distributed_node_runs,420,1.04328843240657,1.05198868362284,0.682152897365911,1.64618803831723,0.532720739553499,1.20661405399438,0.992225737788966,1.69175233009866,1.66263483410723,0.758317441360926,1.42808551002182,1.35668306665036,0.772986860634291
pAF,4661,distributed_node_runs,421,0.753443211811239,1.67402587266317,0.807840983593801,1.55476777777499,0.686946343065072,1.54783712161944,1.19036332685441,0.544962378782675,0.801867028105737,0.87071351390631,1.10544659132057,0.551578819270822,1.696814147753
pAF,4671,distributed_node_runs,422,0.797723774032269,1.94168819303641,1.07411192641547,1.24032780013338,0.560548311655979,1.07703293481088,0.805228771021408,1.041401596554,0.560700535109565,1.70998279898385,1.80253601819842,1.13850595341658,1.2510411399431
pAF,4674,distributed_node_runs,423,0.860063208700055,1.32870374680324,1.98841026225195,1.55227946880787,0.604715593258711,1.03878274442727,1.05497290253147,1.04773630219953,0.910061986207793,1.57137641234095,0.838264052287127,1.72794892218825,1.03531084173614
pAF,4713,distributed_node_runs,424,0.660161878749871,0.930732454587877,1.19489423133046,0.975191440384162,0.858450273165939,0.784647855909685,0.699241923944891,1.32391437667258,1.88668654623444,0.643571447410472,0.74784016297211,0.866337725322121,0.812540546918141
pAF,4716,distributed_node_runs,425,1.16333398618013,1.70870257023197,1.18410666282655,1.25022587344928,1.90418240894246,1.23429274982904,1.58883711626014,1.26005488150703,0.546876851650424,1.49303634621819,0.512780006168295,1.26986287395742,1.15589024447866
pAF,4720,distributed_node_runs,426,0.81659923801151,0.616963829667,0.664280888952851,1.44639270245886,0.911424528129604,1.75331065971581,1.30466326099376,1.03744506721088,1.55696372279876,0.536763700421682,1.37743616725356,0.926079019376516,0.581202817600213
pAF,4730,distributed_node_runs,427,0.9362203134699,0.716793107769404,1.40363400060125,1.0238196317334,0.706348065627799,1.73469968339256,0.596183679876186,1.40763264735834,1.57294914077509,0.904962879670101,1.66087343898548,1.96723750528771,1.29406575757926
pAF,4769,distributed_node_runs,428,0.98399195784822,1.14871961828703,1.87872083780474,0.612776813342506,0.549657217492035,1.43277319725471,1.26421321487384,1.884738835499,1.56505782689862,1.69774272012015,1.57045430390573,0.697805745146804,1.89149038627168
pAF,4772,distributed_node_runs,429,0.864033416623139,1.01970497383876,0.701519248861441,1.72033626274939,0.643700234247073,0.905743559795391,1.81794840141296,1.30511456947439,1.82789859651792,1.31928795596313,1.82949901368999,1.44597543670456,1.99635882789433
pAF,4791,distributed_node_runs,430,0.851793073592123,1.08451388395549,1.24565596675526,0.588036394691209,0.59669456743493,1.63843836796979,1.10776220628277,1.20006574676866,1.17175425196206,1.20710233265849,1.78760814114689,1.32527031357642,1.4092785127261
pAF,4799,distributed_node_runs,431,0.791240902807021,0.796308527173509,1.14312665820099,0.927079985117953,0.629442909183378,1.43919307090423,0.562180051633509,1.66447863529527,1.71920151818209,1.20148784015033,0.77396707084208,0.908621390931823,0.922923785632886
pAF,4854,distributed_node_runs,432,0.984242819143633,1.64999934014599,0.684298936814896,1.52235932148892,0.891668276502358,1.99080599139952,0.918914027326855,1.93983240528917,0.521417333791333,1.28647892498189,1.64178537841981,1.44813657742433,1.85558586247806
pAF,4859,distributed_node_runs,433,0.76838698891848,0.94700599810512,1.54865716187923,1.31106493618605,0.756681771238412,1.74419032629103,0.826002824467057,0.661864192137407,1.38448916244974,0.655834633588852,1.60856255936002,1.31927879079865,1.32446329585387
pAF,4860,distributed_node_runs,434,1.15119077666878,1.8614065147639,1.25852442395942,1.82214594450755,1.49812797559355,1.49810347694301,0.5491859533021,1.59450459036556,0.538757781760247,0.977191072904673,0.789043793925159,1.06541017319855,1.07659676934919
pAF,4862,distributed_node_runs,435,1.03853889345913,1.93406547438846,1.71629642939419,0.787720204404775,1.10309852563087,0.9019238656717,1.82074401592241,1.92153676757456,1.65117977219434,1.99222108742711,0.972015033651658,0.722710170391743,1.85103088713325
pAF,4884,distributed_node_runs,436,0.790306960777174,1.07187918305583,0.975922489964082,1.74210417063257,1.53910919247463,1.72691823836224,1.83125746637454,1.77518167087389,0.764952313190966,0.836369175184743,1.49149125956621,1.39166674872793,1.69292326793893
pAF,4891,distributed_node_runs,437,0.970581342692148,1.39001501944418,1.76165670786307,0.919312156726774,0.96278581824196,0.953882485732761,1.07568245120517,1.39847619417685,0.746524026453834,1.25088892901828,1.29033947611953,1.03274399578856,1.57046964192248
pAF,4914,distributed_node_runs,438,1.19967157802284,1.92396126868417,1.48778689365992,1.96178216807908,0.581258538554567,1.81231533099616,1.54300289380037,1.53147338392452,0.559086630257843,1.47070231048044,0.778518705825775,1.43443227218429,1.65347335734149
pAF,4916,distributed_node_runs,439,0.937155906155744,1.24465817511746,0.576140427542927,0.764666063155372,1.0327526839193,1.58526008145963,0.870385931869278,1.05840774692611,0.743530069068242,0.986527491259808,1.14746495913049,1.86664499286865,1.41779168631756
pAF,4926,distributed_node_runs,440,0.729184509771369,1.35253210290107,0.992788383999256,0.96523828882989,1.28994472214866,1.02412769722383,1.76453121320756,1.05152375880449,1.62994870203075,0.587001496688663,0.850163146518709,0.537200251772495,1.93185442812896
pAF,4935,distributed_node_runs,441,1.42509752032108,1.48562858498229,1.65422654476725,1.40769804120305,1.78764783113763,1.62549686773021,0.524591673430073,1.16750721216569,1.24640368595658,1.41329836226048,1.12758486319635,1.82030672480821,1.82691679123691
pAF,4937,distributed_node_runs,442,1.08946648562167,0.961093269536892,0.639919807813922,0.822579313377066,0.58797373455961,1.59028327904543,0.841656424165073,1.60620185453495,1.74927940532443,0.587547964939304,1.75207681302822,1.67502096236461,1.84648256191838
pAF,4942,distributed_node_runs,443,0.65078968614688,1.38132641887813,0.560762427279519,1.17364690186378,0.643535352691327,1.06525649813315,1.18254082987608,1.49392252313958,0.859373462438026,0.843681694202062,1.39331084103734,0.689727941574387,1.97943059001021
pAF,4945,distributed_node_runs,444,0.825024813867342,1.35116893092053,1.77438971101231,1.44236552686054,1.17018862650364,1.00602961995534,1.06077846681233,0.556061300900996,0.621247487300794,0.661838547032619,1.976869287173,1.0776272975032,1.09082319788577
pAF,4948,distributed_node_runs,445,1.0166387859488,1.08956446974261,1.69306303242119,0.873266594081619,1.18003211276907,1.27608918022402,1.28276534576774,1.74327005533065,1.13224425896529,1.29346840200162,0.927150918534892,0.511016813238808,0.763535863542536
pAF,4960,distributed_node_runs,446,0.972220372003673,1.41727125209721,1.40594326152802,1.44381449110923,1.79467655135057,0.647604832365867,1.90453796209303,1.4906031008569,0.561050829832072,0.90419950254163,1.02317480706253,0.784282284817611,1.51754653602014
pAF,4962,distributed_node_runs,447,1.32654490431207,1.03384539201325,1.89634697551529,1.58007164592908,1.73935919499318,1.39344310563423,0.531541531856126,1.68561740234565,1.40890370993444,1.08682112779955,1.80553892520753,1.35164132123375,1.22020839229013
pAF,4964,distributed_node_runs,448,1.25284458780279,1.50372550398383,1.57228743777853,0.587826028511366,0.996485247397219,1.34784540177858,0.757533469980053,1.77823571872864,1.91410074627413,1.32179653494072,0.947778570301425,1.90689856973582,1.26179949814986
pAF,4970,distributed_node_runs,449,1.04665903525271,0.771248380848019,1.68743800250246,1.23372881492103,1.38523753185587,1.10422351578046,0.992051525890211,1.66348222034284,1.17231935085777,1.73881672696826,1.81967897246058,1.5386626550987,0.954209528788579
pAF,4971,distributed_node_runs,450,1.15449227810369,1.09871888929861,1.29855358073707,1.52817646971282,1.26311797538045,1.95693556420858,1.51285455070559,1.05911584846488,0.647971446342326,1.31018832096187,0.765349586466382,1.37232993159739,0.68079655437775
pAF,4986,distributed_node_runs,451,0.610969962677502,0.777325376119552,1.12902895417219,0.98804095487098,0.634461545001955,1.67977391158129,1.87170726906497,1.63719480697447,1.47037639380756,0.763232385772906,1.18578094139533,0.605269804281486,1.28525434238284
pAF,5063,distributed_node_runs,452,0.996578034857907,0.682626580229996,1.18988764788588,1.34255630035671,0.904604883135037,1.52452248027705,0.748838570295455,0.896793439470529,1.88945927895781,0.878496820457346,1.21156053015844,0.732336587240926,0.864747339825796
pAF,5071,distributed_node_runs,453,0.889745010518934,1.28358944774529,1.30037951945501,1.71710637302031,1.05004911446459,1.13581856662833,1.43533684607209,1.31085630586126,0.923190772190474,1.06592164436758,1.50140398489831,1.17308325476321,0.814433619536652
pAF,5075,distributed_node_runs,454,0.995964659266905,1.55509201504171,1.82899922235652,1.28507183050728,1.1184218803205,0.672788532325874,1.68057400287193,1.79609312789243,0.995594643604418,1.50806604228719,1.68453053791935,0.804256900660864,1.91109429841169
pAF,5082,distributed_node_runs,455,1.03832526326192,1.88621639228056,1.00715437174657,0.958721555406822,1.47593092440212,0.719324577595226,1.18123895567586,1.18710205699814,0.643788211399499,1.8350955660096,0.825147118822413,1.41944162172546,1.90064722714202
pAF,5088,distributed_node_runs,456,0.997734317624081,1.87438686473135,1.00590642606541,1.10259446125674,1.15088640041674,1.11312369387877,0.557798452329993,1.66361173375621,1.50283774023952,1.14837972539333,1.2714819144564,0.64323194677811,1.90280675968526
pAF,5099,distributed_node_runs,457,1.04416419930331,0.895659442855473,1.26209835868277,1.77087578949159,1.77213405008235,1.30597914360427,0.688347288479527,0.853735413652019,0.890998260049377,0.909063877497749,1.79455153032765,0.970717275602254,0.844161303184573
pAF,5114,distributed_node_runs,458,1.17996323483748,1.14114927315775,1.47201549872482,1.09943994892639,1.55688712254816,1.27722935825484,0.513921567870344,1.61553752131956,1.34590035890214,1.09145524937632,0.62940095216993,1.98925651573002,0.784902687324177
pAF,5139,distributed_node_runs,459,1.02063997723228,1.66302571108966,1.04702182998755,1.10844760041236,0.684607350242219,0.80752185358793,1.16455173711196,1.49487272651745,0.62832019287635,1.79039788244988,1.52781912161504,1.64370425209733,1.76154270455602
pAF,5153,distributed_node_runs,460,0.890931043763613,0.690411249127156,1.80366656449886,1.61233738805722,1.5425404004412,1.35930162819466,1.41097512970947,1.37873931599749,1.82140091822175,0.776834285725046,0.76015576443592,1.44036490377331,1.1948465800889
pAF,5169,distributed_node_runs,461,1.19296576449867,1.49715530779672,1.07129200175994,0.776172372865721,1.57587520761773,0.534325100498508,0.624428721276776,1.55724514903229,1.89699033520495,1.03774775340375,1.3670045661823,1.99997416509376,1.74337246436834
pAF,5182,distributed_node_runs,462,1.21133529037746,1.23433809219299,0.611811658725486,1.69596849340712,1.88976871372742,1.04501637556415,0.923748359993039,1.94587049740834,1.16378308710377,0.874983416670729,0.958803560967639,1.15161482733307,0.60482259760227
pAF,5189,distributed_node_runs,463,1.15166430093921,1.88557347714455,1.55614758241974,0.628971778581148,1.52736801596896,0.822938153441087,1.31970547563472,1.85573985872421,0.576779546423702,1.69528914120669,1.157141491241,0.582369571323533,1.51155295388861
pAF,5192,distributed_node_runs,464,1.06767924116755,1.10755261149669,1.81702730349015,1.30961138350893,1.22988352514207,1.93856572387816,1.34112315624977,1.6774280152093,1.67880432788411,1.30113277029912,0.690006360879136,0.985068670663678,1.88275575473095
pAF,5199,distributed_node_runs,465,0.965582122057892,1.73767696668953,0.835100752302543,0.56442148110622,1.8966898147493,1.65834716466946,1.37028066157827,1.80094951349279,0.577170034587907,1.00263253544361,1.00088969110355,0.630761171661816,1.86380452200095
pAF,5211,distributed_node_runs,466,1.37451050537212,1.57395990490628,1.93134116649112,1.60729594208421,1.76291557793369,0.902334356789257,1.52510355017247,1.85187082095424,0.680751501387608,1.45543827855834,1.98851462332452,1.05263525746354,0.73041364467273
pAF,5215,distributed_node_runs,467,1.5914939108454,1.3476613630085,1.58008519050028,1.50866894486342,1.83933106933854,1.14284099146748,1.68877562110338,1.95202515823248,1.49964145938633,1.68918717665662,1.15076090288924,1.46014386321951,1.33440056842855
pAF,5224,distributed_node_runs,468,1.22183912875799,0.881185919994623,1.43411249651706,1.16607315248528,1.19855961982914,1.25164447334552,0.871796121465412,1.65563741189044,1.54659473675213,0.978980386231954,0.903249197679343,1.53797302712126,1.29809829682342
pAF,5228,distributed_node_runs,469,0.870731718055834,1.21962042248899,1.37167900920949,1.93365834824202,1.9982936313658,0.680371790144542,1.92049012921853,1.26592759311649,0.750464110702421,1.86663972225006,0.605489028611468,0.692158290427144,0.580500065844157
pAF,5231,distributed_node_runs,470,1.10919797074287,1.09145079594795,1.10408252277559,1.68679096241915,1.88344561588979,0.777209440304701,0.714257461913621,1.70655415541086,1.52502252849342,1.05911007042866,1.60997293566597,1.41757245555454,1.53887138847618
pAF,5248,distributed_node_runs,471,0.917800757783575,1.07158310217202,0.818004486123326,1.5685446574447,0.959739262884702,1.87107602028358,1.04695709905215,0.649867988803738,0.931336387441144,0.604118438355031,1.6496905972669,1.39849088404267,1.82148921064489
pAF,5260,distributed_node_runs,472,1.06262335063129,1.31356549360518,1.72195014849999,1.71182762780396,0.843327215781424,1.61109090711027,1.06609093323394,1.41786238846398,1.86690021784608,1.19886303521198,1.38501486035893,0.663737727919192,1.02813656557048
pAF,5291,distributed_node_runs,473,1.04701310401435,1.3633876295215,1.64254910231112,1.92334579361019,0.979975656937617,0.892361559284317,0.758543806979825,1.84154587498887,0.738093970507286,1.3766352178556,1.17995324308011,1.74936635920227,1.57252142833648
pAF,5314,distributed_node_runs,474,1.02873244457038,1.21780034314895,0.62093319085321,1.951657073523,0.709863520766672,1.46549808955186,1.22143118775951,1.28814828039399,0.512419438708104,0.967059405433709,1.12451826183645,1.13016001936918,0.548114736362751
pAF,5315,distributed_node_runs,475,0.875517124337055,1.45173117263218,1.07348810141521,0.807504103353623,1.41024768241203,1.95659216657303,0.874002425374117,1.25387359160685,1.15440870298559,0.942207643111624,1.67216287622601,0.611477036470348,1.7406597007994
pAF,5350,distributed_node_runs,476,0.97321731453097,1.41097538778562,1.95952782188845,0.68549719260149,1.87937792496996,1.9914889825008,1.26989463790168,1.24351497101488,0.742134747719443,1.18100775222756,0.884136786585327,1.21398489761967,1.83205886925309
pAF,5358,distributed_node_runs,477,0.63043425860804,1.29801162650731,1.79352335301545,1.34603366529095,1.67034347174111,0.629603161216998,0.785753827561257,0.640393689538547,0.67163423442141,1.16367764433937,0.505000417811545,1.26219535388697,1.23036817747457
pAF,5393,distributed_node_runs,478,1.35360774920828,0.960319546425698,1.89438472295281,0.510797794933718,1.86111790428732,1.09462642362708,1.28687675047215,0.840074501710743,1.99877418316715,1.02921676859295,1.2321782519041,1.75279781428811,1.93403381952438
pAF,5413,distributed_node_runs,479,1.25247659480512,1.11621767259629,1.45444030673498,0.990360517808986,1.49550068480541,1.98386468214347,1.50844956574111,1.1866861651273,1.05710782856678,1.16795064107168,0.745551766761478,0.699537760005272,0.624073697248257
pAF,5420,distributed_node_runs,480,1.42954596509419,0.816985382533476,1.59417567508367,1.86820899188414,1.96876843021537,1.95335945219049,1.41693300712986,1.39971895745572,1.51276640528198,1.24993635504938,1.80457764170695,1.53382686162929,1.08395179651339
pAF,5436,distributed_node_runs,481,0.785745475245733,0.772128911784937,0.616463232237291,0.901390277594308,1.45733072772206,1.48525112916396,1.03339746874094,1.84242063668971,1.19031712562326,0.69084541515927,0.783198809494157,1.40251125967483,1.15569503820985
pAF,5441,distributed_node_runs,482,1.05432492472621,1.3182926854704,1.88895668698476,1.35150284424022,1.42778546769075,1.20537229663868,0.551123628909679,1.84730711705683,1.7150999126664,1.5477491882235,1.87143706634527,1.7229318440523,1.95523871511082
pAF,5448,distributed_node_runs,483,1.38456759677296,1.78629771920195,0.687855856598514,0.51753522671366,1.34496911066898,1.80711557928873,0.830218771868909,1.49708202595987,1.07541757464404,1.6687714566744,1.25299838699134,1.25554166554406,1.23055045244631
pAF,5463,distributed_node_runs,485,0.798818708677366,1.55264097843756,0.640341979815065,0.63211254508501,1.61542329726302,0.615531042696421,1.2012115297664,1.84092276939789,1.2211579845394,0.985071089141437,1.23018380555256,0.795251834712475,1.50942877806796
pAF,5466,distributed_node_runs,486,1.78397440308809,1.75862826328704,1.85199014796013,0.586406075592014,1.9034251561076,1.70096419873797,0.742080001429214,1.74313837024238,1.04917509012865,1.95828636836559,0.939447751721773,1.90257711238393,1.46974829853942
pAF,5472,distributed_node_runs,487,0.973283933948546,1.03898161790015,1.35358241992897,1.04651100703847,1.91210488414253,1.06144848837846,0.536539586575879,1.95866791182633,0.760975357897734,1.86369147949125,1.94573226686817,1.64001289111283,0.643262615897097
pAF,5488,distributed_node_runs,488,1.37298734380708,1.4604297629352,0.683586734644356,1.39101729163232,0.809883822065224,1.88440172973038,0.559917466290255,1.75506692436423,1.5397788637829,1.18165285687943,1.12474350761089,1.6225291278943,1.18880420574387
pAF,5517,distributed_node_runs,489,0.750425361123519,0.667142498210562,0.534224717018093,0.644495093418027,0.799146311207236,1.11293775879899,0.711844913004819,1.65937710164584,1.54289124601448,1.08424914070565,1.96968120076244,1.84898308728694,0.908161607617884
pAF,5521,distributed_node_runs,490,1.07495082374336,1.18097241475691,0.702289001371676,1.17725723562404,1.09683802824786,0.938807373629054,1.69804636566031,1.16658098561951,1.63185102531708,1.32153354928662,1.8622626793305,1.98904846789572,1.00139490723844
pAF,5526,distributed_node_runs,491,0.747729491108303,1.10771083799395,1.8714972454456,1.84220515348193,1.91306497993024,0.799160794052827,0.704360846131178,1.38294626544619,0.558874144829819,0.792906659529675,1.47624460067356,1.54745050366844,1.3563326877748
pAF,5538,distributed_node_runs,492,1.26073731071199,0.562071955036414,1.28256499183163,1.44475142376646,1.65601182436787,1.04751519889063,1.39308511702335,1.68486005182233,1.94429651096626,1.5013030897129,1.9883438355277,1.64432929983839,0.712500707774267
pAF,5549,distributed_node_runs,493,1.27541709709925,1.55222809492192,1.80505381108675,0.685347956735176,1.43984569918628,1.54392103073278,0.913894713286342,1.02795897028335,0.969235421553583,1.84601108499939,1.88253405267999,1.49156388357888,1.13765707954765
pAF,5551,distributed_node_runs,494,0.650550381272518,1.36148708676924,0.749307391941233,0.921956008256732,1.56153378459309,0.515727625990021,0.547789064551871,0.761601472290074,0.813577420481095,0.721114010373916,0.664106776100667,1.44403378296688,1.7082772559295
pAF,5568,distributed_node_runs,495,1.17779532074439,1.32711734648087,1.12309574286791,0.792367647100699,1.35548926973412,1.24078168383622,1.40179247085237,1.64960205432905,1.09501810499733,0.919083939664885,1.35742987790174,1.61464217301818,1.45661410434061
pAF,5577,distributed_node_runs,496,0.56714072250349,1.25830714230941,1.26432705719297,1.93548194683511,1.36827050780018,1.77692201204184,1.06985262266687,1.1745324586248,0.591700916108876,0.732015550027493,1.63617534485655,1.2307182093286,1.54571575463381
pAF,5591,distributed_node_runs,497,0.995598195649329,1.04476212155799,1.20765647992656,1.02770322738109,1.02402865392642,1.32625384085847,1.59577340680655,0.778672937668543,1.17425990765181,1.41245545782606,1.84890471005026,1.66962786534079,0.941224148566344
pAF,5623,distributed_node_runs,498,1.46373375005864,1.25914585743899,1.66118547567934,0.996446487186176,1.30619075820577,1.42588942929324,1.19322706196516,1.70009068157883,1.04946487039947,1.68608613771216,1.91713361849373,1.23849609642446,1.26317999036492
pAF,5635,distributed_node_runs,499,1.24452168150437,0.738827886648195,0.904443589864595,0.834807571374075,1.00029691001664,1.69122811307483,1.99660507676906,0.972774262632496,1.39029331471217,0.974708012538726,1.77149490263169,1.85929166932703,0.748018241305358
pAF,5641,distributed_node_runs,500,1.31008308847543,1.13849442471737,1.02522514975021,1.58835936674842,1.49643888904034,1.58783184427424,1.45415455612703,1.02358461892179,1.19596967069596,1.42637304860629,1.34555585397527,1.31622766426101,1.09836037436246
pAF,5649,distributed_node_runs,501,0.921014696740565,1.97353456570031,1.19565984394482,1.00457301550712,1.12121882540226,0.886668158061074,0.855066641721934,1.69100236649221,0.902192085815216,1.61891913401482,0.727106539167257,0.798835108338622,1.2235215915399
pAF,5659,distributed_node_runs,502,1.29969131923415,1.64426734606329,1.18661595809884,1.12965803970065,1.97777359845903,1.26076708941222,0.811451239810055,1.63700649436835,1.61502190474027,1.14889372300492,0.610884797782595,0.758541658275218,1.38199020931088
pAF,5671,distributed_node_runs,503,1.39681814767968,1.5193702250825,1.62865519335592,0.652365493732329,1.38036092567977,1.58918206564242,1.43796148502086,1.87690106109252,1.23950067038639,1.58946400450688,0.503392297827825,0.957122435975442,0.553202602131724
pAF,5674,distributed_node_runs,504,1.01375243298938,1.19515577852926,1.67889709519203,0.735004732579046,1.73390968584837,0.737471867198483,1.95453324002068,1.00398917919581,1.04631039418216,1.59433863320906,1.10917179353033,0.97123224200128,0.714750101677855
pAF,5713,distributed_node_runs,505,0.859629115109145,0.811652792768727,1.99093557283856,1.20940898029816,1.05284075293137,0.504408506519878,0.895731213068989,1.65246246537322,1.20935857011855,1.72053925605181,1.02007658996977,1.10623295977128,0.906680937434176
pAF,5716,distributed_node_runs,506,1.20341194802052,1.04043291904464,1.78815266007997,0.732656078621832,1.84551204826585,0.932246682226286,0.51528502900653,0.957443590411605,1.69354756944503,0.780268125339995,1.97695098890558,0.651934022246163,1.3524415186081
pAF,5727,distributed_node_runs,507,1.14547237245313,1.20178306548986,0.578206508315703,1.6667464189786,1.70473676288141,1.58547486352822,0.834377686224113,1.22815888207391,1.25305447627994,1.35437120456805,1.62479296741602,0.837443716419482,0.663310923286507
pAF,5737,distributed_node_runs,508,1.03526611739316,1.27869546365297,0.711237299521224,1.14995712126739,1.81710441731288,0.744488716863267,1.35469043058309,1.41193949093206,1.17450014299643,1.00194390417802,0.93467331487382,1.64527137613965,1.73950788059462
pAF,5739,distributed_node_runs,509,0.819639678157897,0.973001109907173,0.844897214072577,0.694733463235594,1.4114602809882,1.47750191023466,0.986961235351139,1.35825612670428,0.959119834258263,0.64402943056735,1.67190491236791,1.67446291670536,1.67273909064571
pAF,5763,distributed_node_runs,510,0.807933584544803,1.42474481630746,1.39883842506167,1.02254625208455,1.60272553811894,1.22705325334571,0.931196909015075,0.96994698279119,0.575584665775589,1.38568282177206,0.856854971286417,1.91919072745694,1.48788669755298
pAF,5776,distributed_node_runs,511,0.917505867362154,0.60992046999098,1.10697969316929,0.779624763166966,1.23492264141611,1.45393077770705,1.09700362983445,1.86274352548879,0.89975246264702,0.579496544511662,1.21011678836387,1.28632813788024,0.502144254033865
pAF,5779,distributed_node_runs,512,0.85198401558066,1.1279093829381,1.05296207493134,1.88968178304943,0.981403453021946,1.07559107181153,0.833854577151365,0.771117246987004,1.42069809754006,0.915313378721411,1.1059791233676,1.25871595592106,1.34785783032089
pAF,5780,distributed_node_runs,513,1.18997179232821,0.905901889341554,1.66727630253573,1.18782188096938,1.54246865738502,1.61502718633641,0.77692693088769,0.556775289521325,1.64952039506703,0.551249648914496,1.34745456201094,0.813376258439322,0.976553650342659
pAF,5781,distributed_node_runs,514,0.93611890409958,1.15826842103004,1.79105259851179,0.730978363123322,1.75462961313763,0.970695796047406,1.15725019981455,1.12342712151662,1.24105896986488,1.29138840890726,0.539900887311318,1.14132872764947,1.2574599369421
pAF,5782,distributed_node_runs,515,0.650212027647211,1.35578516800115,1.8695575546119,1.08341729650025,0.586621141852102,0.945229580748104,1.90346884884685,1.61182713785185,0.531492177767229,0.623351066033695,1.3355368655701,0.575089697317954,1.88141293036481
pAF,5795,distributed_node_runs,516,0.707553605068757,0.949868242982684,1.84395131923298,1.07421794258987,0.807459336790464,1.00991776658009,1.51156901190142,0.966118237636862,0.731621394313882,0.907158495184587,1.16374487265726,1.19109650086467,1.01581841325588
pAF,5806,distributed_node_runs,517,0.796736809897332,1.0627644103629,1.15781223310241,0.967238862773875,1.24916294988828,0.817071472115789,0.724542720267866,0.993217675950418,1.15913657211912,1.25703968122516,0.820345502166891,1.95526238649494,1.03632773015491
pAF,5822,distributed_node_runs,519,1.18862756048151,1.03397731803651,1.96808694946682,0.902051336867371,1.07082477968448,1.02574374709981,1.95795328961717,1.72921298857205,0.840990896483102,1.92594744362251,1.68925498421219,1.18889907128966,0.72435722523648
pAF,5826,distributed_node_runs,520,1.06621384454391,0.929647954878231,1.53999922193121,1.82939551197155,1.28816679448479,1.2039688765414,0.887400114044807,1.22883000641074,1.29407005297203,1.00094536536131,1.00679032829501,1.24915053533699,0.703957920684508
pAF,5853,distributed_node_runs,521,0.85240700863289,1.63942617729686,0.940244210831601,1.30886199671288,1.48383789790805,1.33899841883916,0.981021634848904,1.24634534729542,0.922582366420321,0.71357327133396,1.0907970412314,0.60678723204402,1.84884986525451
pAF,5859,distributed_node_runs,522,1.33451071105996,1.07266128177663,0.66657842186502,0.783816224354547,1.35688933504084,1.84939796147726,1.29640879369307,1.75707587655123,1.91842602671081,0.639177216306107,0.758606318930376,1.10584748267209,0.533554029611369
pAF,5871,distributed_node_runs,523,1.35349579559535,1.58196483696489,1.53966433399551,1.53051380235579,1.08182940961804,1.56056886427985,1.95333173622772,1.38583444899873,1.3181549942947,1.91850494645746,0.603923501850166,1.40904293340871,1.1448172351016
pAF,5882,distributed_node_runs,524,1.48030830143438,1.75423186985073,1.9693608058931,1.37055018611892,1.66651174302701,1.17777789726379,1.46925761193396,1.8819952978838,0.796990978454455,1.72892717646955,1.46163641510818,1.2360436665724,1.63279149858377
pAF,5893,distributed_node_runs,525,1.11895025467983,1.50784105592455,0.718056867605706,1.1530189802472,0.914864486619494,1.16205489275101,1.21330437872865,1.81648113997973,0.799187818367831,0.915540396465323,1.89968196812081,1.7716674785549,1.28506529984642
pAF,5901,distributed_node_runs,526,0.971140035555761,1.68122462606372,0.52286430923716,1.85584910165772,1.53260279543308,1.96141520717967,0.697321684429345,0.948277186927014,0.780649150419202,0.898069204767183,1.4431641210046,1.07593988868728,1.53810799924113
pAF,5907,distributed_node_runs,527,0.706341048711886,0.857616997620916,0.767891369072932,1.97925093319015,1.87869937467314,0.707886995847716,0.984279904881215,1.61673504121636,1.0682651142089,1.17467189778623,1.19460745804911,1.7877357666176,1.11136942852507
pAF,5909,distributed_node_runs,528,0.783665713681042,0.914343264460161,1.98101802656636,1.5058368111373,1.35156373439175,1.43582066509359,1.60988608062853,0.53055838049671,0.669007506512282,0.540112992643305,0.527584817400304,1.15825921762646,1.0433512303014
pAF,5923,distributed_node_runs,529,0.676521994317364,1.16801933315543,0.500339516077121,1.37982416874957,0.590291052900428,1.20937262544808,0.629103488990081,1.79252150699408,1.23577974875467,0.758517566067223,0.668052390720075,0.576776977634218,0.813405840108421
pAF,5925,distributed_node_runs,530,0.58451882349905,1.72159367520856,1.51380963181983,0.898081290464147,1.08782087128385,0.822162760394636,0.983491144618592,1.24886501300571,0.677003608977989,1.41804469717344,1.28428071247219,0.652639973146672,1.92867706754811
pAF,5952,distributed_node_runs,532,1.25656574127919,1.49248611661027,1.04446296552598,0.586376899807493,1.37167148074389,1.09304726823187,1.74902516278775,1.26266475386406,1.36605671964232,1.576959881878,1.24439558511958,1.62743257212207,1.29656986062898
pAF,5959,distributed_node_runs,533,0.724055048889821,1.03592184277922,1.96494433424534,1.37183891031168,1.77761610436016,0.700772331347328,1.96244275816963,1.21870742148209,0.80460281486313,1.1238327239474,1.70498045956847,1.16273194838664,1.08104438526745
pAF,5991,distributed_node_runs,534,1.21434997118816,1.60654426241449,1.49279246494378,1.28554126815345,1.38916145925518,1.65066795015731,1.4875061481965,1.52408286630049,1.15680786929646,1.65804064531157,0.750765224210861,1.46104065112007,0.981012070166555
pAF,6009,distributed_node_runs,535,1.20717773565891,1.14686466312939,1.58079150863067,1.77018911635726,1.63810762859851,0.791129328612408,0.810088113145644,1.88773489865962,1.66943421540035,1.10087019259431,1.56856195119795,1.22162748435168,1.90247641634867
pAF,6017,distributed_node_runs,536,0.678139564156543,1.48760310645786,0.633737914379404,1.92196142578857,0.658337271998224,0.981591228032184,1.79130466758421,1.11092308930163,0.553617081298976,1.75653642317726,0.956198073907128,0.757111803812217,1.15596023306775
pAF,6030,distributed_node_runs,537,1.04289845643881,0.953653722915031,0.528299062640946,1.44533421472796,1.51144443818502,1.36262798238006,1.80827951546524,0.686560185021255,1.59453793634136,0.766080928367337,1.29890288603161,0.545199859895662,1.38719537518488
pAF,6034,distributed_node_runs,538,0.949344992742429,1.29345582033299,1.32830547513805,1.63525706868107,0.566261953950509,1.32243090941526,1.01349693056297,0.77884684713621,1.56174098141166,0.958847270411107,0.641519699998637,1.94517850920709,1.92474458127558
pAF,6068,distributed_node_runs,539,0.663345601850569,1.12015037318809,1.68473526648918,1.32782933670718,1.69373237191013,0.68341960967934,1.77057822979523,1.44315059058367,0.839432870543698,1.48187762534077,1.63768821798358,0.617382307156856,1.56288075928917
pAF,6087,distributed_node_runs,540,0.717502268866517,0.790579920985021,1.49034392426867,1.25906547429246,1.59191214096357,0.840407655678549,1.70605428505668,1.78095783766185,1.58536310823373,0.546856549179236,0.791185539308775,0.69478112143598,1.57926342409663
pAF,6091,distributed_node_runs,541,1.30753808825957,1.89223888394437,0.573281192655214,1.61011249969819,1.17105694990179,1.9606389642756,1.30816475706943,1.68799537649499,1.86944710339092,1.81300770845071,0.582718735733662,1.02280294223798,1.36778020612226
pAF,6127,distributed_node_runs,543,1.29746717687447,1.53975734455215,1.38509208856614,0.562344336076375,1.55207090959672,1.54722720630324,0.989635339054623,1.26305532798441,1.6156537046771,0.929623412003983,1.93960338436149,0.575991907874461,1.24257923941306
pAF,6161,distributed_node_runs,544,1.43568990058207,1.36948715755371,1.95532912818409,1.83038431506781,0.885647054380959,1.85458807186626,1.28018522143885,1.78081258474948,1.33289396756008,1.61323931998362,1.16749032782414,0.790580422407094,1.67010890186177
pAF,6182,distributed_node_runs,545,1.30841080290215,1.4229045870526,0.60055680817406,0.542227675191469,1.73727946137542,1.78739680730461,1.63893568004271,1.58198270279056,0.612845930300305,0.993425913667007,1.41878220481337,0.792716538582772,0.727336110384877
pAF,6197,distributed_node_runs,546,1.3815149211947,1.03760194866673,1.29974900038977,1.56325681511445,1.02892490777374,1.56473782405662,0.868765058738107,1.87766951761474,1.60989154815352,1.53168750849812,1.70397940596376,1.29871731563546,0.70103845130182
pAF,6205,distributed_node_runs,547,1.11801687789095,1.56098247020991,1.62746517200862,1.04540834602297,1.24360044735504,1.57960741800858,1.93949607674394,1.40197694333325,0.679002405610952,1.50318555726025,0.846468769026159,1.24585793929608,1.45013421334225
pAF,6219,distributed_node_runs,548,0.689016601857217,1.02887509079366,1.48989393289092,1.28129606412357,1.08766859892233,1.13392409696749,0.798550450846531,1.69337992427147,0.900840006733908,0.677914195847651,0.780890066570589,1.09159501894865,0.785018546336981
pAF,6244,distributed_node_runs,549,1.12830260590516,1.47005420551652,1.06096828342921,1.1701347434568,1.88680685735058,1.17235023453552,0.748461733010905,1.59035661978042,1.1184840777903,1.19963449930662,1.05583649357553,1.08542424007075,1.24512241105641
pAF,6259,distributed_node_runs,550,0.974938484617625,1.01153672525125,0.518145780668372,0.816352380132439,1.71504831847136,1.27386279277923,1.16210934242713,1.16827566161572,1.246185223465,1.03070404207382,1.38032782984256,1.57459763026521,0.700055886955084
pAF,6265,distributed_node_runs,551,1.27569843752482,1.16570190364314,1.67430857423249,0.898881507203525,1.90142248860995,1.54081531182789,0.720359248147824,1.16947330531981,1.81523277205966,1.44210410560482,1.83015477463849,1.22392356801574,1.68059539836859
pAF,6267,distributed_node_runs,552,1.08059265243247,0.532219521520985,0.736726741760428,1.04410109457177,1.41543953774426,1.72150121483656,1.41520384317789,1.44578548610429,1.60350873527545,1.10924828093176,1.63223961983876,1.90140313130336,1.13755648260527
pAF,6270,distributed_node_runs,553,0.698337719372684,0.623939572668739,0.805954857491309,1.69371818748287,1.48533569211547,0.519869475487994,1.55767682180814,1.03130107569372,1.38998088179748,0.915398755642251,1.22609515172741,1.41505665549065,0.762224718002786
pAF,6279,distributed_node_runs,554,0.92039540206064,1.03755591919294,1.46949672428564,1.00764849054865,0.674184239898207,1.82396872968326,1.19583872099903,0.674579323867192,1.14993035282015,0.929331732257611,1.901687013431,0.6225251049404,1.11200499727121
pAF,6284,distributed_node_runs,555,1.17579786867903,1.31369503048328,1.07425239753988,0.555248336746555,0.574279656301535,1.91475956123923,1.49654144988332,1.64240474435654,0.870666837965087,1.7622113805764,0.592719144139171,1.84956339552857,0.540591861315024
pAF,6295,distributed_node_runs,556,1.2492685742273,1.61843465669428,0.943785715020941,1.08670333055381,0.97530282735879,1.91519519528444,1.21825094517703,1.72718223420568,0.52645789950556,1.10731437442431,1.312505800089,1.92503893033264,1.93946913252815
pAF,6299,distributed_node_runs,557,0.813918268439043,1.24208208916495,1.29706642196979,1.34877274725157,1.13307652579246,0.785562908752936,0.686025676989998,1.43203409457899,0.563873903649697,1.52718241788063,1.5297714755975,1.43819356154729,1.00645247698411
pAF,6304,distributed_node_runs,558,0.756025937645751,1.64139684101185,1.22794917205547,1.07672583779816,1.42676333580148,1.12957635860697,1.33674534466751,0.75253751145207,0.802586455572409,1.0538434754395,1.77673993666173,1.01667596612676,1.80566379621051
pAF,6324,distributed_node_runs,560,1.02086307598817,0.539453827124828,0.846974962775706,1.03660604214841,1.22299590534821,1.52269190501035,0.630334935140272,1.954915086227,1.69251589137031,1.04788613062302,1.94788250310739,0.998853621609671,0.533787453322005
pAF,6364,distributed_node_runs,561,1.24132555818898,1.27264631729588,0.839129835159041,0.855186433386971,1.52944956805467,1.80144447061423,0.599207555877925,1.76409991468585,1.57007638719949,0.72268330165801,1.46981701771927,0.595668548292054,0.995445663011813
pAF,6368,distributed_node_runs,562,0.983007675795554,1.52753034048561,0.699843767688578,0.514309422971642,1.34293587359358,0.660431714246383,1.53834368853872,1.86335730867215,1.0052323345181,1.71917488053407,0.66204747545916,1.0840093669591,1.03836359417654
pAF,6374,distributed_node_runs,563,0.83004727350071,1.25960981821741,0.943897707317215,1.08253884737023,1.72082934294942,1.72965815325434,0.974190243620299,1.82730652979324,0.555531249124495,0.717850819739177,0.803455688616239,1.72451041012054,1.46803695335003
pAF,6377,distributed_node_runs,564,1.15030913253497,0.953781698467095,1.61759779089008,1.8501520722751,1.30504633601963,1.16851257724786,1.95491556453717,1.46563503758989,1.14173384703116,0.759388520978513,0.851649033070754,1.17158092984782,0.650417973815454
pAF,6378,distributed_node_runs,565,1.29096318835108,1.50634540735446,0.752560652622405,0.545784722246495,1.78957745229956,1.43727908627602,1.53419629904473,0.665758340950243,1.38362632796979,1.49861891020934,1.7110456312404,1.84639663692509,1.61965305533187
pAF,6402,distributed_node_runs,566,1.30889964545251,1.87314844266829,1.88358893976928,1.67641758417471,1.26485863768809,1.51548881647371,0.738308262797952,0.910811882268438,1.13497607493667,1.78107350703918,1.97458344325938,1.84056814872201,1.41151788659928
pAF,6413,distributed_node_runs,567,1.47583026240921,1.24515697818711,1.10784318667495,1.66400658176492,1.96845941277107,1.72782424531932,1.23089688980415,0.963037659971852,0.852728293841867,1.42982810419141,1.68990537512637,1.55571943782207,1.1145023339158
pAF,6445,distributed_node_runs,568,1.17404082576361,0.695236281136438,1.51403103077971,0.805155151025918,1.32697014531382,1.86390342689972,1.97533845764286,1.82399643459537,0.986709511920643,1.44505970016273,1.97126810645695,1.65052678607856,0.5979524081246
pAF,6456,distributed_node_runs,569,1.22126060009479,1.57032455101278,1.33492797233916,0.532448400364527,1.90227885882003,1.98908699382095,1.82984612243635,0.697788593587544,0.501421796572307,0.85829741409314,1.97859487473178,1.40267806789748,1.4095220721594
pAF,6488,distributed_node_runs,570,0.912549545666456,0.750913057565493,1.35746922765469,1.66257771494186,0.592702326104155,0.838701258561408,1.91340882979711,1.02265620368389,0.573021818761573,0.710965356326593,1.96841250140955,1.80711215468906,0.890228738868324
pAF,6494,distributed_node_runs,571,0.812487622361039,1.65669512111939,1.548012120864,1.99863051031028,0.764827352205018,0.560512166385507,0.877784018437429,1.2663524169701,1.07154823717037,1.10608249382705,0.988495677240834,1.29470843000426,1.58068683277856
pAF,6506,distributed_node_runs,572,1.23016062703673,1.23093801087313,1.55679226034048,0.886373340444314,1.94177309215601,1.05111393398892,1.71842857030045,1.41401664286042,1.24939988181218,1.35408600552044,0.65336469710608,0.552844811098375,0.673957739235062
pAF,6518,distributed_node_runs,573,1.40122118834775,1.69834134469535,1.98534401771739,1.29582150651413,1.51781624483154,1.51480755506439,0.781209309920834,1.9369396003518,1.79132196104496,1.16431409556954,1.18165897488756,0.811813597790002,1.71574717893808
pAF,6522,distributed_node_runs,574,1.08286126471988,0.914545488412774,1.57414859573418,0.72865570305222,1.1456660095315,1.05849512669203,1.8819632794738,1.159061203732,1.88812560840453,1.99601325487761,1.45270795911221,1.64772438612647,1.83970295322025
pAF,6562,distributed_node_runs,575,1.21631684730352,1.58876448820465,1.23178780835473,1.36851891830211,0.583412929085607,1.45655122644762,1.37230557158465,1.31781469773525,1.31411391681119,1.0951205083331,1.50650160068329,1.64614194893838,1.72073410853363
pAF,6563,distributed_node_runs,576,1.29224126144139,1.68960684731721,1.42935243087876,0.791483326857533,1.52223331568204,1.20349520366452,1.97907104311583,1.82560451152074,1.68279770183955,1.56432716145709,0.644261153193192,0.51315901101113,1.19619059831805
pAF,6571,distributed_node_runs,577,1.15925842536156,1.81273407145765,1.73294468451922,1.54687777449695,1.43014775427882,1.94737560927235,1.56999635952389,0.946162936541831,0.525405897751199,1.55777994132319,1.36655254394867,1.57820627968406,1.79919077090843
pAF,6577,distributed_node_runs,578,1.06473038208552,1.20151383616473,1.61630257754848,1.86381301142206,1.81059794729291,1.20744414795523,1.22321409972871,1.10294756358246,0.978553428694524,0.897871122926361,1.00152996875703,0.865435018030655,1.64434147409277
pAF,6583,distributed_node_runs,579,1.02150197619519,1.46228733471482,1.0298649890387,1.15333018371342,0.52812248692799,1.55494508063692,1.09072238896837,1.65002300799941,1.41839420826429,0.581460481294761,0.623769078005379,1.07197643537792,1.24060917194382
pAF,6638,distributed_node_runs,581,1.07687014911385,0.583757107785271,1.63847718892809,1.83157551291206,1.39746411255137,0.581304112921636,1.88900488248395,1.4063190716105,1.34645684970805,1.04633776000633,0.548830171369869,1.68248630666285,0.872962491624114
pAF,6639,distributed_node_runs,582,1.15854490350408,1.03472882105928,0.686928411324983,1.44547270219981,1.23540004477025,1.5930916915776,0.623793465488764,1.86009771257122,1.75762514338759,0.831728788821134,1.65478846900101,1.19229506704833,1.18995725183165
pAF,6648,distributed_node_runs,583,0.845322069007947,1.41324429889064,0.583572304935149,1.49051119060447,1.38200280067438,1.03661211031569,0.817226454723061,1.33682889332819,0.579317771454687,1.75053944971073,1.53605610574768,1.23335141300012,0.757857444847047
pAF,6660,distributed_node_runs,584,1.1289409358356,1.64768941637669,1.52367849089039,1.08842865660159,0.658483961944713,1.06271482715522,0.80966701879674,1.66127881245628,0.633752879683103,1.4606824246497,1.95384081460423,1.38965737941977,1.43734588453062
pAF,6665,distributed_node_runs,585,1.32213968350702,1.93397399445456,1.54382977453147,1.31236595895369,1.66920134219328,0.668094205433451,0.549408093223495,1.75179028412746,0.705486511726469,1.32376172771728,1.83770441006286,1.27521346527558,1.19444227556732
pAF,6672,distributed_node_runs,586,0.929531241973536,0.578942435434542,0.863831829021013,0.603191795469738,1.02554996889855,0.918485384540977,0.948062111503817,1.46444583307793,1.77886874250576,0.773212219643664,1.03063324072665,1.94365448546561,0.859779901049016
pAF,6690,distributed_node_runs,587,1.20848748410087,1.19965946145132,1.94044602966977,0.836752267106917,1.57871915764003,1.06030768636421,0.97636361245749,1.62338272322377,1.62842105319014,0.990602044363957,0.5119215676144,1.38222731608186,0.702059631038539
pAF,6713,distributed_node_runs,588,0.732614469148969,1.26712109049082,1.46813570749003,0.620331091426613,1.89737173455045,1.11419167817928,0.970936919581582,0.679140273461228,0.592193020349224,0.581612216503631,0.62711104941985,1.6133576591267,0.94809726699658
pAF,6718,distributed_node_runs,589,0.821982620880619,1.36694597551708,1.46788641290121,0.851061506680853,0.899540964648796,0.962314612403562,0.852226071440292,1.49097008015129,1.67415038246039,1.18822326997805,0.700412447137335,0.512397141692787,1.19013651577801
pAF,6768,distributed_node_runs,590,1.02855282247033,0.873275699768456,1.7796136726461,1.39720948392694,0.887406644393397,1.32387942026176,1.59396411366969,0.935216970599522,1.40971080690258,1.02779795146372,1.26660796798882,1.88928967996064,0.777305659515122
pAF,6775,distributed_node_runs,591,0.680024689681998,0.896610898478119,0.961444863254838,1.24865149755007,1.47338931115195,0.531925260714823,1.82490624921027,1.95225281495083,1.68188368889746,0.959158048699595,0.555547848562183,0.773554095307241,1.28753813541074
pAF,6776,distributed_node_runs,592,1.17603217195926,1.16414976640139,0.703234051003516,1.42958638808492,1.14691665022405,1.99591256014359,0.786075133734162,1.40441498474165,1.59457913546904,1.2924657904974,1.80739685136374,1.39579078501179,1.5521064264372
pAF,6787,distributed_node_runs,593,1.44220042154069,1.66412358492481,1.14442500602449,0.85168397674774,0.663122683274547,1.69364271126425,1.16612797574052,1.70044404525447,1.26442811306866,1.87787209417423,1.76329350427675,1.50240718547452,1.96770091553584
pAF,6795,distributed_node_runs,594,1.08026383301663,0.955469597897013,0.855493433275287,1.13226262221094,0.565719414738755,1.73460785013893,1.82114922472297,1.91772823408717,1.72995548579513,0.965843583413637,1.91621160090279,0.765068780048934,0.828791461809202
pAF,6803,distributed_node_runs,595,0.659272480053604,1.68459748162913,1.11387418957121,0.844611523422786,0.678434044800655,0.869594440426749,1.26010241799471,1.37574881399047,0.639912200181292,1.14150072418408,1.32240615063893,1.15138186959006,1.26156925148989
pAF,6811,distributed_node_runs,597,1.33587751466791,0.843634228875363,1.49766032458449,0.582795543947951,1.94309556379155,1.4476699040495,1.63959834498942,1.06078814180436,1.57631279360789,1.02354820031344,1.05642864570447,1.99410505139049,1.35145152255624
pAF,6817,distributed_node_runs,598,0.859394746132492,1.23898407561428,1.5845950990805,0.529796067325412,1.70627208293902,0.627215076262125,1.26665837038743,0.974340001312618,1.41312632110561,1.92250883694222,1.60469562669095,0.641026986501746,1.57354565719364
pAF,6828,distributed_node_runs,599,0.878194609671866,1.6974964912855,1.62682438557498,0.941246286394264,1.9450250900097,0.690110721586233,1.09670302000665,0.684622348216504,0.920191617280286,1.26136957208247,1.81880765523322,0.712906583151298,1.24106607140106
pAF,6831,distributed_node_runs,600,0.80774296325432,1.62411379056489,0.741642555538453,0.805552530387223,1.00139495520731,0.839242290235929,0.837315759430033,1.93728095686785,0.624985076636288,1.15031017135947,1.51903133893066,1.26816895326467,1.3193635784036
pAF,6851,distributed_node_runs,602,0.735704093304332,0.712196771043613,0.783410184192306,1.6081891257599,0.510066245152196,1.55499238198232,1.0316965567318,0.651652073754633,0.935586436860286,0.894821049611003,1.78138143581898,1.41749105155146,0.843197679561178
pAF,6880,distributed_node_runs,603,1.26744665495669,0.861465918396981,1.08966503196718,1.94099746889023,1.41655219332536,1.62201817623916,1.37424300389772,1.41968580519862,1.91489449564622,0.659874064762067,1.08002863552217,0.622212860370219,1.18839670927496
pAF,6886,distributed_node_runs,604,1.19212781904826,1.36087638089155,1.42671061909103,1.11061283177934,1.99911102812625,0.886300489825899,1.79403397718226,1.80113232597052,1.18072420878661,1.71778285110659,1.85727582474876,0.965126494468874,1.72770249160165
pAF,6890,distributed_node_runs,605,1.51204614443245,1.38414378142747,1.17873715830101,1.27788856592404,1.56517715087813,1.75324010118066,0.920937683421157,1.98042574351204,1.24428436621233,1.27500693256319,1.91433318437843,1.25951448941224,0.745529902541124
pAF,6892,distributed_node_runs,606,1.42865864220311,1.37543516936051,1.1717884830609,0.801941622546591,1.91817071009122,1.1290618249872,1.55927433194371,1.42101858862124,1.03216811828004,1.77847382224188,1.81128923063396,1.45188363666275,1.1856743777823
pAF,6906,distributed_node_runs,607,0.948064526789272,1.07436021346031,0.653480639085898,1.62851598950824,0.53960940073808,1.35942327133075,0.970023251962962,1.99371156723551,1.4796109994964,1.21782236190545,1.80639031277386,1.7235050321171,0.682799662979755
pAF,6909,distributed_node_runs,608,0.550655674512802,1.0590660908681,0.502657118144554,1.15703372130512,1.19411757749382,1.64136719336013,0.918029202724316,0.818105591465782,0.842105790243334,0.784588164315382,1.09265118868185,1.48407416183361,1.45066673570913
pAF,6918,distributed_node_runs,609,1.02021847956806,1.1671173902415,1.68672706776769,1.45873457142503,1.89882233347905,1.31836573996099,1.30864678899622,1.69171110056275,0.833067024646823,1.39593350758599,0.785231817285131,1.97443161425579,1.03573481382747
pAF,6924,distributed_node_runs,610,0.708414419157269,0.906169557755355,1.29111030545361,0.806312272299976,1.61680871218475,0.901618567364537,1.30004341970635,1.63506516498994,0.664692295540799,0.68596743373757,1.21713935224847,0.524609664176327,0.823077646237248
pAF,6926,distributed_node_runs,611,1.06514236457959,1.68840652410646,1.88240496380224,0.760357017701838,1.92062332303418,1.17858511985565,0.961288340265116,0.871714830577092,1.01908015620106,1.48338065461608,1.43660315946423,0.744552530633098,1.45501581377582
pAF,6933,distributed_node_runs,612,0.834951591266523,1.27550730079078,1.14365783238232,0.837617946647806,0.700550650582771,1.0472775902204,1.38036550907039,1.13929286399742,0.668347862898695,0.740085217783633,1.29273184510339,1.72154183942658,0.941084248417974
pAF,6977,distributed_node_runs,613,0.956933525273959,1.13286391577724,1.25761162571871,0.556852877148022,1.01640903508048,1.90244235346361,1.14067097185699,1.67424960509897,0.630290590232901,0.704337699617443,1.01701461388036,1.88805134587455,1.59225298851765
pAF,6992,distributed_node_runs,614,1.34643315765949,1.68384665190568,1.13132126175153,1.93340077030942,1.04976796589191,1.55651267624169,1.68522920195137,1.56138718844239,0.915903193539861,1.36051525848457,1.2117000129741,0.779272868185784,0.810058308091983
pAF,6993,distributed_node_runs,615,0.808147002587664,1.16948187073166,1.93176802668508,1.4684367872336,1.06338043654021,0.666526309966873,1.28999617443464,1.56005343610979,0.94341691092004,1.99452460549309,1.28771419721976,0.530599553312162,1.15054616262496
pAF,7018,distributed_node_runs,617,1.13279199297211,1.4388480982426,1.39256734263186,1.65939375130626,0.557550392912768,1.98795596812548,0.703509189129134,1.02483729684962,1.1660857728566,1.05708362454869,1.28948014896593,0.997782581717131,1.66641005968081
pAF,7028,distributed_node_runs,618,0.799065011142025,0.902112086821805,1.16383127241747,0.542989606353781,1.42040590980223,0.757782159551082,1.15280361647327,1.0291971770476,0.96072716380618,0.782142681517493,0.511224621660558,1.63932232939518,0.846939720250288
pAF,7033,distributed_node_runs,619,0.948947258468091,0.720993998045765,1.82229535441116,1.78070543782216,1.24850572590296,1.18405118320292,0.63510467454302,1.67545078252105,1.46202162015481,1.24428004045881,1.84215809232992,1.37292074190543,0.5384105191281
pAF,7038,distributed_node_runs,620,0.823055899917994,1.31192290005041,0.837664219636634,1.43603410601319,1.53203962040858,1.64095849893145,1.98772422912049,0.610555276221681,1.22958888902349,0.68062274327203,1.07626214883149,1.31552620703403,1.9066992401001
pAF,7039,distributed_node_runs,621,0.957510177958092,0.922641143408196,1.86381302336523,1.0230957948814,0.585741534732923,1.19845879985499,1.50689753008185,1.27395194594662,1.39948869862648,1.06037435420322,1.17529843102672,0.564098875676496,1.03612066245267
pAF,7050,distributed_node_runs,622,0.63315166538934,0.73336313204866,1.98059973560152,1.86256347450793,0.58304273118321,1.41290694139464,1.38273389333494,1.0496056754732,1.38866344778384,0.627756613799325,0.933712212785124,0.570628936962721,1.16932607372735
pAF,7073,distributed_node_runs,623,1.23581465376506,1.21411523176583,1.64628461903351,0.708424652259396,1.92548864232757,1.57580651666669,1.54464417812996,1.35129603889383,1.38023223530605,1.87477947568215,1.50448766022263,1.0636633476569,1.70555088688671
pAF,7092,distributed_node_runs,624,1.21379778467384,1.34508333554842,0.907026744787247,0.742409485542041,1.12860228756015,1.96628674980472,1.95103335609651,1.63261512756378,1.11613148901351,1.82325771817182,0.794803531503644,1.00891074886995,1.0222795538366
pAF,7099,distributed_node_runs,625,1.01189776625219,1.63431687749719,1.33853815249208,1.31017989486464,1.65481899639362,0.732842123812638,1.24199748980567,1.79005519143581,1.06063115689497,1.5096309646034,0.551748185703315,1.5240440912481,1.18139492584203
pAF,7101,distributed_node_runs,626,0.601247711880674,0.99916411979254,0.695309047284073,1.76822545172851,1.73602367060026,1.26788750270708,1.74515273333485,1.36764586713826,0.840691630001519,0.659986057579553,1.09871657101241,1.16412478894197,1.35422558200617
pAF,7115,distributed_node_runs,627,0.817496816507367,1.24443177513753,0.515997626923764,0.764558351820946,0.855764514536858,0.845307578397506,1.89565284392276,1.5221009190214,1.54846725267479,0.671170844434497,1.02390069552933,1.22003077263594,1.46627188011779
pAF,7136,distributed_node_runs,628,1.29159419692303,1.91563754784091,1.33846102972678,1.996878051327,1.18057455207267,1.75102038352466,1.86832079363351,0.933610567939265,1.16190814180768,1.81211581030169,0.561149341707589,1.40391841203594,1.92890086485951
pAF,7142,distributed_node_runs,629,1.32088562544191,1.25437930538645,0.925603888692609,1.09718055615291,1.23000424892291,1.0723678140755,1.92561955428127,1.4360247157526,1.7358275781127,0.941534019012441,0.865969783531217,1.87319921033271,1.61054578485873
pAF,7154,distributed_node_runs,630,1.07471113001346,1.48242030526514,0.527020663015956,1.69440924054348,1.07680273645655,1.1384114102599,1.64628620183596,1.8860582912919,1.24822995816365,0.847775156461765,1.60090942178611,1.5723803166696,1.85073503081049
pAF,7162,distributed_node_runs,631,1.23639802287535,1.35046836600104,1.05399606317169,0.949017802171612,1.56686840458827,0.840182148110817,1.05677100442717,1.84133338034059,1.80648562274092,1.80252030333737,1.97814506276334,0.754649208785738,1.95094137259103
pAF,7164,distributed_node_runs,632,1.11740887388309,1.55724251519659,1.44581844480036,1.98913250314956,1.5228254312424,1.23031259415551,1.0974136250592,0.992227023865636,1.31561482752707,1.39723952325737,0.988850085409589,0.524773219246827,1.86239231549847
pAF,7166,distributed_node_runs,633,1.1771673182595,1.40361228446946,1.3485678683918,1.80613513022364,1.95187523650748,1.38500380204227,0.702985020080855,1.8519740551396,1.12245769426317,0.71644398728609,1.74890294151798,0.822232362480929,1.51782644817503
pAF,7198,distributed_node_runs,634,0.830586863605049,0.568172952098303,1.66011906591077,0.813841931993891,1.89605488941272,1.53284925490073,0.56857256028663,0.788324813893847,1.50623138061968,0.669187457518763,1.55641451392791,1.13270684481815,0.529236908094398
pAF,7204,distributed_node_runs,635,0.844887773772853,1.23032710221934,0.89445054176928,1.67739921572473,1.47705316550904,0.766222312801674,1.9934995892204,1.45716430003726,0.999205858960576,1.3934586628383,1.69917978533339,0.663909666275018,1.79413232762968
pAF,7209,distributed_node_runs,636,1.34684551183427,1.53134950098292,0.724667349293694,1.10957361990042,1.30198072614518,1.43505317792044,1.65363703464092,1.44915721122037,1.76434039530875,1.62787827102765,0.797305391022572,1.52838239568346,1.92027874195641
pAF,7210,distributed_node_runs,637,0.970980523568054,0.859046949425812,1.50040051260289,0.98605811581931,1.74699125278826,0.904533550152591,1.17303482865545,1.35545678095562,1.06041236684645,1.19022813299908,0.950559179575831,1.39500564890071,0.531007766810842
pAF,7232,distributed_node_runs,638,1.20535721823725,0.766525417648633,0.75293086586025,1.47966505002856,1.34686308420771,1.95285170842238,1.32102129994991,1.93050904848765,1.87251669098379,0.904304419342749,1.13796258934166,0.602621368794844,0.760129930974828
pAF,7254,distributed_node_runs,639,1.27562235392718,1.51944134217089,1.76919797748832,1.45755035089986,1.56505866352894,1.69672752292148,1.41780272605081,0.779777130814005,1.01481265141348,0.981512716095687,0.803061903403368,1.72761617630557,1.8134252472919
pAF,7257,distributed_node_runs,640,0.950915620046011,1.55342119420735,0.842604494123086,1.26882796381511,0.791875739232601,1.34629651776766,1.601762797464,0.99248389769352,0.503319283576716,1.45556064429057,1.54688962754627,1.73195005449805,1.13934503588096
pAF,7263,distributed_node_runs,641,0.703406122640389,0.521302730752948,0.993752418315029,1.56123293796248,0.689223305323891,0.568533412573102,0.923169044057402,1.41337809605873,1.36466798525215,0.704492981850336,1.13272434062387,0.795115702993828,0.597361222694338
pAF,7291,distributed_node_runs,642,1.33926176109692,1.79826609033896,1.63825403466684,1.63243656442767,1.87828688176708,1.4449031796869,0.805595419961878,1.9878140654292,1.48902781838201,1.00988219684292,0.714993464913601,0.620952873862283,1.42219012418466
pAF,7322,distributed_node_runs,643,1.13988075676141,0.703974499383074,0.962281532514444,0.947051775911443,1.65563627437274,1.30613763846494,0.519460699898732,1.10915079701673,1.24321365705004,1.06090444088924,1.71531339790243,1.71137968902355,0.572274749826089
pAF,7327,distributed_node_runs,644,1.65395205507104,1.86225907145055,0.949539019648991,1.30943040365595,1.94698354644684,1.97514799989285,1.61723932025875,1.29169121131864,1.26895182918997,1.67909572783215,1.70068690713668,1.1215873550213,1.60172659010404
pAF,7337,distributed_node_runs,645,0.951796243822534,1.14752176808539,1.40999310644832,0.826604041237955,1.23290432291933,1.60038663791819,1.22656169691491,1.6514321533013,1.41572554399374,0.87649914551009,0.969605664773658,0.520568751435143,1.23169867312725
pAF,7340,distributed_node_runs,646,0.79792641088136,1.03254807453222,1.46111768724337,0.58764918348571,1.21323313803673,0.892439315968001,1.3794331283097,1.79725486912536,0.677480703738264,1.32071979771401,1.24697847619103,1.98837779115928,1.01686668839226
pAF,7355,distributed_node_runs,647,1.03371138196724,1.48696324849478,1.56449478202404,1.57040897881029,1.85479589636933,0.755201727394134,1.07276267033143,1.93846801803127,0.790903817554434,1.34433370850118,1.04018538160796,1.97232778401032,1.52022798396546
pAF,7362,distributed_node_runs,648,1.39148117787954,0.914142457893525,1.47862035005407,1.02730343677193,1.80227331498041,1.08918066963716,1.22419757682807,1.80402457860355,1.9567273059071,1.31701003219565,0.911775258436541,1.47225257558217,0.630637305459672
pAF,7363,distributed_node_runs,649,1.14762331044114,0.95171239178866,1.36920716758567,1.94937095247694,1.14972358624374,1.56775214938311,1.81485017301211,1.96132925113894,1.24753065097465,1.07926600395516,0.637950180747984,1.3835158707411,0.532004768503116
pAF,7368,distributed_node_runs,650,1.34656999414185,1.88198238635672,1.43132069841439,1.36510381402078,1.40616394488705,1.11493749515836,1.46003573863899,1.46924834915332,0.593948763122922,1.74957068404224,1.52724839757569,1.25140917115876,1.70188665544385
pAF,7371,distributed_node_runs,651,1.19844572781911,1.27838011284693,1.96024615820637,1.47870566172795,1.34229246154955,1.32893056978646,0.709725934746529,1.10459091661771,1.80750392886764,1.81450401520305,1.56466480747792,1.24028791610825,1.66511042915635
pAF,7391,distributed_node_runs,652,1.40811853946686,1.56720769981359,1.46827276593013,1.48124004154178,1.78217396804652,1.31745965239361,1.3490904877857,1.72639464344334,1.3158141108779,1.55782500166698,1.05943571895623,0.823704756917496,1.32124442484849
pAF,7394,distributed_node_runs,653,1.08377640948295,1.09259702761791,1.5549857004579,1.63666936647156,1.18646609117568,1.19272844592452,1.57321179217175,0.806637940455468,0.859524818702561,0.891891254626157,0.538478955766274,1.93782750472578,1.14653194470846
pAF,7404,distributed_node_runs,654,1.16763932333284,1.12548090331257,1.69770585267307,1.46686633435841,1.53594709839747,0.598161373418415,1.25151086867446,1.34145891959488,0.58818754702391,1.05657897428047,1.88329618149763,1.7109113566496,1.19205916242543
pAF,7422,distributed_node_runs,656,0.634715572083799,0.878400537242616,0.680666611254539,0.543827971720903,1.47237236438367,1.00061367655309,0.906971453759101,0.850700779780718,1.75232464208679,0.677079118929557,1.71019330490744,1.22840289435186,1.38949988028841
pAF,7428,distributed_node_runs,657,1.21356580190387,1.25260358418651,0.974264477697535,1.29516828669205,1.74425707838229,1.50207032679091,0.971453086348815,1.41569567420324,1.34428477089392,1.55453090503539,1.20436042086991,1.28961510330713,0.880923160060514
pAF,7435,distributed_node_runs,658,0.882762236004557,1.28196476101824,1.11229218012395,1.26853996681375,0.739904481014859,0.784703330104516,1.19073466498155,1.91368220904345,1.08306522657926,1.99566960094668,1.42725010120677,1.5345585206811,0.642701195369569
pAF,7458,distributed_node_runs,659,0.612386545494195,1.09687061407359,1.22214200846011,1.813265571508,1.84883178226509,0.84146568937337,1.99305196741889,1.52343890865178,1.14779701726414,1.05166973860096,0.596006421558159,1.16154621680802,1.71304908793261
pAF,7473,distributed_node_runs,660,1.5136869342042,1.72470576709347,1.14431240897034,1.83406525856432,1.70019688533981,1.88816386238947,1.80976361801517,1.98351105246982,1.21154335530866,1.98196531949411,0.54522532496425,1.47424171880304,1.84744678583442
pAF,7488,distributed_node_runs,661,1.38745233821537,1.91516770872358,0.836252180890987,1.03820321372182,1.52113404965659,1.47027649794537,0.874860806478801,1.25066043454092,0.878220689041555,1.04578595573461,1.51153998998665,1.98674814683592,1.38157170368296
pAF,7490,distributed_node_runs,662,1.09305322949902,0.924789740732187,0.737331987621795,0.599660516897634,1.88776652389892,1.34252798097058,1.20581572089584,1.65877472144273,1.83971931928952,0.700666242454124,0.959767851066058,1.1544409596421,1.65215002709713
pAF,7493,distributed_node_runs,663,1.2056956081173,1.04121367352049,1.72450275681905,1.83538562143992,0.641225321314745,1.43745770534238,0.635958063430541,1.16224707840581,1.46261002612755,1.16260059799015,0.644763793763333,1.94430345829926,1.61087663958488
pAF,7498,distributed_node_runs,664,1.49312844286054,1.49860981616909,0.941214145478798,1.7888950301511,1.89566629661687,1.82682544448817,0.952898001968991,0.653395495021005,1.31861680606377,1.3438707148819,1.57624612637991,1.90492591413901,1.94038785113542
pAF,7523,distributed_node_runs,665,0.737174521588531,0.655042503584043,0.850390587529419,1.44834435394214,1.13939679459675,0.520905898207228,1.35920218147204,1.83805799208933,1.32823072461283,1.2608130519026,1.65334076433645,1.23182628052672,0.546160509030021
pAF,7525,distributed_node_runs,666,1.0449760906755,1.3230776767261,1.05393097053536,0.600692088553651,1.02376530336795,0.733788653748403,0.956923323574356,1.58831879757369,1.96033712443105,0.874535697944006,1.8812587296338,0.739037235514167,1.64440891717912
pAF,7541,distributed_node_runs,667,0.951056253751118,1.25017168765625,1.19159806601573,1.57667244938944,1.08160597921279,1.4341432096697,1.03852998375914,0.885110313847966,0.916861125862026,1.14893131644487,1.56663762400168,1.60446893495819,1.59052885602508
pAF,7560,distributed_node_runs,668,1.31930253709622,1.46899370907051,1.00370558442872,0.580829927743803,1.66372069574943,1.94240297493331,0.988409309507557,1.53104550345639,1.19198266981354,1.03027849143652,1.83684191265523,1.70782112569411,1.59434188719387
pAF,7572,distributed_node_runs,669,0.572661386332129,1.2634945642276,0.735552986461685,1.07124080536586,1.47632437573401,1.35226236772912,1.53187241702267,0.917445938428452,0.573574279194013,0.758142458703141,0.547076646118098,0.697667716324854,1.22340640077747
pAF,7592,distributed_node_runs,670,1.11733395782272,1.96371411448965,0.817835584572715,1.13151074102344,1.78178574780996,1.0319138445989,0.589257423484304,1.95277546600649,0.523418335687273,1.14452327124821,1.82639678484408,0.650345666470666,1.12033301056331
pAF,7597,distributed_node_runs,671,0.861714357506147,1.39188365688221,1.12160361290425,1.76139892187518,0.915278606099587,1.02595399150608,0.629685767299589,1.68269309365704,1.73160002155913,1.09973843121615,1.44899372319059,0.884011388731633,1.61893523429024
pAF,7600,distributed_node_runs,672,1.11979642337078,1.74533370612125,1.42776291133862,1.5329925446633,1.8779132312213,1.4122903074178,0.928128125201687,1.39759448059477,1.59953289479712,1.41884669904873,1.09264233981711,0.559137297129068,1.31562186439222
pAF,7608,distributed_node_runs,673,0.930420191296779,1.8647349130975,0.675531142613571,0.896583831093068,1.99873793840874,0.879368121141268,1.80889645624545,0.596061187576396,0.850611742715963,1.32591074591863,0.922810160881805,1.24695493850887,1.61040012234115
pAF,7613,distributed_node_runs,674,0.891842914853282,1.58105143462114,0.967160174759644,1.84450457795766,0.518737090489939,1.63495131405379,0.959002705728,1.77285762810652,0.753403851525925,1.17814702220884,1.52923547007195,1.54047647162261,1.9390314075144
pAF,7623,distributed_node_runs,675,1.45905297024217,1.12183844491095,1.96001482311825,1.92348060732836,1.95592297953725,1.98783444412286,1.29258252042124,1.42593947680623,1.53045774697922,1.22862584716317,1.51744731979378,1.68382652702001,1.99662563086893
pAF,7641,distributed_node_runs,676,1.32951051414222,1.03704195699021,1.60380201100705,0.514580763188462,1.08318814923819,1.6789646773959,0.586312082308911,1.77320135988962,1.73595786639022,1.13209509501935,1.25589473441216,1.64285616439138,1.18833427444964
pAF,7644,distributed_node_runs,677,1.49525160836028,1.1752731894472,1.54905605544836,1.92918832606334,1.88300381242466,1.59515874905672,1.8618604193513,1.90164224127178,0.510250877837486,1.63010965881056,1.63070431217369,1.85397935025964,1.30316230470887
pAF,7651,distributed_node_runs,678,1.26725471362686,1.44922855201519,1.28610720017045,0.670711768910406,1.38344140575943,1.87934045017099,1.43626623111303,1.16290354829374,0.692434212418593,1.13124897074399,1.04987897180841,1.04483596076847,0.751047118458416
pAF,7672,distributed_node_runs,679,0.931829874696388,1.70696822112395,0.60380078345459,1.3706867784435,0.933306749043546,1.60933150441607,0.554316898106669,0.976515781586278,0.629682986767364,1.17591377566614,1.77658602192776,1.47250483862499,1.75161996867461
pAF,7674,distributed_node_runs,680,0.818796243063082,0.920056926404369,1.17010254746554,0.701413856647565,1.65255654259402,1.88562095798354,1.87275297486517,1.52684822164586,0.653625172913421,1.03111330367365,1.70345785910711,1.02815539886336,0.963997994856757
pAF,7696,distributed_node_runs,681,1.02819067453207,0.755435234849157,1.37320830224092,1.35592316312266,1.24590466342886,0.549052771715284,1.90797436031922,1.49311427494847,1.66893986230101,1.86044620892842,1.36866777681318,1.93309423846868,1.53720497938945
pAF,7708,distributed_node_runs,682,1.09921163719463,1.16774355767202,1.96958576685756,1.99953057007471,1.95431813349798,1.26807948547314,0.701129710241741,1.86108590345049,1.09801226695611,1.55699725795464,1.59692830320027,1.4935178798381,1.93785276143102
pAF,7709,distributed_node_runs,683,0.94683864870312,1.32809078053121,1.48791956041932,0.682716534972916,0.507820127588044,1.6036150425442,0.5175019542281,1.77255825514,1.16432322643399,1.29319504444169,0.748772083915417,0.776575862796613,1.18469187358681
pAF,7719,distributed_node_runs,684,0.945773029325473,1.16324151189028,1.29394902435281,1.40101423317868,0.527343118691542,1.48329987603607,1.52123240250587,0.853967777998258,1.68532596906898,1.46478364454617,1.30409635092685,0.883114317321704,1.73980757676486
pAF,7730,distributed_node_runs,685,0.936555695276098,0.938730180438635,0.983207153672583,1.75231761397666,1.52537486506834,1.77426294284465,1.7644714443788,1.20732221682091,0.905584930372614,1.17299975713968,1.56313464909308,1.87748876826025,1.57517771412497
pAF,7740,distributed_node_runs,686,1.37501490708745,1.69896782304903,1.55478111566336,1.99802837404124,1.86992095156709,1.9458799628602,1.30820330038678,0.869010799001987,1.17947713942045,1.06199997989528,1.17118713448217,1.54355751090467,1.9311947018221
pAF,7742,distributed_node_runs,687,1.31183171318131,1.20806694201359,1.10724525112008,0.984678126385415,1.84226672024677,1.2216760458944,1.92493341646798,1.40175647240123,1.93659525282256,1.5790813341467,1.81445925595458,1.63202214227362,1.18973423312945
pAF,7749,distributed_node_runs,688,1.24514280703441,0.740473615734955,0.796337735437277,1.32148416845629,1.64340671115845,1.86251024812298,0.93751869220732,1.1329539968288,1.64061112863421,0.720728994255302,1.06769670835113,1.73976447409104,1.49827810037059
pAF,7757,distributed_node_runs,689,1.08559510874807,0.997304671146572,0.98486639412749,1.13915613655514,1.01930666785455,1.39909609008969,1.32726549965705,1.46789249404878,1.03910211187037,0.890014580837296,1.68892115153518,1.18268615609587,1.15779193806611
pAF,7758,distributed_node_runs,690,1.19882148060058,1.71988288754026,0.860221154789049,1.47236269297541,1.06291551526911,1.57714976059249,1.53609201989905,1.62355401073474,1.2148675146611,1.23942164198564,1.2551881915919,1.37400803393364,1.49286970268521
pAF,7775,distributed_node_runs,691,1.07557922512052,1.43447532743246,0.850040195054112,1.32552868431734,1.85228259435562,1.30750873278173,0.811117200774163,0.680072376920915,0.732939362192381,1.45079956288339,1.8901869661871,1.65536740692441,1.37917206299188
pAF,7787,distributed_node_runs,692,1.31343375339437,0.69891656907781,1.20337374445701,1.07205522303393,0.747146842043586,1.61878136756345,0.765575080844392,1.76561733607269,1.70326545400136,0.757264052163323,1.62897385810059,1.87251327156599,0.836926095250156
pAF,7792,distributed_node_runs,693,0.793213157557878,0.994247200010769,1.65037980541601,0.781477759778938,1.01132836942054,0.964903249610859,0.73476048561245,0.797262130405343,1.17886181287384,0.754593201721897,1.99374157017121,0.633995096288315,0.560676192913961
pAF,7815,distributed_node_runs,694,1.28151678916316,1.95887866263676,0.986987775344623,0.558126718694019,1.43516229820446,1.77940557548571,0.58448171246829,1.04817868387359,1.51458914794233,1.33665362269707,1.91995818830717,0.751610275172573,1.78968873689838
pAF,7823,distributed_node_runs,695,0.66522876261905,0.938439836681837,1.68128684324931,1.14121499262612,1.74657095334046,0.59307212064497,0.990431537138078,1.85991783438432,1.09376084836334,1.11317268392474,0.596777257442775,1.44950477520849,1.50024661409366
pAF,7827,distributed_node_runs,696,1.44403726603002,0.998208622081595,1.88508121920189,1.31337093341844,1.99520895002553,1.63783576282761,1.99953636626301,0.700304466749844,1.52448553140055,0.725141656196263,0.816902176011407,1.4277801421085,0.620685407969754
pAF,7847,distributed_node_runs,697,0.766235281974152,1.33988457449022,1.85084943813067,1.3409375491006,0.550804027428679,0.99908079864214,1.40267804554831,0.95504674985499,0.873816661147382,0.739781857032129,1.13766176214935,1.50708431952064,1.96203343130028
pAF,7884,distributed_node_runs,698,1.12782892823106,1.93156574833376,1.80758672896771,0.668070951530384,1.01278194143821,1.31355121398138,0.734981348254879,1.24654928729322,0.544905973158969,1.08827512167058,0.781943516008241,1.80304612367773,1.11859623991661
pAF,7891,distributed_node_runs,699,0.756137136048558,0.746313292196506,0.712116714555121,0.65557159209416,1.65139649868497,0.627994964691494,0.851919344904449,1.57124214046579,1.0717873892883,0.513996049560242,0.823805244973826,1.76666911098803,0.667204554507342
pAF,7892,distributed_node_runs,700,0.630635446119797,1.17477758970978,1.92848106224436,1.11230853015359,1.00440884612823,1.33535170170179,1.64073223412172,1.93768846920708,0.886274510319057,0.848424399516718,0.608949640256973,0.523953156490099,1.46017467770699
pAF,7895,distributed_node_runs,701,1.05775237726966,1.36757447527444,0.607819648742616,1.4902883490727,0.991524336374263,1.82433740374023,0.552575203269869,1.19039536223018,1.37685915127747,0.861077422217775,1.11012068714918,0.687540321227941,1.20493837827649
pAF,7915,distributed_node_runs,702,1.43338178338431,0.930085697516318,1.56877727428644,1.34492214324127,1.01394225730697,1.52060012610058,1.57893325486762,1.40715199961826,1.05907115999872,1.65037995746946,1.32797068574606,1.99903145927404,0.555589306092454
pAF,7917,distributed_node_runs,703,0.556653351435004,0.707754996314386,0.702046854863554,0.881748867240636,0.792226321780339,0.62407815787588,1.62864224382588,1.9709361376332,1.4919287761948,0.901821310563068,0.599700319146249,0.593061285069642,0.779178545605164
pAF,7940,distributed_node_runs,704,0.952024646379507,0.948801400342301,1.71921389294576,0.771248068071985,1.4885763357955,1.59250856211312,1.54893437624314,0.727791921366496,1.15282363391802,0.596145955771953,0.543038617427586,1.4271982160885,1.59353188854702
pAF,7946,distributed_node_runs,705,1.15427629308241,1.15253389163846,1.67388326348757,1.55694054338375,1.54983123686395,1.35803721392568,1.4788279144909,1.02668818798889,1.12574599496849,1.50942983269625,1.66981763772337,1.10491796951052,0.854548925749756
pAF,7955,distributed_node_runs,706,1.02265677386151,1.09798154553494,1.83599392950698,0.895287108987207,1.27755603569996,0.810146400563857,0.920371963493488,1.61497385834192,0.613717792563764,1.30305037020888,1.95131411345754,1.32690722701413,1.44454574178223
pAF,7958,distributed_node_runs,707,1.11194160826914,0.974247804017577,1.76046032914803,1.58268161880533,1.76300019096884,1.75016746972285,0.766990305582959,1.12803793035519,1.55536920618191,0.94328658091089,1.86518657667546,1.11357033590271,1.22777228853434
pAF,7959,distributed_node_runs,708,0.690210386209455,0.907004307392196,0.590555659012722,0.764836394888811,0.717346254667894,0.806354366311187,1.56100451557963,1.01452642944477,1.40107287877497,0.819339452968043,1.79951719245115,1.16783363246095,1.14919464157496
pAF,7960,distributed_node_runs,709,0.807494529434249,1.29629284225728,1.07745746325792,0.762644519460732,1.37023661803074,0.518352866537005,1.90190246269164,1.50296110069085,0.95359203106049,1.09777070546857,0.571966905021157,1.66341644805747,1.33068354983044
pAF,7966,distributed_node_runs,710,1.14355594804644,1.82407728256389,1.85406842290885,1.31991514889472,0.640486461312603,1.82023593093445,1.6329474681196,1.07622162628942,0.912593120079257,1.48347286436262,0.763237328695932,1.45575734265701,1.99895672467758
pAF,7967,distributed_node_runs,711,0.733603966172573,0.964262039352373,1.01536082028335,1.21665921895644,1.533191244874,0.788248283873755,1.16208821039313,1.2220459701095,1.55792429903264,1.20973005880219,1.64371144803369,0.841025313461547,1.3220799391824
pAF,7969,distributed_node_runs,712,1.17080994277655,1.72769757487025,1.92991670127089,1.87162763188551,1.12219551427871,1.31902427401284,1.06190260814503,1.8171821063187,0.76766754497769,1.98266834341108,1.96006108186341,0.715501574820447,1.20081768399998
pAF,7973,distributed_node_runs,713,1.36867628586928,1.7833711887286,1.75309177430486,1.6715489264746,0.99420748165124,1.9101023779717,1.18946618208599,1.5096089610747,0.860463244570657,1.78059951289226,0.67397050436968,1.9676726275984,1.7212356692605
pAF,7983,distributed_node_runs,714,0.915609351583007,0.883550343034702,1.84490792695627,1.55310882565024,1.85906849609449,1.59333240283896,0.918458136268731,1.81619519928083,0.8483045121506,1.13806482867706,1.10615837635429,1.42975032042422,1.04030488514484
pAF,7994,distributed_node_runs,715,0.742875624939623,1.68294125820311,0.861378948159151,0.779374043628074,1.68522037431152,0.684806697122471,1.13549367129839,1.50098977844632,0.81476128919832,1.59835567008435,1.84047672796834,1.02173596804988,1.68758991069154
pAF,8000,distributed_node_runs,716,0.840123452594683,1.10567437975042,0.742718301773859,0.695148415073055,1.7648583713084,1.73035277566218,1.57077097311631,1.59841696692181,1.67528539064048,0.712566335226013,0.719643797346769,1.13866222991887,1.84175759787036
pAF,8007,distributed_node_runs,717,1.01926426242077,0.959889997169094,1.71376629400079,1.94153417750047,1.18866208874053,1.18156973096331,1.86890676450045,1.9348464525615,0.887802294023463,1.58486031921625,1.91501716938206,1.70551511059387,1.01561435520987
pAF,8031,distributed_node_runs,718,0.836205765826354,1.02546454941095,1.48366642228945,1.01856062137732,0.535946139902064,1.35414416356038,1.86173363949739,1.00192863515458,1.46791794841009,1.31512542760886,1.16172939489193,0.833020345477958,1.33954678863429
pAF,8033,distributed_node_runs,719,0.726919218417597,0.938293675566229,0.638976882732696,1.26939968960704,0.768566362835351,0.702554229247607,1.92015134388346,0.95108913518372,1.60567047851755,0.671940045808695,1.72823232790216,0.515449031426829,1.93702480665704
pAF,8043,distributed_node_runs,720,1.26381953248489,1.09503376460717,1.58922423747498,0.887429172075645,0.956220561224594,1.29160746622485,1.53236992703493,1.97403307242215,1.09883924643069,1.4883309759756,1.86488137933226,0.798974537391471,1.06548484197819
pAF,8044,distributed_node_runs,721,0.709088721053475,1.0192429634247,1.49082344740841,1.83209819715382,1.05043645602453,0.696066094010421,1.34422763652012,0.755949408463064,0.948139290347106,0.776463375130463,1.15898443392364,1.78069918751734,1.51391279908273
pAF,8047,distributed_node_runs,722,0.877248786653526,1.51696294626516,1.72299146968173,1.91010028410198,0.546690466122551,1.84061260533666,0.910289274385992,1.37821798527938,0.622385045708162,1.35652836803248,0.862131136083729,1.00818040252586,1.50383771730265
pAF,8048,distributed_node_runs,723,1.041080141186,1.50747748748137,1.59891053013607,1.293086089123,0.852281968073018,1.66724064429758,1.25585374437286,1.59303700098326,0.608634267333947,1.83615456327739,1.93439601967896,1.98386423641298,1.96035242641823
pAF,8050,distributed_node_runs,724,0.849339732064466,0.81934137366398,1.33774945346897,1.21337194143661,0.660014626989258,1.16409123509495,1.05502272900638,1.19712910070299,0.64541215125744,0.918713693910272,1.33004253701323,1.17499628045811,0.587797088943701
pAF,8075,distributed_node_runs,725,0.989724176779389,1.51956065812587,1.43519320664846,1.02598354392439,0.627572581983294,1.49972836871796,0.711537377772752,1.42979197004864,1.63211158635042,0.795406990015793,0.998190072401004,0.709517554392781,1.82176987121329
pAF,8077,distributed_node_runs,726,1.07023324301491,1.13254854762921,1.92548888570908,1.78114600157674,1.57481312631212,1.02969010595159,1.23875252435957,1.34350295873723,1.41754174413392,1.78025946799204,1.56804413546147,1.48524822433427,1.50736407745458
pAF,8078,distributed_node_runs,727,1.04949510149563,1.34967759837773,1.68455170218353,1.44011747722689,1.54462244523555,1.23766307525669,0.684139212401225,1.51931190707364,1.02507088968587,1.38065067501895,1.02596609745182,0.764524994401506,1.16245146795005
pAF,8110,distributed_node_runs,728,1.24168943941674,0.989210607228394,1.44140121625754,0.804214775470452,1.54614993948364,1.52548661576636,0.866582956873634,1.34936149466909,1.73169881225093,1.76492096168492,1.0655412572853,1.36162418359507,0.753548315482549
pAF,8112,distributed_node_runs,729,0.902563100248012,1.44156119663955,0.838668964642482,1.26104395534272,0.904246937464574,1.41496231142693,1.27625694003115,0.76966755425831,1.26836359486176,0.906986267677344,1.64396640932114,1.08737860728212,1.72402768442774
pAF,8132,distributed_node_runs,731,0.833375251802201,1.03177043772186,0.571988074475833,0.878495596964969,1.44511367704568,1.56919418902774,1.6938896395263,1.87186398383355,1.7487137655723,1.01482960911456,0.779172321472288,0.616689240267322,1.42745187556126
pAF,8145,distributed_node_runs,732,1.04480703024385,1.51212982156548,1.19994201083184,1.07215515646698,1.45342632250743,0.79036997089297,1.72864342226885,1.48705008893881,1.3943689708713,1.73329206172612,1.21084576825249,1.00873001819054,1.49802146484876
pAF,8167,distributed_node_runs,733,1.0538031276535,1.31820551187345,0.834134979966557,1.40066516035449,1.53477779637843,1.75289840074535,1.76588951954714,1.66700916209207,1.47247637003548,1.49943905862368,1.3763755796113,0.641433848821174,1.79032842604668
pAF,8196,distributed_node_runs,734,1.46503614339012,1.77361348517379,1.29987542547029,0.809395659296265,1.47255463472057,1.7471769547575,1.88357648084204,1.74623780464265,1.90023807454911,1.79398618571849,1.6625704977853,0.683636616695355,1.98362656833379
pAF,8201,distributed_node_runs,735,0.872163179993451,1.21229265532364,0.641359402270022,1.22925216186213,0.690348274603276,0.581161770607052,1.94002143225677,1.03217100265041,1.27128692148354,0.849699991733521,1.54802217115412,1.78821033262854,1.56345432522146
pAF,8206,distributed_node_runs,736,1.14627925866084,1.11141920908957,1.37724437907686,1.6569921726287,1.65235712725586,0.887266685851711,1.72031682015198,0.943658330688504,0.976054479777248,1.03096832310248,1.04282235725768,1.48880780842438,1.36235936801785
pAF,8217,distributed_node_runs,737,1.1247382557119,0.648481073469942,0.553602611881949,0.615454487062296,0.545110626544506,1.82060232240947,0.772848072727611,0.807564027981455,1.9247336833364,0.697003498149286,1.73765306448624,1.71714504873377,0.863780855711333
pAF,8225,distributed_node_runs,738,0.960519962794428,1.11496650957074,1.61097196912211,0.774305080955182,0.853958521891377,1.78473790201518,0.934356304211532,1.16313476598126,0.672401910603305,0.888525044420274,1.95585370287265,0.933542596848727,0.852652503255818
pAF,8238,distributed_node_runs,739,1.44592566355987,0.824000977753764,1.8322188224751,1.12765735455775,1.55592793521633,1.97175705911368,1.92818513119875,1.2393216125518,1.32185327496358,1.08212815017266,1.68996417907702,0.84510251741895,0.648280535744798
pAF,8258,distributed_node_runs,740,1.33519826718218,1.56911644841635,0.779476658811596,0.737975509624981,1.65350672592231,1.9500236867228,0.577463768097767,0.986014419504463,1.72830943568896,0.764897415022544,0.934003220779297,0.828210564123378,1.483821468678
pAF,8266,distributed_node_runs,741,0.962018403298822,0.792736314645314,1.75474298589313,1.85373707952108,1.55001133042457,0.602176915715952,1.88364165224413,0.887189977652811,1.52515743251894,1.4086364884745,1.61550197121285,1.11176943220867,0.883798699600778
pAF,8287,distributed_node_runs,742,0.854465663615385,0.551858622212787,0.695201004461312,1.27877884271628,1.49061855780763,1.54330727476373,1.9102934055766,1.81502964961579,1.84968786318707,0.674407281255669,1.28341226097655,1.16443893742274,1.13177168714924
pAF,8296,distributed_node_runs,743,1.01525244734968,1.166102310416,1.51133384887498,0.595720157622884,1.23816969268805,0.574578715389593,1.32136715822827,1.07418336465306,1.48213538000121,0.769897051220315,0.6957250817603,1.94081299417893,1.85503336899089
pAF,8299,distributed_node_runs,744,1.2892570316934,0.903539676994072,1.34851869523548,0.825175670166868,1.38111406563035,1.51604078920309,1.46520167286811,1.45413680233876,1.70033475128439,0.787260308876999,0.760457928426683,1.00599525978091,0.847717837128764
pAF,8307,distributed_node_runs,746,1.31670012935103,1.50007995931392,1.50899705671609,1.99383947904679,0.79982922641377,1.93164529194953,1.50193985370847,1.00377337456456,1.25460032416931,1.21921677413168,0.755983597708414,1.2676464702681,1.4821897778192
pAF,8314,distributed_node_runs,747,1.25466768305889,1.64880715499854,1.02561512223387,0.974458985665974,1.21595363267844,1.74263755383697,1.16649673624848,1.56874950493275,1.27790534616517,1.45920528409866,0.946714744260484,1.52902026490453,1.42445862357524
pAF,8326,distributed_node_runs,749,1.38291843071639,1.37418246762939,1.18350966640576,0.631912974260821,1.18486612446615,1.69132660883138,1.76124853493915,1.92563142161889,0.571635655934543,1.9847597032492,1.93425946325432,1.6863539130399,0.571804057785545
pAF,8332,distributed_node_runs,750,1.09470888782927,1.4409836583832,1.96737842587426,1.05342972634467,1.79700622197871,0.535499370576394,0.540350369302805,0.974484656475359,1.1564524421399,1.60423578617085,0.612686958505514,1.90971985986095,1.88919753541772
pAF,8346,distributed_node_runs,751,1.1891611472974,1.78554820108982,0.884313572237454,0.538867501344198,1.19687138498055,1.76507838021104,0.670386519458705,1.59631325968829,0.992284298692034,1.58723994352669,1.95637366899631,1.61592949187777,1.98821742347276
pAF,8384,distributed_node_runs,752,1.15491806795692,1.9083119533513,1.22736644385851,0.841591819669256,1.97310162631349,1.10327154079915,1.35334206884446,0.908727575398672,1.20729150100226,1.15365783434501,0.666142535586242,0.97356906579502,1.69925207812866
pAF,8401,distributed_node_runs,753,1.31398960349795,0.994872967869788,1.45601395522113,1.73032932144332,0.717690588118028,1.79513927454642,1.70419442578517,1.52490782286356,1.17900483844243,0.828911988465735,1.14952474836016,1.71576575222571,0.832616247131199
pAF,8402,distributed_node_runs,754,0.886929118334252,0.636452437826421,0.668200386375086,1.91948259178321,1.44197765447504,0.893447460508595,1.16768886026565,1.97519106467325,1.42482060126912,1.27007159462259,1.72023475535725,1.82522861537205,0.840651065627384
pAF,8406,distributed_node_runs,755,1.05313995719216,1.02485283394328,0.93908303209254,1.60406083244636,1.7004116945283,0.878590205470443,1.89053227537005,1.64835092188672,1.56894875621315,1.32335926979289,1.28069499546025,1.24556366028509,0.826283864619243
pAF,8434,distributed_node_runs,756,1.25530499609365,1.9198640965124,1.26314073405207,1.68500913648686,1.74272649110162,1.71226664343292,0.917082907242145,0.936251319386265,0.784001937689864,0.98883739958405,0.708370805105946,0.631581658632935,1.77898607038373
pAF,8440,distributed_node_runs,757,0.956222531893421,1.26734204107241,1.65380420008331,1.60619007694246,0.887163787603626,0.938120966167702,1.37897994917665,1.31169687625871,0.597565416850049,1.33568201370609,1.5008791367879,1.93103963123493,1.94235196908491
pAF,8442,distributed_node_runs,758,0.842602772340745,1.32090224851532,1.49446876986979,1.26237022362895,1.42504537468424,0.723699244313414,1.70324360011598,0.831681288529679,1.6237456002061,1.38558644458187,0.831394698926733,1.01962354493953,1.6549679603336
pAF,8449,distributed_node_runs,759,0.752336008768965,0.919674838524132,1.4215549328898,1.31924840983404,1.23571780756151,0.776418507679357,1.42775077601349,1.78864940616796,1.91517096783223,1.27955268516861,1.15369362777583,0.713207146026409,1.8557342770273
pAF,8454,distributed_node_runs,760,0.900475851128537,1.41371340451795,1.37826983173243,1.32883347244446,1.63171571995857,1.18105083985835,0.522151130392095,1.00169748153319,1.19706895535367,0.957350656854986,0.575979439641701,1.41596234801292,1.44109960465234
pAF,8458,distributed_node_runs,761,0.631678924562042,1.52541088416679,0.851755675185252,1.668981329921,1.94438203031529,1.42069035598003,1.11815192304233,1.65852694646059,0.538221893381164,0.684321651827899,1.46476653826557,0.997928327799615,1.8065129717434
pAF,8459,distributed_node_runs,762,0.610515115297917,0.868185492711317,1.17623432238721,0.71985441055339,1.81882816617158,1.00165153991834,1.29349753213718,1.99090051412978,0.526285424219469,0.645644983009496,0.8786579365689,1.15818471742417,0.538164985410553
pAF,8468,distributed_node_runs,764,0.748213504219655,1.38121397569407,0.608539203509462,0.73783211185844,1.82342678344674,0.672339276023378,0.807215679343597,0.808219256509123,0.999593790817009,1.49388929144522,1.10959413590019,1.92784244742442,1.61564573411912
pAF,8469,distributed_node_runs,765,1.35447420022436,1.43226910968389,1.15552642629396,1.76734529844819,1.64240769183046,1.90431050466781,0.997091640138454,1.62334054656422,1.88068495758286,1.42884540745783,1.29780797787948,0.728856505109072,0.721016070486128
pAF,8470,distributed_node_runs,766,0.565803333636052,0.508565783921784,0.673095190776997,0.809503791433427,1.38085228805558,0.665296399660429,0.954561890486407,1.45592912224767,1.03743386085483,0.740384413960224,1.83091307907008,1.90856482613244,0.592090485103856
pAF,8497,distributed_node_runs,767,1.08754699774464,1.42746400360583,1.26518893818169,1.01903142385508,1.6969403774913,1.69600059888102,1.35875350678119,1.54191964884585,0.670227664926168,1.34763820558182,0.500274273037775,0.527063238875987,0.500839605717224
pAF,8509,distributed_node_runs,769,1.19520947305804,0.641174210829584,1.68643113054008,0.928945736140069,1.89553652255096,1.43675443339687,0.705127385896436,1.15546246861857,1.83469965306695,0.739637141814425,1.05341873829996,1.9523871148717,1.14647965080026
pAF,8531,distributed_node_runs,770,0.914176699731924,0.824178442875882,1.08995712977998,1.70228281065879,1.63431985551784,0.730426075342028,1.56667087327772,1.39388427793286,1.26927601308715,1.12350859854363,0.77098913675074,1.59348061061857,0.995749119171902
pAF,8557,distributed_node_runs,771,1.46491813231561,0.753747815405122,1.14575620631687,0.600574345334327,1.88353014994109,1.83583145464293,0.880831884886945,1.89557004115697,1.36875451717499,0.959417447194536,1.13991693588708,1.3219788284045,0.514708609060567
pAF,8566,distributed_node_runs,772,1.35792391182113,1.17204827276687,1.37719907217452,1.20821139869564,1.92488500630779,1.73062103108728,1.43162744245846,1.66860341890112,1.69498108072483,1.34455988994564,1.0311786589777,1.66837155531881,1.23668571403058
pAF,8593,distributed_node_runs,773,1.18905787912492,1.55932185707667,1.05946835589613,1.97747703711263,0.84715272158461,1.60470552845648,1.04371782218648,1.708072754134,1.17191854217975,1.30322259025407,1.64447749578334,0.659136210483294,1.72824562328281
pAF,8614,distributed_node_runs,774,1.22687607745755,1.20917232594861,1.88116260591374,0.584137756609485,1.07937855509644,1.25090998040886,1.99476393220639,1.73685551029826,1.76906550930302,1.62200528751848,0.782612806517613,1.67262474680848,0.833981235587283
pAF,8630,distributed_node_runs,775,1.19422582812077,1.2245948292252,0.820770024060389,1.62130616950197,1.95542204733523,1.42770788215029,1.62849146477837,1.02026521293754,1.80231471975986,1.49539984203976,1.71876109671131,0.782964351305378,1.44260597736311
pAF,8639,distributed_node_runs,776,0.976376984568965,1.65194203555767,1.77415471903483,0.760103423412405,1.09709610966602,1.01320941062557,0.517178080933571,0.927753083165218,1.53752283865091,1.47685472579294,1.22598051408284,1.74660487243443,1.97543280375474
pAF,8647,distributed_node_runs,777,0.905471919506402,1.13200955830119,1.60658609608693,0.60017901329782,0.560268271397252,0.872301108982227,1.29772345783251,1.31930653783256,1.58989722017016,1.3796520793891,0.839869479802095,1.99533187038159,1.70621038669736
pAF,8650,distributed_node_runs,778,0.947184723993471,1.60285673616314,0.863271749419779,1.28243744224609,0.533069232885716,1.80949952301878,0.528562633976254,1.22176919412502,0.670317782896629,0.891515057545277,0.877671831384805,1.08333742658216,0.620340031749538
pAF,8654,distributed_node_runs,779,1.02995427307062,0.744357297385067,1.38733304026688,1.00192594086052,0.930599073535585,1.15667550644637,1.45821371955352,1.70127914938245,1.46037268283611,0.983754975302216,1.52596669306131,0.599060001266364,0.711221596318919
pAF,8665,distributed_node_runs,781,1.04897478272499,1.71098986180626,0.945716408346034,1.5950751109065,1.7309027199921,1.28053842488877,1.76086512069478,1.24004896390017,0.511434908059977,1.03819383212268,1.87095135846559,0.854989391939369,1.49652866686958
pAF,8666,distributed_node_runs,782,0.572275969237206,1.54328856156682,1.16218196701622,0.563732035361606,1.84474313138261,1.01648664736556,1.11797663532809,0.934608121095911,0.654354156322104,0.721487735668535,0.600509709351328,0.613192388467868,0.996363237548203
pAF,8700,distributed_node_runs,784,1.15252918340473,0.878988176070939,1.33653289297476,1.79029755704072,1.29319744831517,1.36576492911038,1.88722436824865,1.88452770079856,1.22378309015219,1.45967600445245,1.81630064481755,0.898114382624965,0.97113616167776
pAF,8701,distributed_node_runs,785,1.3754791864173,1.87719832483931,0.859028969723313,0.887500806345774,1.68807209969732,1.0992702726782,1.98935274352177,1.64325669558025,1.49640261188646,1.00162053636109,1.59942920199331,0.542687997492755,1.34183794650368
pAF,8725,distributed_node_runs,786,1.0873179878794,0.772013408203177,1.71794052070487,1.88536328856978,1.25344238900329,1.67128726821724,0.759283380211126,0.64006549072158,1.96959328099257,0.689248783236418,1.65139466296376,0.687201400480152,0.904759240661464
pAF,8730,distributed_node_runs,787,1.07058390667917,0.60878092048663,1.65248498737981,0.84381669954377,0.99456735429445,1.39065888547828,1.21723763921398,1.4947870732796,1.48919217294724,0.841678590733077,1.93246949636842,1.49832353539343,1.04324060893376
pAF,8763,distributed_node_runs,789,0.811342731475796,1.94146750528423,1.18781146003535,0.686860463158556,1.64966572246476,1.55831524512939,1.17940229016762,1.333629651231,0.820763675555071,1.01818882209313,0.501821693211607,0.559891186468669,1.78627829946745
pAF,8770,distributed_node_runs,790,0.821246811417607,1.46508832685205,0.844180889842035,0.818198045917492,0.831154306396769,1.04689637700597,1.31278954924042,1.33897072284976,0.887329880753665,1.05149096787539,0.554554123958552,1.86592371984955,0.645949881953201
pAF,8790,distributed_node_runs,791,0.987689731474292,1.50034661675859,1.43675092325691,0.63659282281957,0.745444128381155,0.577682030587424,1.26807312323648,1.41596572657003,0.892825311666333,1.73001135961087,1.57270179393751,1.51129192706167,1.81667906148189
pAF,8799,distributed_node_runs,793,1.00514139496922,1.12581384590036,1.05436830653446,1.48704653238874,0.942129323356142,1.29139607861434,1.30198979293729,1.7118949699367,1.88159620424953,0.880306579907686,1.14111838927863,1.11841793657096,0.859117864763579
pAF,8802,distributed_node_runs,794,0.93253031895385,1.54147800308563,0.655510372936354,0.613244429936668,1.922114996186,0.621847373608725,0.914777682805749,1.15461671781007,1.90611260947117,0.875273723821401,1.38441185850634,0.693647411729726,1.98523493916741
pAF,8841,distributed_node_runs,795,1.21702155530933,1.60079692243733,1.97506519435157,1.72369003629561,0.626289879361444,1.82011921792451,1.06159190745671,1.91022757110076,0.768165293819378,0.870413969267291,1.30767993418774,1.14286949198845,1.91213309679587
pAF,8847,distributed_node_runs,796,0.626053274706765,0.971285653592017,0.556414506275247,0.544297758672722,1.14166726240656,0.857974736785989,1.09887789531332,1.0708077574619,1.74731941870188,0.933553703390797,1.92971018885044,1.08905215237299,1.98303304944831
pAF,8853,distributed_node_runs,797,1.04776607077678,1.73492471210034,0.959708097825445,0.532179272507033,1.14914980803294,1.27479067977637,0.735711239275192,1.48233062764728,1.42566011108435,1.54537488274319,1.92139796329724,1.20610977252042,1.67229588242256
pAF,8909,distributed_node_runs,799,1.2077283491229,1.09236262658771,0.894833265692305,1.78688808392189,1.58196627448904,1.800898292714,1.81031449153281,1.16024721977517,1.85910993000491,0.741865220261369,0.655482369082311,0.960802111265944,0.907185030232074
pAF,8925,distributed_node_runs,800,1.23056880428063,1.0505427938299,1.88342091375365,1.55295207959616,1.72003593317169,0.830390156462739,0.951015479336142,1.85345164593693,1.44395975587355,1.43887660775398,1.32730493170792,1.55636658696867,0.739958174800478
pAF,8930,distributed_node_runs,801,1.0701128694269,1.10063086023204,1.6844253970352,0.916136482453654,1.04224297263992,0.943188196100297,1.71503391413257,1.7861446337941,1.27029510174449,1.02866373062701,0.966964425891742,0.661255904796918,1.12123061146691
pAF,8938,distributed_node_runs,802,0.75935050084143,1.2392130627137,0.504547155678833,1.18915762712908,1.43211322456954,1.98041899729947,0.8601836225493,1.88398647501465,0.580948934207061,0.82327914142606,1.45797553557364,1.31836289991443,1.77200092316238
pAF,8949,distributed_node_runs,803,0.805870563750659,0.962355150302726,0.566880225680673,1.03278566469771,0.517681769016522,1.99934154781014,1.03189116301367,0.615501482727308,1.21797269712902,0.538717302140725,0.774734018046699,0.983927447335857,1.19058189924302
pAF,8967,distributed_node_runs,804,0.888100410480904,1.13274667061296,0.984565233341883,1.57709554523937,1.29567022408125,0.878781856853642,1.53092748193981,1.62464259301553,1.14117176571797,1.05887699640502,1.45963197711854,1.26798715912695,0.868775493862317
pAF,8968,distributed_node_runs,805,0.922006787620187,1.35264197464417,1.80185910476611,1.90409847003615,1.85516852669869,1.49137748869298,0.881144078456363,0.74104528863448,0.988722733587174,0.943009241651514,1.12032609809271,0.900349165317752,1.22764867878703
pAF,8974,distributed_node_runs,806,0.904865073849812,1.45006937179077,1.39043201392625,1.46596228916818,1.29982016468084,1.44574286429779,0.666026269601932,0.787817483832761,0.631907971640969,0.550336420767367,1.01892451119236,1.27860702253182,1.08610414162831
pAF,8976,distributed_node_runs,807,1.30618728891174,1.33508123445166,0.577203311308097,1.61260598459599,1.62902640266356,1.23467096196759,1.84848013839568,1.75282233681648,1.34187951055986,1.24749696929127,0.634679942320819,1.55736563939686,1.09284435167722
pAF,8994,distributed_node_runs,808,1.08341253144156,1.30341952157541,0.902987752488603,1.67415219954834,0.683180797110503,1.55349100088671,0.562869671918352,1.5049809868375,1.68205367033575,0.775807612909903,1.2453980776584,0.691829616113593,1.3922630230562
pAF,9013,distributed_node_runs,809,1.20255871787977,1.66444559213186,0.7874871447998,1.50765945203913,0.746451614440105,1.76843862028623,1.40847070006088,1.38400083066134,0.799252630517298,1.31120888165293,0.892629016888588,1.21039725364587,1.41960084441851
pAF,9020,distributed_node_runs,810,1.45097932620063,1.24781858100195,1.81872182927973,0.58937695961945,1.25102644641892,1.59827610112658,1.92534446015678,1.16636595682663,1.6780200737758,1.6680184553796,1.27168537062424,1.94866515194308,1.57132153522331
pAF,9027,distributed_node_runs,811,1.38406119360038,0.958824740896217,1.35153221973566,0.82529334784652,1.79860991222477,1.44350299702419,1.37107108804182,1.88142422867344,1.83644740976796,1.03929272443152,0.539709541723294,1.68443669798137,0.647461272310447
pAF,9038,distributed_node_runs,812,1.17616377467195,1.16844031603435,0.660052167180852,0.591893098940156,1.44021352834459,1.83241460453124,0.963762854735775,1.55483063408067,0.914450985607024,0.893080186113612,1.91517592896784,1.3036528177945,1.20968275362512
pAF,9064,distributed_node_runs,813,1.07065642464052,1.40690289603455,0.564178215676703,1.24828038903568,1.08555130533796,1.32599799107338,1.78118168288836,1.20333230516895,1.99556517288265,1.19645276599018,0.620131725016106,0.792389397651746,1.85902187429997
pAF,9123,distributed_node_runs,814,0.856096420713614,1.46491411439212,0.894005090868107,1.18897491520903,0.988953560484817,0.901330823462275,0.617953972699515,1.1760035546354,1.39816624357912,1.67008300952299,1.75941910708089,1.80675306085824,1.92801923651603
pAF,9125,distributed_node_runs,815,1.34923826225493,1.30929452748994,1.45056634322146,1.48847347364714,1.4151036793898,0.717361835513282,1.84818378049417,1.85152362045678,1.74341464908669,1.61592196682211,0.533316148512564,1.80968193042721,1.4891401714139
pAF,9137,distributed_node_runs,816,0.841947741803485,0.689822044891742,0.646127595274801,1.80386239512617,0.57179399710589,1.90377902936457,1.6625462435603,1.99604536270922,1.51462384917173,0.590345880004019,0.636077154503548,0.927896552384129,0.847887907820868
pAF,9141,distributed_node_runs,817,1.37253526417511,1.43800436438083,1.4709370461382,1.13930646142822,0.794687464320926,1.56388197409048,0.965227297085371,1.53437199160719,1.16355344694186,1.26398150605922,1.78834592173003,1.5139498362095,1.57891616563635
pAF,9142,distributed_node_runs,818,1.4461427224703,1.81175530692344,1.7297387455139,0.924967768087372,1.00385328427626,1.6197522401162,1.15699967302326,1.6663977164786,1.66104442173957,1.92920584165751,0.986957453879429,1.60237731204688,1.65760091374901
pAF,9154,distributed_node_runs,819,1.05691057636878,1.92901265594842,1.59509799842483,1.88687069172696,1.89053232882605,0.905873009710725,0.847113245732423,1.60286518557623,1.40862761372329,1.48144701937183,0.80887686319818,0.727984486088567,1.89740377904389
pAF,9172,distributed_node_runs,820,1.00205652923255,1.28186529076807,1.85843847248258,0.643911507238025,1.6947510142222,0.89379358902588,1.99462406007503,0.852720772307938,1.76512491330574,1.20861514028138,0.581118774405888,1.20450178039262,1.94914071353933
pAF,9183,distributed_node_runs,821,0.97591726252508,1.80173023946057,0.706505294837775,1.53270562020346,1.39371287104652,0.740756494240276,1.87388785175153,0.882917150829517,0.706773517777823,1.16395467640355,0.724691893175038,1.62489339646644,1.73715299468136
pAF,9184,distributed_node_runs,822,1.09809644790908,1.49207824399308,0.748512563770367,1.18322890877737,1.73201068017021,1.16655346038215,1.66821266959477,1.43497954009894,1.77675767766897,1.61266121097722,1.56083348358257,1.12441073574817,1.6573674924782
pAF,9185,distributed_node_runs,823,0.638401554837197,1.10340000674386,1.22920886039212,0.813428738908608,0.995800302943312,0.867782288075854,1.25701737336997,0.612943550166047,1.38231239769366,0.842632041399229,1.49690405169315,0.57340177228192,1.31400206444518
pAF,9211,distributed_node_runs,824,0.806923666022247,1.04172076201252,1.07980477314374,1.65118144444223,0.628678174405376,1.03805631234194,1.94170196168271,1.08698178593088,0.658395955908772,0.809702146629267,1.52470619221993,1.02655330820681,0.672764055542533
pAF,9218,distributed_node_runs,825,0.943294427556725,1.64726378175235,1.70165389934734,0.68221769197359,1.10945987602876,1.34142765632883,0.739461620258032,1.33345644369533,0.872170644402354,1.74044817386892,0.646252875304489,0.769365022187608,0.91328920850891
pAF,9231,distributed_node_runs,826,1.21721537224736,1.3904688350184,0.607911398283891,1.65099898167898,1.55126688268327,1.1207651647876,0.921364332546075,1.81450241387418,1.65555666244593,1.42578249399358,1.9794793351334,1.98106833267463,1.12645184003684
pAF,9235,distributed_node_runs,827,0.896339564461272,1.41407429050564,1.68272271081061,1.08688051849314,1.40634688690985,0.853465964734971,1.06917883986351,1.03353213996162,0.732219690413828,1.25436842717601,1.61061893823072,1.20099864822659,0.850974658479749
pAF,9256,distributed_node_runs,828,1.46352966698859,1.2698684848661,1.89533386521793,0.891957279351899,0.669613116458742,1.92207021560709,1.83474227946958,1.00942223053981,1.8708442140404,1.21981249723141,1.84152501017836,1.43018887252972,1.7508195967149
pAF,9260,distributed_node_runs,829,0.717225215310172,1.40609951111545,0.595584825979779,1.05857795980063,1.07361324829084,1.26170529301415,1.03758069998537,1.19357741022026,0.560997328904192,0.682594655586114,0.913003737402445,1.34551609254542,1.09972376290487
pAF,9269,distributed_node_runs,830,1.27779510291524,1.39850396492441,1.28691957773887,0.786128184763127,1.26656907529709,1.44790056352245,1.22782655609613,1.13953254443672,1.43317883631089,0.759264678216482,1.23120920140849,1.20588357767957,0.802264419296825
pAF,9271,distributed_node_runs,832,1.37307342521078,1.42129741313948,1.96973198159285,1.73413733418506,1.81175873440376,1.70956752288808,1.21077083942019,0.92354843415196,0.783918665435,0.858109444790925,1.92680783847262,1.66199861029738,1.86904330584578
pAF,9273,distributed_node_runs,833,0.835195968785229,1.04693194476004,1.62853630526223,1.54940249025896,0.875621145157364,1.46528043367326,1.47842806108852,1.15879552147128,1.45726465744936,1.21064228936171,1.31449008855226,1.16265452909194,1.92170115067335
pAF,9280,distributed_node_runs,834,1.14789742716035,1.35998735744761,0.67406538395203,1.16135071116102,1.68315012532361,1.58560592645556,1.16480929585462,1.45075629694869,0.621780530048158,0.700234193563276,1.9931889229542,1.33213951502894,1.2781721595273
pAF,9294,distributed_node_runs,835,0.891482081125231,1.18064184541222,0.794953167121999,1.83576095555054,0.599771639208158,1.82356153624436,1.45000017497333,1.09950225331747,0.809020508985472,0.98585799169037,1.65516059856497,1.49760237000937,1.08809714673222
pAF,9338,distributed_node_runs,836,1.2878275445139,1.78012570690657,1.4787737417338,1.05522085983621,1.44242934825166,1.45305170867384,1.24606304794614,1.74427999994943,0.601366931639199,1.94227107659273,1.87113432468629,1.12307424988158,1.53951617048113
pAF,9344,distributed_node_runs,837,1.05186238279925,1.84127084951534,1.17112934827208,1.75389901033968,1.40262867127566,1.14158318337476,0.53947550369776,1.32035138973015,0.638849433396634,1.26022740536308,1.14386640540116,1.47950513632313,1.01816233760971
pAF,9353,distributed_node_runs,838,0.861064350991133,1.04448583913048,0.95754139535034,1.67591191630161,1.67486556882064,1.36602889252433,1.62794652128702,1.24455924342287,1.60118294122438,0.644488318886356,0.648019558821181,0.942842583836888,1.35256013107091
pAF,9359,distributed_node_runs,839,0.866812447505145,0.51886118133406,1.69117511987482,1.27325410281504,1.22463544305109,0.754758962852981,1.64298284491764,1.43960674998301,1.8571695360836,0.832561220726841,0.744621535423265,1.02694634743197,0.995451476398433
pAF,9365,distributed_node_runs,840,1.14272284315615,1.49850392552849,1.18842769414934,1.26282405322996,1.3330768824985,1.46361399045715,1.10221674151819,1.56001808548353,1.74557627538993,1.13320264120809,1.59915293288032,0.829356093128744,1.26763552721606
pAF,9366,distributed_node_runs,841,0.887401698678458,0.980758487342726,0.558464363240877,1.55382512076181,1.28891396558007,1.26055946535634,0.571434125591236,1.76963186535147,1.84904379506402,0.834350655315189,1.33319086258951,0.976971469126961,1.85180479557882
pAF,9378,distributed_node_runs,842,1.23164268857177,1.32276975603287,0.994411403657244,1.15026137627525,1.11423364517271,1.77956676821882,1.1935045906249,1.20222974173837,0.990797775193027,1.28592726387684,0.970945717257663,1.60610105457565,0.547374247080401
pAF,9380,distributed_node_runs,843,1.14806135206647,0.632157387673278,1.12786034608019,1.48235575412996,1.59706127870695,0.574800148992796,0.518520785694255,1.52671421379675,1.85418154454893,0.714612732418707,1.18188593797625,1.78938465329347,0.575523809196412
pAF,9381,distributed_node_runs,844,0.953044948871152,1.56896199546898,0.547167790970729,1.91093046214965,1.68160413069391,1.36362137582864,1.04539718609988,1.30579202942417,0.623288176056315,1.38378035692558,1.04719968328943,1.26753907638667,1.5171065303805
pAF,9416,distributed_node_runs,846,0.859797331226925,1.74425059844772,1.81770423035718,0.520197828213387,0.931790866583056,1.42868551875853,0.896411282745747,0.721833294672615,0.685855908926203,1.41500883140301,1.44837341289069,1.08753007484869,1.62467430193122
pAF,9419,distributed_node_runs,847,1.30728752329211,1.73999748187021,1.62185764854266,1.19098751956599,0.710290781144568,1.98827437963445,1.73239802168214,0.898058329389108,0.528994439764096,1.32466314150255,1.37896025830625,0.919116430643756,1.25109326267247
pAF,9427,distributed_node_runs,848,0.867779503159613,1.32369210683586,1.48667023647551,1.41498364915978,0.76008381952389,0.572879658633615,1.88078908186205,1.22545922766352,0.847372500514955,1.09768605528207,0.723556322478895,1.89759803296797,1.26796661017564
pAF,9430,distributed_node_runs,849,0.673238066331706,0.876248891275887,1.8994726489132,1.39011350516398,1.82979228675106,1.19223614197168,1.83395372995403,1.96834018703721,0.825611706728326,0.835910747067199,0.700748391080863,1.24398302083808,1.10514763652323
pAF,9454,distributed_node_runs,850,1.45571499688719,0.799679324450225,1.55757394179225,1.75481769511986,1.98448562226841,1.82902916451988,1.624423808574,0.946459555087975,1.80848826644437,0.752304570008095,1.58015883114199,1.70611934033443,1.39526275362884
pAF,9476,distributed_node_runs,851,1.22422275846117,0.607580282669226,1.86813725735031,1.11201360244707,0.825828786009399,1.77205820113108,0.528919625402924,1.41782943116063,1.77176132889933,1.28872130250404,1.76581285928686,1.79580037393142,0.551039099654113
pAF,9507,distributed_node_runs,854,0.547520181039772,0.993636426359406,1.63487625556947,0.73853654065775,1.40371907298139,0.681632182926875,0.569216637390992,0.83897158595416,0.638222522627298,0.794472017405913,1.80077268565934,1.67035746882116,1.14835371816645
pAF,9510,distributed_node_runs,855,1.12291351995483,1.45032954831733,0.72649687415669,0.963686801792395,1.46485425149721,1.37707037569924,1.06594092243612,0.84772928586488,1.35726035252573,1.33181446502648,1.37102791304315,1.94748965574498,1.25908014297222
pAF,9532,distributed_node_runs,856,0.782374919501745,0.976940473069082,0.911652134059526,1.07549726823469,1.31931915148565,0.742206548287973,1.99922507080388,1.9881280508817,0.907746886033841,1.29494928681486,1.49467940682079,1.98567576323217,1.47917934812092
pAF,9533,distributed_node_runs,857,0.883525734169814,0.855069826163885,1.42581737596881,1.19466750181959,1.65880074352175,0.532899419993765,1.25462197926701,1.78657627096302,1.23006897578676,1.07755552866758,1.68725990162037,1.98980774495229,1.41740189927143
pAF,9543,distributed_node_runs,858,1.22369198114042,1.60266733694197,1.07974570968098,0.507551682585517,1.01859386002864,1.77476422664847,1.11503827606005,1.76326013050694,0.667166948706846,1.93427401041106,0.931843835353897,1.36501433510275,0.839290484830187
pAF,9554,distributed_node_runs,859,1.18471789802854,0.929372134803795,1.43831365115396,1.334663943965,1.4719847425741,1.42911537459283,1.22480595868828,1.11176902242169,1.74325141504898,1.25583287728534,1.35930934844795,1.4586999459173,1.82663379318883
pAF,9576,distributed_node_runs,860,1.09275732628588,1.92774214612799,0.597246543175644,0.760785268130752,1.219823444446,1.3089700043186,1.40449712641888,1.62652229500417,1.40237478980518,1.31394179105262,1.07415803716798,0.904599339116973,1.3733598046819
pAF,9581,distributed_node_runs,861,1.00630076918667,1.34939883285636,1.6618521848178,0.832282050738592,0.515021452196824,0.841672442114807,0.842735464858944,1.60934156640035,0.732079541157281,1.56186769377607,1.87972692344797,1.5061416254036,1.48983507826887
pAF,9585,distributed_node_runs,862,0.97387273631917,1.93090619259754,1.81358916699898,0.567833213533642,1.21587297199892,1.31002937576491,0.873837847874457,1.5741811763805,0.963781672654854,1.78944441276711,0.680006012675435,0.677516453132339,1.76699578753523
pAF,9594,distributed_node_runs,863,1.18705123848042,0.955691550547138,1.1676715965661,1.78305125210839,1.46262768143404,1.84043000864258,1.83093652533049,1.41132898432009,1.60884797993201,1.10217494713021,1.66891216629007,1.88686622836086,1.58287576058931
pAF,9611,distributed_node_runs,864,1.2037201312842,1.20367731089038,1.16679051660827,0.530504625304513,1.64294741791313,1.83515906455898,0.964639231178983,1.59241728377547,1.42680832779565,1.02708413190468,1.38838564107219,1.70442954586503,1.80644864224915
pAF,9633,distributed_node_runs,865,1.32762772189083,1.0818427728474,1.89006483625942,0.931759802751142,1.42406335623168,0.952709677436407,0.831940567941863,1.78388262638635,1.44177365874894,1.36349668113819,1.59716218793314,1.20261696513155,1.39556261416232
pAF,9634,distributed_node_runs,866,0.781266585818264,1.67684490720689,0.750272212529837,0.540430453165949,1.80376448309353,1.37961238832159,0.932590798394551,0.652548001097107,0.63735210318868,0.899067058055656,0.626847445584105,1.71400886100786,1.98643015828626
pAF,9635,distributed_node_runs,867,1.26242532370122,0.74871426885401,0.629850117033055,0.514725509614108,1.61522223503982,1.46696484534606,1.6796999856176,1.33758948532646,1.86472553325892,0.831476281045085,1.13354381220026,0.770608369784901,0.92527989356998
pAF,9678,distributed_node_runs,868,0.672299282900987,1.73917508235357,0.9988355662775,1.6701595803286,1.65525365889456,0.533199334649426,0.793816287107297,1.15825759562839,0.675412287792129,1.25666637415708,0.659320885303214,1.08579980018986,1.92290920017225
pAF,9686,distributed_node_runs,869,1.10568800072123,0.579117564464271,1.82680950403004,1.35807347817595,1.79767985139534,1.01422781715067,1.40157518258035,1.10357457050086,1.92647744198997,1.48962356764647,0.869878947143006,1.91844717038439,1.28312369005733
pAF,9730,distributed_node_runs,870,1.28130416500413,1.48086740640301,1.2722193056487,1.58566860837884,1.1178286646766,1.42195792495649,1.73942026752787,1.79311257226921,1.43399439532708,1.67096614907677,1.6004844906909,0.78658968182606,1.09434293338412
pAF,9735,distributed_node_runs,871,1.18490785481863,1.21513327275719,1.57720086372599,0.909853897152742,1.87167061589477,1.25405972083656,1.27613274231302,0.560629866229192,0.810070398680069,0.889966335310959,1.90863374252468,1.52563456175301,1.01395233892687
pAF,9780,distributed_node_runs,873,0.99177241659423,0.964137623797209,1.78054986303303,1.20500058459022,1.38990230571414,1.12500273240043,1.1546134870292,0.636871497250616,1.59608614478268,0.641702541590104,1.5764656061584,0.780953129536196,1.36891281269038
pAF,9782,distributed_node_runs,874,0.596480298364269,0.583404809143759,1.72623949961362,0.50816637338803,1.87619715750945,1.80478918359983,1.19010180188062,1.12605829881814,0.689678017451006,0.65115478444924,1.5454991064496,1.14889675370174,0.545875411982734
pAF,9783,distributed_node_runs,875,0.901876414248082,1.95540382563669,0.718233719324164,1.71583224060807,1.73421189495923,0.641452311469548,1.18534820718334,1.51105524558369,1.09421879298232,1.5562126324138,0.98016333113749,0.613726399760057,0.913566839080564
pAF,9791,distributed_node_runs,876,0.984825307976893,1.33376183341739,1.83839462088845,1.40425198375715,0.969366584734327,1.54774675074668,1.78477234495066,0.661620108886547,0.762139881761122,1.27846585404495,1.4286507933978,0.915006574634933,1.72780143336042
pAF,9818,distributed_node_runs,877,0.850051654432285,1.40762170281922,0.612346857375357,0.957494184392531,0.640019136900368,1.34956879680691,0.891975147385257,0.958816100872979,0.721836645063139,1.24394918899982,1.99034929485547,1.32731766895745,0.593469145904375
pAF,9821,distributed_node_runs,878,1.02642614661253,1.24026513320091,1.24085165412075,1.92125754065212,1.37367934856595,0.777979846898413,0.724898040090954,1.59568304625757,1.73134022202021,1.22572065362423,1.34856909249346,1.06718741416417,1.06795515022096
pAF,9837,distributed_node_runs,879,0.743697233851713,1.14953108163297,1.31301203863396,1.72054198284944,0.864826265199048,0.930764021210967,1.48230795831069,1.62032361072911,1.31621661176992,1.12489233581768,0.690715603750567,0.963336357964146,1.37859805264765
pAF,9854,distributed_node_runs,880,0.905212150394513,1.61155803009375,0.992607465269153,1.45314009293319,0.931544755830852,0.92416262262087,1.15805858096842,1.75872337116094,1.05841048733717,1.9432966745907,1.62976797410219,0.551944275621521,0.507796588788616
pAF,9864,distributed_node_runs,881,0.670130104985546,1.56853711297431,1.70858614585453,1.15059982200255,0.837604206724998,0.852986113102966,0.922584434149299,0.659009631561014,0.650399945368328,0.826890816537214,1.10110113481441,1.37652504215462,1.95999067136452
pAF,9865,distributed_node_runs,882,1.09571099381385,1.3207326790428,1.81634842035262,1.96244551300986,1.33678742596824,0.986567867474853,0.513378918322266,1.2012481792732,1.08908220482673,1.99465883142776,1.97908819962926,1.28775329912343,1.09389555220319
pAF,9894,distributed_node_runs,883,0.67731703413803,0.902963048657966,0.505731250030346,0.951824694497589,0.730964937169436,0.973083407381214,0.958594186138583,1.75473617715084,1.94417196553674,0.981471408912121,1.19108622840272,1.08197761065831,1.82525234931932
pAF,9900,distributed_node_runs,884,1.0167834452967,1.41750190018376,1.76590296996445,1.10191173654081,1.28984787203983,1.43309328433403,1.45274307505289,1.81283497648313,1.46397971414882,1.30373893440862,1.11995789446344,0.861569358764698,1.98069786268009
pAF,9907,distributed_node_runs,885,1.07291353276432,0.969541054123054,1.66224641850834,0.639557866035475,1.26480683328317,1.03528274517877,1.9086191637129,1.78563711809842,1.17228196795888,1.04482365069908,0.788204317192973,0.721749234643257,1.21005151206533
pAF,9914,distributed_node_runs,886,1.03309234259906,1.53409690657015,0.746305304018334,1.10492291068515,0.569635764284538,1.11441186392559,1.17671029817049,1.95849723796728,0.894965380957791,1.85966718608211,1.19068807778788,1.60816897390371,0.705892156899984
pAF,9921,distributed_node_runs,887,1.15985501894394,1.84066549303234,1.29449588189455,1.70729928924603,1.74252384710536,1.80106878283733,1.52728403023859,0.88253552271822,0.657448296645033,1.34959276333976,0.801975738862934,0.938777268817486,1.44078825226625
pAF,9931,distributed_node_runs,888,1.43150604926551,0.876074799110586,1.90952993610543,1.51581180318974,1.7702713409086,1.10896290915749,1.62750327745679,0.842251402648432,1.27679676646838,0.937100692663582,1.94735135406052,1.94210031134157,0.643147617498286
pAF,9934,distributed_node_runs,889,0.844431823599875,1.22095813181832,1.18498782712335,0.747150118879861,1.26678712415071,0.672360942090467,0.782872766030954,1.04553731632216,0.878024631534761,0.783579188555925,0.95715908598205,1.77042983805266,1.31651269706433
pAF,9938,distributed_node_runs,890,0.95181079883786,1.40262938557542,0.65119377429527,1.43640167140703,1.33718448360874,1.34611295276532,1.2576648895363,0.917713633249702,1.31757475949484,0.675276618178093,0.780104603806982,0.598265088319166,0.819153173044652
pAF,9947,distributed_node_runs,891,1.37155050057509,1.26357818609811,1.80536464557207,0.506915140812963,1.32184546389935,1.79984828253732,0.601353285047775,1.62094199008247,1.00455536571646,1.6427752031081,1.9537263518247,1.87141259608903,1.76972578822469
pAF,9959,distributed_node_runs,892,0.869963848503959,1.45360529214853,1.31166449048918,1.16077492789824,0.99906259172866,0.944908770603064,1.26405814325686,1.64027650376402,0.779179148483189,1.80180826192311,0.541219229788984,1.7473001982568,1.69840752135313
pAF,9986,distributed_node_runs,893,1.44786372528851,1.51444627340891,1.25370074506752,1.18069769126085,0.715291130774394,1.99461226331148,1.89254997489612,1.84824734905602,1.17018553210711,1.75452119210068,0.712365002286822,1.6171975064952,0.778640355880867
pAF,9988,distributed_node_runs,894,0.906858217702947,1.29133332233237,1.17104477295696,1.58625005312003,1.29282161346503,0.682121816397399,1.78202071036382,1.41531781296638,1.1863782442752,1.52536728362625,1.57521877439238,0.883644916942829,0.742065280600516
